id,fen,moves,rating,themes,pieces
Mgguk,1r5k/p3p2p/4Nbp1/8/8/5P1P/P1Qq2P1/2R4K b - - 0 30,d2e3 c2c8 b8c8 c1c8,400,endgame mate mateIn2 sacrifice short,16
c34nW,1k6/p1r2p2/BpqRp3/1N3p2/8/2P2QP1/1P6/1K6 b - - 0 37,c6f3 d6d8 c7c8 d8c8,400,endgame mate mateIn2 operaMate short,16
liMHw,3Q2k1/pr3ppp/8/3p4/5P2/1PP1r1P1/P2KN1q1/4R3 b - - 1 37,e3e8 d8e8,400,endgame hangingPiece master mate mateIn1 oneMove,18
ngBDn,6k1/p4p1p/1p1nr2B/4p1P1/5p2/P1R5/5P1P/6K1 b - - 1 30,d6f5 c3c8 e6e8 c8e8,400,endgame master mate mateIn2 pillsburysMate short,16
pzBXs,r4Q1k/p1p3pp/4p3/8/8/1P5P/q3BRPK/8 b - - 3 31,a8f8 f2f8,400,backRankMate endgame mate mateIn1 oneMove,15
w3gJ7,r3R1k1/pp3pp1/2p4p/3p4/3P1q2/2PB2Nb/PP2QP2/6K1 b - - 8 24,a8e8 e2e8,401,endgame kingsideAttack mate mateIn1 oneMove,21
NPKNo,3k4/pp2R3/3PB3/4r1b1/2R5/2PK4/PP4P1/7r b - - 16 36,g5e7 c4c8,402,endgame master mate mateIn1 oneMove operaMate,15
NWzyK,rn1R3k/pp5p/2p2rpP/5p2/6q1/P1P5/1PB2PP1/2B2RK1 b - - 1 22,f6f8 d8f8,402,hangingPiece kingsideAttack mate mateIn1 middlegame oneMove,22
2Z0BU,4r1k1/5p2/5P2/1p4P1/7p/1pr5/3R2K1/1B6 b - - 1 44,e8e3 d2d8 e3e8 d8e8,403,endgame mate mateIn2 pillsburysMate short,12
jSm7q,1Qq1R1k1/1b3p1p/6p1/1ppr4/8/2B4P/1P3PP1/6K1 b - - 5 31,c8e8 b8e8,404,endgame hangingPiece master mate mateIn1 oneMove,17
52wd8,r5k1/ppq2p1p/2p3pB/3n4/3PQ3/P7/1P3PPP/R5K1 b - - 0 21,a8e8 e4e8,406,endgame hangingPiece kingsideAttack mate mateIn1 oneMove,20
E0HJa,2R3k1/4rppp/pp4b1/3r4/8/4P3/5PPP/R5K1 b - - 1 24,e7e8 c8e8,407,backRankMate endgame hangingPiece mate mateIn1 oneMove,16
r13KL,4qr1k/1pp3pp/1bb5/4N3/1Q2Pp2/2P2B1P/5PP1/B3R1K1 b - - 0 29,e8e5 b4f8,407,hangingPiece kingsideAttack mate mateIn1 middlegame oneMove,21
5cj3n,7R/8/8/8/r7/k1K5/8/8 b - - 47 79,a4a8 h8a8,408,endgame hangingPiece mate mateIn1 oneMove rookEndgame,4
fAZYz,r2qk2r/p2n1ppp/1pnNp3/3bP3/5Q2/1Pb2P2/P4KPP/R1B2BNR b kq - 6 13,e8f8 f4f7,409,mate mateIn1 oneMove opening,28
o8wo0,5rk1/1pp3pp/pb3R1q/8/2B3b1/2Nr1N2/PP3PPP/R5K1 b - - 0 20,g8h8 f6f8,410,backRankMate hangingPiece master mate mateIn1 middlegame oneMove,22
5PHyk,5k2/5p2/3R3p/5N2/1n6/7P/1P2r1P1/6K1 b - - 2 36,e2b2 d6d8,411,endgame mate mateIn1 oneMove,11
g7QPv,2kr1bnr/ppp2ppp/1q6/8/1Pp3B1/P7/5PPP/R1BQ1RK1 b - - 1 14,c8b8 d1d8,411,hangingPiece mate mateIn1 middlegame oneMove queensideAttack,24
n5R7t,4R1k1/5bpp/8/1Q6/1KpP1P2/P1P5/1P4q1/8 b - - 10 39,f7e8 b5e8,411,endgame mate mateIn1 oneMove,14
4PV8j,4r2k/pp4p1/2p4p/6q1/2PP1r2/3QpPP1/PPB3K1/5R2 b - - 1 27,e3e2 d3h7,413,endgame master mate mateIn1 oneMove,20
6TBfT,3R2k1/pp2r1pp/8/6N1/8/4P3/Pb4PP/6K1 b - - 1 28,e7e8 d8e8,413,endgame hangingPiece mate mateIn1 oneMove,14
8mEDw,3Q3k/p5pp/5b2/2N2p2/3P4/P3R1P1/5PKP/1q6 b - - 0 34,f6d8 e3e8,413,backRankMate endgame mate mateIn1 oneMove,16
ARlZA,rn1N2k1/p5pp/8/1p6/2b5/6P1/PB3P1P/4R1K1 b - - 1 19,c4a2 e1e8,414,endgame master mate mateIn1 oneMove,16
PadGJ,2b1R1k1/3q2r1/p1p5/2p3N1/3pQ1p1/1P1P3P/P1P5/6K1 b - - 1 35,d7e8 e4e8,414,endgame hangingPiece mate mateIn1 oneMove,18
cAm5X,8/R6p/8/1r6/2p5/k1Kb4/6PP/8 b - - 1 41,b5a5 a7a5,414,endgame hangingPiece mate mateIn1 oneMove,9
2cAVm,4R2k/p1R4p/8/P2r4/5rp1/5P1b/1P5P/6K1 b - - 1 33,f4f8 e8f8,415,endgame hangingPiece mate mateIn1 oneMove,14
YEcR1,6k1/ppq3pp/2p4r/4pp2/1P1R1NP1/2N5/P1P3P1/4Q1K1 b - - 0 27,e5d4 e1e8,416,endgame mate mateIn1 oneMove,20
xAjZA,6k1/p3pp1p/5npB/br6/8/5P2/P1R1K1PP/8 b - - 12 26,f6d5 c2c8 a5d8 c8d8,416,endgame mate mateIn2 pillsburysMate short,16
ycBHK,2rqkb1r/pp1n1ppp/4p3/2ppP3/3P4/2P1PQ2/PP4PP/RNB2RK1 b k - 2 11,f8e7 f3f7,416,attackingF2F7 mate mateIn1 middlegame oneMove,28
wUvEg,5k2/p4p2/1p2n3/2p2N2/2P1K2R/Pr6/8/8 b - - 3 41,b3a3 h4h8,417,endgame master mate mateIn1 oneMove,12
zQTLA,3b3k/1p1q2p1/7p/p1Q5/4BB2/6P1/4PPKP/3r4 b - - 5 47,a5a4 c5f8,417,endgame mate mateIn1 oneMove,16
GbYtl,4r1k1/pp3p1p/2p2ppP/6b1/2P1Q3/1NP5/PPK2PP1/3R4 b - - 0 20,e8e4 d1d8 e4e8 d8e8,419,endgame kingsideAttack mate mateIn2 short,21
oJg0F,5rk1/1b4pp/p7/8/1QPpq3/1B4P1/PP4PK/8 b - - 1 34,g8h8 b4f8,419,endgame hangingPiece mate mateIn1 oneMove,16
mTL4Q,1k1r3r/1Pp2ppp/1b6/1P6/6b1/1Pq1P1P1/5PBP/R4RK1 b - - 0 24,c3b3 a1a8,420,mate mateIn1 middlegame oneMove,21
KUJ4Z,r1b1r1k1/pp3ppp/8/2p5/8/8/PPP1QPPP/2KR3R b - - 0 16,e8e2 d1d8 e2e8 d8e8,421,backRankMate endgame mate mateIn2 short,20
Y3Q2D,5Q1k/p2n2pp/2p5/1p6/3P3P/1rP5/P5q1/K2R1R2 b - - 0 25,d7f8 f1f8,421,backRankMate endgame mate mateIn1 oneMove,17
ZXher,r1brQ1k1/1pp2ppp/pb6/3q4/1P6/P4N1P/1B3PP1/R3R1K1 b - - 1 20,d8e8 e1e8,421,kingsideAttack mate mateIn1 middlegame oneMove,23
1neAu,2Q4k/3r2pp/8/5p2/3bpP2/Pp2P1P1/1B3K1P/3r4 b - - 1 30,d7d8 c8d8,422,backRankMate endgame hangingPiece mate mateIn1 oneMove,17
d0rkM,6k1/1p2rp2/7K/3R4/Pr6/6P1/2P2n1P/8 b - - 0 31,b4a4 d5d8 e7e8 d8e8,422,endgame mate mateIn2 short,12
tLVuF,6k1/5pp1/p6p/3pq3/1Pb5/P3Q2P/5PP1/1B4K1 b - - 1 35,e5a1 e3e8,422,endgame mate mateIn1 oneMove,16
D58I8,r3r1k1/p1p2pp1/2pp3p/8/1PP1P3/P1QP1pPb/qB3K1P/3R4 b - - 3 18,d6d5 c3g7,423,kingsideAttack mate mateIn1 middlegame oneMove,24
BYWsV,2k2br1/pppN1p2/3p2q1/3Pn1p1/5P2/8/PP2Q1PP/R4RK1 b - - 0 21,e5d7 e2e8,425,mate mateIn1 middlegame oneMove,22
JwpW8,r1b1nbk1/pp3p1p/2p3p1/3q4/2B2Q1P/6P1/PBPP1P2/5RK1 b - - 1 20,d5c5 f4f7,425,kingsideAttack mate mateIn1 middlegame oneMove,23
leBYF,r2Q2k1/pp3ppp/2p3q1/8/2P5/1P2PPN1/Pb5P/3R2K1 b - - 1 23,a8d8 d1d8,425,backRankMate endgame mate mateIn1 oneMove,20
tsg1W,1r2r1k1/p1p2ppp/2Q5/3p4/6Pq/4nP2/PPPKN2P/4R2R b - - 4 18,b8b2 c6e8,425,hangingPiece kingsideAttack mate mateIn1 middlegame oneMove,22
vxqeh,4kb1r/1p3ppp/p3pB2/1Np2b2/2P5/8/PP2BPPP/3R2K1 b k - 0 15,a6b5 d1d8,425,endgame mate mateIn1 oneMove operaMate,22
8eOV9,2rq1rk1/3nnppp/p3N1b1/1pbp4/4p1P1/PPQ1P2P/1BP2P2/1NKR1B1R b - - 5 16,f7e6 c3g7,426,kingsideAttack mate mateIn1 middlegame oneMove,30
JRWT9,2b3k1/r3nppp/p1nRp3/1p2N3/1P2P3/PBN5/5PPP/6K1 b - - 2 18,c6e5 d6d8,426,backRankMate mate mateIn1 middlegame oneMove,22
YY8hi,5k2/2R5/5K2/1N1r4/8/P1p5/8/8 b - - 2 61,d5b5 c7c8,426,endgame mate mateIn1 oneMove rookEndgame,7
zP3hX,1nk5/bp2r3/2p1q1p1/Q4p1p/P1N1pP1P/2P3B1/5PK1/3R4 b - - 1 27,e6c4 a5d8,426,mate mateIn1 middlegame oneMove,21
5EUm6,r2br1k1/1p3ppp/2p1b3/2P2P2/1p6/P2B2B1/6PP/3RR1K1 b - - 0 23,e6d5 e1e8,428,backRankMate hangingPiece mate mateIn1 middlegame oneMove,21
Bz8fh,r6r/b1pq1pk1/p1np1P2/1p1Bp3/4P2Q/3P4/PPP3PP/R4R1K b - - 0 21,g7f8 h4h8,428,hangingPiece mate mateIn1 middlegame oneMove,25
v5SoY,2b1k2r/1p3pp1/p3B3/4P1Bp/1P5P/P7/5P2/3R2K1 b k - 0 29,c8e6 d1d8,428,endgame master mate mateIn1 oneMove operaMate,17
Bjrlp,6k1/5ppp/p4r2/2N5/2P3K1/1P1R2P1/7r/6B1 b - - 6 34,h2e2 d3d8 e2e8 d8e8,429,backRankMate endgame mate mateIn2 short,14
MGjER,r1b1r1k1/ppp2ppp/5q2/1Q6/8/2b1B3/P1P1KPPP/1R3B1R b - - 7 15,a7a6 b5e8,429,hangingPiece kingsideAttack mate mateIn1 middlegame oneMove,23
nUCgB,r1bb3k/ppp3pp/8/4P3/8/1BN2R2/PPn3PP/6K1 b - - 1 18,c2d4 f3f8,429,backRankMate mate mateIn1 middlegame oneMove,19
wr9DD,rn3r1k/1p4pp/p7/6P1/8/5Q2/P4P1P/3R1K1R b - - 0 22,f8f3 d1d8 f3f8 d8f8,429,backRankMate endgame mate mateIn2 short,16
iYi7f,r2q3k/4p1b1/p2pB1PR/1p4Q1/4P3/P1N5/1PP2r2/2KR4 b - - 0 21,g7h6 g5h6,430,mate mateIn1 middlegame oneMove,20
fPfcC,r4r1k/pbb1n1p1/1pn1B3/2p2P2/3q4/2NpB2Q/PPP3PP/R4RK1 b - - 2 17,d4h4 h3h4,431,hangingPiece mate mateIn1 middlegame oneMove,26
6n1Nt,2rq1rk1/1p2bpp1/p1b1p2p/2PpB3/1P2n3/P1NQP1P1/2B2P1P/R3K2R b KQ - 6 18,e4c3 d3h7,432,mate mateIn1 middlegame oneMove,28
DW6hD,7k/p5R1/1p2NN1p/3p4/P1nP4/5PK1/b3r1PP/8 b - - 0 38,e2e6 g7h7,432,arabianMate endgame mate mateIn1 oneMove,17
T5fFf,1r4k1/5ppp/4p3/8/5N2/1Q4PP/PPR2P1K/3q4 b - - 6 36,b8b3 c2c8 d1d8 c8d8,432,backRankMate endgame mate mateIn2 short,16
hxBIV,k3r3/pp4pp/2rB1n2/8/2R5/P3PP2/5KPP/2R5 b - - 0 27,c6d6 c4c8 e8c8 c1c8,432,backRankMate endgame mate mateIn2 short,17
sggKC,5r1k/pr1b2pp/3Q1b2/3p1pq1/3B4/8/P2N1PPP/R4RK1 b - - 5 26,f6d4 d6f8,434,hangingPiece kingsideAttack mate mateIn1 middlegame oneMove,21
fbwYE,2kr1bnr/ppp1p3/5p2/3P3p/3P2q1/5NB1/PP1NKPP1/2Q4R b - - 0 16,d8d5 c1c7,435,mate mateIn1 middlegame oneMove queensideAttack,24
laF3t,4r1k1/p5pp/b1p3r1/3Q2N1/7q/2P1R3/P1P2PPP/R5K1 b - - 1 20,c6d5 e3e8,435,hangingPiece mate mateIn1 middlegame oneMove,20
J59WL,2r2Q1k/6pp/2b1p3/8/2P1n1r1/2N5/P6P/3R1R1K b - - 2 25,c8f8 f1f8,436,backRankMate mate mateIn1 middlegame oneMove,16
etnUc,2qnR1k1/5pp1/1p1p1n1p/3P4/1PP3P1/4Q2P/2B3K1/8 b - - 8 38,f6e8 e3e8,436,endgame master mate mateIn1 oneMove,18
SK2SK,2r4k/p4pp1/1p3N1p/3p2n1/1P4Q1/P5P1/1B2qP1P/5RK1 b - - 1 22,e2b2 g4c8,437,endgame hangingPiece mate mateIn1 oneMove,20
rl78z,2r2r1k/p2q2p1/Pp2N2p/3PQ3/4P3/n1p1pPP1/4B2P/2K4R b - - 3 36,d7a4 e5g7,437,kingsideAttack master mate mateIn1 middlegame oneMove,22
0URgB,3r3k/pq4pp/4Qr2/3R4/2p1p3/8/P1P2PPP/3R2K1 b - - 0 30,f6e6 d5d8 e6e8 d8e8,438,backRankMate endgame hangingPiece mate mateIn2 queenRookEndgame short,18
3eQ8B,r5k1/1ppbn1pp/3p4/p6q/2PPPQ2/1P5P/P4RP1/5RK1 b - - 0 23,h5g6 f4f8 a8f8 f2f8,438,kingsideAttack mate mateIn2 middlegame sacrifice short,22
hgHrj,r4r1k/pp1nq1B1/3p2Q1/4p3/8/P4P2/4KP1P/6R1 b - - 2 29,e7g7 g6g7,438,endgame master mate mateIn1 oneMove,17
LUUUg,R6k/6pp/5p2/1p1rn3/3P4/4P1P1/5P1P/6K1 b - - 1 30,d5d8 a8d8,440,backRankMate endgame hangingPiece mate mateIn1 oneMove,14
BHZin,4r2k/p4Rn1/1p2BNpp/1b6/8/8/PP3PPP/6K1 b - - 6 25,e8e6 f7f8,441,endgame mate mateIn1 oneMove,17
Sj7Fk,r2qk2r/pp1n1ppp/4p3/2ppP3/1bPP4/2NBPQ1P/PP4P1/R4RK1 b kq - 1 12,c5d4 f3f7,441,attackingF2F7 mate mateIn1 middlegame oneMove,28
mH6lX,2R3k1/p6r/3pP1q1/1r3P1p/3B4/7P/P5P1/6K1 b - - 1 35,g6e8 c8e8,441,endgame hangingPiece master mate mateIn1 oneMove pillsburysMate,15
GIGT6,r5k1/2q2ppp/2p2r2/p6b/2B3NP/4Q3/5PP1/R3R1K1 b - - 1 25,h5g4 e3e8 a8e8 e1e8,442,mate mateIn2 middlegame sacrifice short,19
S8pw0,8/8/pp1b4/6k1/2PN1p2/1P2pP2/P3K3/8 b - - 17 55,g5h4 d4f5 h4g5 f5d6,442,crushing endgame fork short,12
siD8y,8/p5rp/1p6/5R2/1P5k/P4KP1/8/8 b - - 0 44,h4h3 f5h5,442,endgame mate mateIn1 oneMove rookEndgame,10
9jlec,2r1rbk1/4nppp/3p4/qp1Pp3/p3Q1P1/2PBBP2/PP5P/2KR3R b - - 1 21,b5b4 e4h7,443,kingsideAttack mate mateIn1 middlegame oneMove,26
KjfL5,6k1/2p3rp/pp1p3B/8/8/1P3R1K/P7/6r1 b - - 1 46,g7g6 f3f8,443,endgame mate mateIn1 oneMove operaMate,13
jgO8X,6k1/5pp1/1B6/2p3p1/2PnB1P1/4bP1P/r7/3R3K b - - 3 32,d4e2 d1d8,443,endgame master mate mateIn1 oneMove pillsburysMate,16
JDnsw,5r1k/p1p3pp/8/4q3/1Q2p3/2P1p2P/PP4P1/3r2NK b - - 1 26,e3e2 b4f8,444,endgame hangingPiece mate mateIn1 oneMove,18
SJDrS,3Rr1k1/1p3pp1/p6p/8/8/P1Q3PK/4pr1P/B7 b - - 1 31,e8d8 c3g7,444,endgame mate mateIn1 oneMove,16
h9Whu,1kr5/pp6/2q2p2/2P1p1pp/3r4/1Q1PR2P/6P1/1R5K b - - 3 30,c6c5 b3b7,444,endgame mate mateIn1 oneMove,18
f8np6,r1b1k2r/pp3ppp/8/2n3B1/2PR4/1P6/1P3PPP/4KB1R b Kkq - 0 15,c5b3 d4d8,445,mate mateIn1 middlegame oneMove operaMate,21
kfUcX,1r5k/2p3pp/3p1q2/8/2Bn1P2/3K2P1/7P/1R2R3 b - - 7 28,b8b1 e1e8 f6f8 e8f8,445,backRankMate endgame mate mateIn2 short,15
qoeTU,1k1r4/pp1nrppp/3p4/3P4/1PR2PBP/P7/5K2/2R5 b - - 2 29,d7f6 c4c8 d8c8 c1c8,445,endgame mate mateIn2 operaMate queensideAttack short,19
xnoxm,6k1/5p1p/2rpb2B/pp6/6RP/2P1R3/PP4P1/2K5 b - - 1 30,e6g4 e3e8,445,endgame mate mateIn1 oneMove pillsburysMate,17
XjdJq,2brQ1k1/2q2pp1/p2p3p/3P4/1p6/8/1PB2PPP/1R2R1K1 b - - 4 24,d8e8 e1e8,446,endgame mate mateIn1 oneMove pillsburysMate,20
8ORd3,r4Q1k/6pp/4p3/1P2q3/8/6P1/5R1P/1R4K1 b - - 2 25,a8f8 f2f8,447,backRankMate endgame mate mateIn1 oneMove queenRookEndgame,13
pmrmh,4r1k1/ppp2ppp/3pbq2/8/2P2Bn1/6P1/PP2Q3/2RK2R1 b - - 2 21,e6f5 e2e8,448,hangingPiece kingsideAttack mate mateIn1 middlegame oneMove,21
gvp3e,r1b1r1k1/2p2pR1/p1p4p/3p1q1n/1b6/1P1PPN1P/PBPNKP2/R5Q1 b - - 0 18,h5g7 g1g7,449,kingsideAttack mate mateIn1 middlegame oneMove,27
oYXiO,r1b4k/1p4p1/2p2r1p/p7/5P1P/P3b1P1/2B3K1/4R3 b - - 1 29,e3d2 e1e8 f6f8 e8f8,449,endgame mate mateIn2 pillsburysMate short,17
DvnAZ,7k/pp4pp/2nb4/2p5/3p2P1/1P1BrR1P/PBP3P1/6K1 b - - 3 24,e3e7 f3f8,451,endgame mate mateIn1 oneMove,20
bCqUf,3qk2r/1p1nbppp/2p1p3/r2pPb2/P2P1Q2/2P4N/4B2P/RN3RK1 b k - 2 18,f5h3 f4f7,451,attackingF2F7 mate mateIn1 middlegame oneMove,26
ihzcs,6k1/ppR2ppp/5b2/8/4rB2/6P1/PP3PKP/R2r4 b - - 1 25,d1a1 c7c8 f6d8 c8d8 e4e8 d8e8,451,backRankMate endgame long mate mateIn3,18
s9WEI,6k1/1p3pp1/p2p1n1p/8/1P3p2/Pq3P1P/6PK/1BQ5 b - - 2 32,b7b5 c1c8 f6e8 c8e8,451,endgame mate mateIn2 short,18
0bG3Z,r1n1kb1r/p2q2pb/2pp3p/4N3/B7/2N5/PPPQ1PPP/2KR3R b kq - 0 15,d6e5 d2d7,452,mate mateIn1 middlegame oneMove,25
crWmu,5r1k/2q4p/1p1r2p1/p1pBbp2/3pP3/P4Q1P/1PP2PP1/3R1R1K b - - 1 31,f5e4 f3f8,452,hangingPiece kingsideAttack mate mateIn1 middlegame oneMove,24
Qddat,r1bq1r1k/1pn1bpp1/p2ppn1p/2p5/2P1PP2/PP1P1NQ1/1B4PP/RN1B1RK1 b - - 0 14,f6d7 g3g7,453,kingsideAttack mate mateIn1 middlegame oneMove,32
jNjSQ,8/8/7P/5p2/K3p3/4k3/8/8 b - - 0 43,e3f3 h6h7 e4e3 h7h8q,453,advancedPawn crushing endgame pawnEndgame promotion short,5
2KqVU,r2q2k1/pbp2rpp/1pn1p1P1/5p2/3PpP2/BP3N1Q/P1P4P/R4RK1 b - - 0 18,f7f6 h3h7,454,kingsideAttack mate mateIn1 middlegame oneMove,27
tmIKI,4r1k1/1p3ppp/4p3/bQp5/5P2/2P1K3/r4PPP/1R6 b - - 2 24,a5c3 b5e8,454,endgame hangingPiece mate mateIn1 oneMove,18
7KnE5,r1bq1rk1/pppp1ppp/5b2/8/8/4R3/PPPPQPPP/RNB3K1 b - - 4 11,f8e8 e3e8 d8e8 e2e8,455,fork mate mateIn2 middlegame short,26
IF05T,b1r2Q1k/6pp/3p4/1p1Pp3/1q2P3/1B6/2P3PP/5R1K b - - 2 26,c8f8 f1f8,455,backRankMate endgame mate mateIn1 oneMove,18
4B9rU,2r1k2r/p2n1ppp/1p6/4p3/1B2P3/P6P/5PP1/2R2RK1 b k - 1 20,a7a5 c1c8,456,endgame hangingPiece mate mateIn1 oneMove pillsburysMate,19
EsWXz,4qR1k/6pp/1p5r/2p5/1pPP4/3BP2P/PP4P1/2K2R2 b - - 1 29,e8f8 f1f8,456,endgame hangingPiece mate mateIn1 oneMove,19
p1exa,r1b3k1/1pq2ppp/p1n5/3p4/5P2/PN6/1bP3PP/R1B1QRK1 b - - 1 19,b2a1 e1e8,456,mate mateIn1 middlegame oneMove,23
0xOUn,rR4k1/5pp1/p2P3p/4P3/4BP2/2r5/3p3P/1R4K1 b - - 1 31,a8b8 b1b8 c3c8 b8c8,457,endgame master mate mateIn2 pillsburysMate short,16
IScWN,r5k1/5bp1/p1n1r3/1pBp2p1/3P4/2PB1R2/P6P/5R1K b - - 4 27,f7h5 f3f8 a8f8 f1f8,457,mate mateIn2 middlegame short,19
kR1wg,5k2/2r4p/R1p2K2/8/8/8/P1b5/8 b - - 7 42,c2b1 a6a8 c7c8 a8c8,458,endgame mate mateIn2 short,8
3ZljU,rb3rk1/1p2nppp/p7/3pn1Nq/8/N1P1B1P1/PPQ2PK1/R4R2 b - - 1 21,h7h6 c2h7,460,master mate mateIn1 middlegame oneMove,25
FW5yg,3rRk2/5ppn/3r3p/p1pP1P2/BpP2KP1/7P/P7/4R3 b - - 2 33,d8e8 e1e8,460,endgame mate mateIn1 oneMove operaMate,20
fvZaE,5r1k/pb1p4/3p2Qp/1p1Pq3/2P5/4P1R1/PP4PP/6K1 b - - 2 25,e5g7 g6g7,461,endgame mate mateIn1 oneMove,19
9H3KC,r6k/pp4pp/3p4/2p1nR2/3pP3/3P4/PPPN2PP/6K1 b - - 0 20,a8f8 f5f8,462,backRankMate endgame hangingPiece mate mateIn1 oneMove,20
9Ph1U,R7/5Np1/4p1pk/4P3/1nr5/7P/8/6K1 b - - 5 43,h6h5 a8h8,464,endgame master mate mateIn1 oneMove,11
aAMiE,2k5/pppb2q1/8/8/7p/4p2P/2P1N1P1/3RKR2 b - - 3 38,g7g2 f1f8 d7e8 f8e8,464,endgame mate mateIn2 short,15
alUn6,6k1/p4ppp/1p2r2P/2p3P1/5K2/r7/8/B2R4 b - - 1 38,a3a1 d1d8 e6e8 d8e8,464,endgame mate mateIn2 rookEndgame short,14
tNciU,r1b2rk1/pp4pp/3Qp3/4P1q1/P1B1p3/8/1P3PPP/2R2RK1 b - - 2 17,g8h8 d6f8,464,hangingPiece kingsideAttack mate mateIn1 middlegame oneMove,22
FEyhE,r4rk1/pp1qbppp/2p1b3/3n4/3PQP2/P2B1N2/1PP2BPP/2K1R2R b - - 2 15,e7a3 e4h7,465,kingsideAttack mate mateIn1 middlegame oneMove,27
TIUAO,rn2k2r/ppq1pp2/2p2p2/7b/3N3P/2P1Q3/PP3P2/2K1RB1R b kq - 1 16,b8d7 e3e7,465,mate mateIn1 middlegame oneMove,23
X2DDf,2R3k1/3r1ppp/p2Nb3/1p1pPp2/3P4/P3K3/1P4PP/8 b - - 2 28,d7d8 c8d8,465,endgame hangingPiece mate mateIn1 oneMove,19
H6UZz,rnbq1rk1/6pp/p3Np2/1p2N3/3P2Q1/8/PP3PPP/R4RK1 b - - 0 17,f6e5 g4g7,466,kingsideAttack mate mateIn1 middlegame oneMove,23
hDHnU,6k1/pR3p1p/6p1/2p5/7P/2B5/qPP2PPK/3r4 b - - 2 24,a2b1 b7b8 d1d8 b8d8,466,endgame mate mateIn2 pillsburysMate short,16
oPl8u,3rQk2/2q3p1/2pN1b1p/8/2Pp4/P2P2P1/5P1P/4R1K1 b - - 1 36,d8e8 e1e8,466,endgame mate mateIn1 oneMove,18
sPjsg,1k6/ppp4p/2n5/5B2/6p1/PPr5/2P2KPP/4R3 b - - 1 27,c6d4 e1e8,466,backRankMate endgame master mate mateIn1 oneMove,16
bQhmr,6k1/pp3ppp/2p3r1/8/2PQ4/P7/1P2qP1K/8 b - - 6 41,e2e1 d4d8 e1e8 d8e8,467,endgame mate mateIn2 short,15
kUzpS,6k1/pp3ppp/8/3pq3/4R3/1Pr4P/P1PQ1PP1/6K1 b - - 0 22,d5e4 d2d8 e5e8 d8e8,467,endgame mate mateIn2 short,18
BJE8r,1n1r2k1/5ppp/8/p7/P7/7P/5PP1/2R3K1 b - - 0 26,d8d4 c1c8 d4d8 c8d8,468,backRankMate endgame fork mate mateIn2 short,13
CJZb3,r2qkb1r/pppb1ppp/3P1n2/4p1N1/2Q5/8/PPPP1PPP/RNB1K2R b KQkq - 0 8,f8d6 c4f7,468,attackingF2F7 mate mateIn1 oneMove opening,29
I7JQj,3b1r1k/2p3p1/1p1pq2p/1P3p2/8/2Q1P3/5PPP/B1R3K1 b - - 1 29,h8h7 c3g7,468,endgame master mate mateIn1 oneMove,19
Yx5DG,4rk1b/R6p/3BR3/6p1/3p1p2/3K3P/Pr3PP1/8 b - - 11 41,f8g8 e6e8,468,endgame hangingPiece mate mateIn1 oneMove,16
kIQPu,3rr1k1/pbp2ppp/2p5/8/2P5/5B2/P1P2PPP/R3R1K1 b - - 0 16,d8d2 e1e8,468,backRankMate endgame hangingPiece mate mateIn1 oneMove,20
6TJwr,2r2Q1k/4p2p/p2p2pB/1p6/4P3/1P1P2NP/qbP3P1/5R1K b - - 0 28,c8f8 f1f8,469,endgame kingsideAttack mate mateIn1 oneMove pillsburysMate,21
Czhf3,2rr2k1/4bppp/2q1p3/3nB2P/p2PN1Q1/1pP5/1P3PP1/2R1R1K1 b - - 1 24,f7f5 g4g7,469,kingsideAttack mate mateIn1 middlegame oneMove,24
LTR3z,rnbqkb1r/pppnp2p/6p1/3p1PPQ/8/8/PPPPBP1P/RNB1K1NR b KQkq - 1 6,g6h5 e2h5,469,bodenMate mate mateIn1 oneMove opening,31
QKhyI,2k5/1pp2p2/p1qb1B1p/4p3/7p/2N4P/PPP2PP1/3R2K1 b - - 1 21,d6b4 d1d8,469,endgame mate mateIn1 oneMove operaMate,20
x3r9s,r2q1rk1/ppp1bppp/2np1n2/4p1N1/2P5/P1N1P3/1PQPKPPP/R1B4R b - - 0 9,f6g4 c2h7,469,kingsideAttack mate mateIn1 middlegame oneMove,30
TNTAS,5k2/8/p2R1K2/1p4pp/4P3/1P6/1Pr3PP/8 b - - 4 42,c2g2 d6d8,470,endgame mate mateIn1 oneMove rookEndgame,13
UqtMS,r2q1rk1/pp3pp1/2p1pb1p/3nB3/3PQ1P1/2PB4/P1P4P/4RRK1 b - - 4 18,f6e5 e4h7,470,mate mateIn1 middlegame oneMove,25
btM8X,r2Q2k1/pp3r1p/2p3qB/4p2p/1PP1Pp2/2N4b/P4PPP/3RR1K1 b - - 2 20,a8d8 d1d8 f7f8 d8f8,470,kingsideAttack mate mateIn2 middlegame operaMate short,25
vtYvw,6k1/1p4rp/1p6/3q1p2/P3n3/5R2/7P/4QR1K b - - 5 33,e4d2 e1e8,470,endgame master mate mateIn1 oneMove,14
15Fdq,1k4r1/ppp1n3/7r/3P4/5p2/8/PBP1RKP1/4R3 b - - 0 28,e7d5 e2e8 g8e8 e1e8,471,backRankMate endgame mate mateIn2 short,16
8S9Vx,r3Q1k1/1pqn1p1p/p2p2pB/2pP4/P2b1P2/3B3P/2P3P1/4R2K b - - 4 20,a8e8 e1e8 d7f8 e8f8,471,kingsideAttack mate mateIn2 middlegame operaMate short,23
2S9Sl,5k1r/ppq2ppp/8/1B6/4Q1n1/1PP1bN2/P7/R4K2 b - - 3 24,h7h5 e4e8,472,mate mateIn1 middlegame oneMove,18
K08D4,r3k1r1/pp2bp2/5p1p/2pp3b/3P4/1BP2NPq/PP2QP2/R3R1K1 b q - 0 17,h5f3 e2e7,472,mate mateIn1 middlegame oneMove,25
WwD2e,r4rk1/1p2b1pp/p1pp4/3P4/2PQ4/1P2P1Pq/PB2Nn1P/R5KR b - - 1 17,f2h1 d4g7,472,kingsideAttack mate mateIn1 middlegame oneMove,25
nfG8Q,2rqk2r/1b3pp1/p3p3/1pnpP3/5Q2/2P4P/PP1N2P1/1BR2RK1 b k - 0 19,h8h4 f4f7,472,attackingF2F7 mate mateIn1 middlegame oneMove,24
EDDwe,2k3r1/ppp5/2q5/5B2/3Q4/2P5/PP3PrP/3R3K b - - 2 32,c8b8 d4d8 g8d8 d1d8,473,backRankMate endgame mate mateIn2 sacrifice short,16
RipMC,Q4r1k/6pp/1p6/p3PR2/q2P4/2P5/1P5P/5RK1 b - - 0 27,f8a8 f5f8 a8f8 f1f8,473,backRankMate endgame mate mateIn2 queenRookEndgame short,16
TUNXD,2qR2k1/6r1/2p1p1P1/2n1Np2/1p3P1P/pP6/P7/1K1Q4 b - - 1 41,c8d8 d1d8,473,endgame hangingPiece mate mateIn1 oneMove,18
qex8G,rk2Qr2/ppp4p/8/2q3b1/3R4/N1P5/PP4PP/4R1K1 b - - 4 22,f8e8 e1e8 g5d8 e8d8,473,backRankMate mate mateIn2 middlegame short,19
UIO6g,2r3k1/rN2R1p1/8/6Np/p6P/PnPb4/8/3K3R b - - 0 33,c8c3 e7e8,474,master mate mateIn1 middlegame oneMove,16
VPTmV,r4rk1/5p2/1p4R1/p1pP4/8/2q5/6QP/6RK b - - 0 35,f7g6 g2g6 c3g7 g6g7,474,endgame mate mateIn2 short,14
hDlaJ,rnb2rk1/pp1p1ppp/4p3/2pP2B1/2P1Q3/3BP3/qb3PPP/1R1K2NR b - - 2 11,b8a6 e4h7,474,kingsideAttack mate mateIn1 middlegame oneMove,28
xniwu,3r2k1/2q2pp1/p4b1p/1pp5/8/2P3P1/PP2QP1P/1B2R1K1 b - - 2 31,c5c4 e2e8 d8e8 e1e8,474,endgame kingsideAttack mate mateIn2 pillsburysMate sacrifice short,20
IsQh5,3r1r2/pp2q1pk/5N1p/2p1b3/2P5/1P4P1/P3nP1P/1Q3R1K b - - 1 25,h7h8 b1h7,475,mate mateIn1 middlegame oneMove,21
ueaae,r2r2k1/p5pp/1p2p3/2pnN3/2P2P2/P3B3/3R2PP/3R2K1 b - - 0 23,d5e3 d2d8 a8d8 d1d8,475,endgame mate mateIn2 short,20
uEQpt,1k6/5R2/1K6/2P5/5p1r/8/8/8 b - - 9 55,h4h1 f7f8,476,endgame master mate mateIn1 oneMove rookEndgame,6
LVwEr,r5k1/3Rpp1p/p4Pp1/1p4b1/4N1P1/3R4/P3p1PK/2r5 b - - 0 30,e2e1q d7d8 a8d8 d3d8,477,mate mateIn2 middlegame short,19
glZ7X,1R6/2p2kpp/2b5/2Bp1P2/8/2P3P1/2r4P/6K1 b - - 0 37,c2c3 b8f8,477,endgame mate mateIn1 oneMove operaMate,14
oskez,rnb2rk1/5ppp/p3pq2/1p6/3PQ3/3B1N2/PP3PPP/R4RK1 b - - 1 15,a8a7 e4h7,477,kingsideAttack mate mateIn1 middlegame oneMove,24
hJYre,1qQ1k3/pp1n1p2/4pn2/3p2N1/1B1PP3/P6B/1P3rPr/2R3K1 b - - 1 25,b8c8 c1c8,478,mate mateIn1 middlegame oneMove pillsburysMate,22
pIIrj,r2qkb1r/1p1n1pp1/2p1p2p/p3N2P/3P1Q2/6N1/PPP2PP1/2KR3R b kq - 0 15,f8e7 f4f7,478,attackingF2F7 mate mateIn1 middlegame oneMove,26
kRXUl,r1b2rBk/1ppnq1p1/p3p2p/3pP1N1/3P2pP/2P5/PPQ2P2/R3K2R b KQ - 5 17,h8g8 c2h7,479,mate mateIn1 middlegame oneMove,27
A8cmA,R5k1/5p2/7p/p4K2/1b1B4/8/5PrP/8 b - - 1 40,g8h7 a8h8,480,endgame master mate mateIn1 oneMove operaMate,11
I1SVA,r1bq1rk1/p1p2ppp/2pp4/8/1b1QP3/5N2/PB3PPP/R4RK1 b - - 1 12,b4c5 d4g7,480,kingsideAttack mate mateIn1 middlegame oneMove,24
2uyVT,rn2k2r/ppq1ppb1/1n1p2p1/6Bp/3P2bP/2PB1N2/PP1NQPP1/R3K2R b KQkq - 5 11,b8d7 e2e7,481,mate mateIn1 middlegame oneMove,30
A7PrR,1r2B2k/2p2rpp/3p2q1/8/QP2n3/5pPP/Pb3P2/2B2RK1 b - - 1 28,b8e8 a4e8 f7f8 e8f8,481,hangingPiece kingsideAttack mate mateIn2 middlegame short,21
E7R3Q,r2q1rk1/ppp2ppp/1b6/3P4/1n2PPbN/2Q3P1/PB2N1BP/R4K2 b - - 2 19,a7a5 c3g7,481,kingsideAttack mate mateIn1 middlegame oneMove,26
EqIIh,r3br1k/6p1/3Q2Pp/p1pPp1bP/1p2Pp2/1P3P2/q1P1N3/1NKRB3 b - - 0 28,a5a4 d6f8,481,hangingPiece kingsideAttack mate mateIn1 middlegame oneMove,26
re37K,6k1/5pp1/4p2p/p1rp4/P7/3B3P/r4PP1/1R4K1 b - - 1 30,a2a4 b1b8 c5c8 b8c8,481,endgame mate mateIn2 pillsburysMate short,16
g7XHI,r3Q1k1/pp3ppp/1bp5/2N2q2/2P5/7P/PP3PP1/4R1K1 b - - 4 26,a8e8 e1e8,482,backRankMate endgame mate mateIn1 oneMove,20
2p0oW,3r3k/p4p1p/1p3Pp1/2p5/7P/1P2Q1P1/P3RK2/2q5 b - - 4 45,c1h1 e3e8 d8e8 e2e8,483,endgame mate mateIn2 sacrifice short,17
Kqw0T,2r1R1k1/3Q1p1p/p5pP/1p6/8/8/P1qB1PP1/6K1 b - - 8 34,c8e8 d7e8,483,endgame mate mateIn1 oneMove,16
FokQF,r1b2rk1/1p3ppp/p1nbp3/8/1qPP4/1N1Q1N2/P3nPPP/1B3R1K b - - 1 18,e2f4 d3h7,484,kingsideAttack mate mateIn1 middlegame oneMove,26
eyuMf,Q6k/3q1rpp/8/4p2P/p7/P2N2b1/2P3K1/8 b - - 1 36,f7f8 a8f8,484,endgame hangingPiece mate mateIn1 oneMove,14
32sUU,k4R2/1p6/pBp1q3/8/1P5b/P7/7P/7K b - - 0 39,e6c8 f8c8,485,endgame hangingPiece mate mateIn1 oneMove pillsburysMate,12
S8AV5,3r2k1/5ppp/6nq/1B2p3/4P2P/1bP1N3/1P1R1PP1/2K5 b - - 0 26,g6f4 d2d8,485,backRankMate hangingPiece mate mateIn1 middlegame oneMove,19
DIvgz,r2q3k/ppp2B1p/2np1Bb1/2b1p3/8/3P1Q1P/PPP2PP1/R4RK1 b - - 0 17,d8f6 f3f6,486,hangingPiece kingsideAttack mate mateIn1 middlegame oneMove,25
73KWo,2k1rb1r/pbpp4/1p6/5Np1/4n1P1/2PB2Pp/PPP4B/R3R1K1 b - - 4 24,e4d2 e1e8,487,backRankMate hangingPiece mate mateIn1 middlegame oneMove,24
YYFG9,2r3k1/1pp2pp1/p1n1r2p/2P4q/1P1p4/P3NPQP/1B3R2/R5K1 b - - 0 26,d4e3 g3g7,487,kingsideAttack mate mateIn1 middlegame oneMove,23
uGXCb,r1bq1rk1/pp1p1pp1/2n1p2p/2b1P3/2n4P/P1N2N2/1PQB1PP1/RB2K2R b KQ - 1 14,c4d2 c2h7,487,mate mateIn1 oneMove opening,29
K8UHH,8/8/p5r1/1p1pk1p1/1P3PR1/P2K4/8/8 b - - 0 52,e5f5 g4g5 g6g5 f4g5,488,crushing endgame rookEndgame short,11
TAz5O,2r2k2/5pp1/7p/R4N2/1r3PK1/8/8/8 b - - 6 42,c8c4 a5a8 b4b8 a8b8 c4c8 b8c8,488,endgame long mate mateIn3,10
lHkGr,3r1r1k/p4PpQ/bp3b2/3pqP2/3p2P1/1B1P2R1/PPP4P/R1BK4 b - - 0 22,h8h7 g3h3 f6h4 h3h4,488,mate mateIn2 middlegame short,25
BEHLs,rn1qr1k1/1b1p1p1p/p4QpB/1ppP4/8/2P2NP1/P1P2PBP/R3R1K1 b - - 0 15,d8f6 e1e8,489,hangingPiece kingsideAttack mate mateIn1 middlegame oneMove pillsburysMate,27
N8zhh,r5k1/p4Qpp/1n6/4P3/2p5/8/Pq4PP/5R1K b - - 0 25,g8h8 f7f8 a8f8 f1f8,489,backRankMate endgame mate mateIn2 sacrifice short,15
V73mG,5rk1/5pp1/7p/2b1NN1n/3pP1Q1/p1q2P1P/6P1/5RK1 b - - 5 34,h5f6 g4g7,489,mate mateIn1 middlegame oneMove,19
lFdGd,3q1rk1/p1r2ppp/4pb2/3n4/3PQ2P/2NB1P2/PP3P2/3RK2R b K - 4 17,d5c3 e4h7,489,kingsideAttack mate mateIn1 middlegame oneMove,23
4aIv9,rn1qk1nr/p4pb1/1pp1p2p/3pN1p1/2PPB3/BP2PQ2/P4PPP/R3K2R b KQkq - 1 12,d5e4 f3f7,490,attackingF2F7 mate mateIn1 middlegame oneMove,30
IoaAP,r2q1rk1/pp3ppp/2n1p2n/3pP1N1/3P1PP1/P1PQ4/7P/R1B2RK1 b - - 2 15,h6g4 d3h7,490,kingsideAttack mate mateIn1 middlegame oneMove,26
K2JVS,4rb1k/pp3p1p/2pp1N2/4np2/8/3P1PRB/PPP2P1P/2K5 b - - 1 20,e8e6 g3g8,490,arabianMate endgame mate mateIn1 oneMove,22
QAtga,5rk1/2pq3p/1p1p1Rn1/r2Pp2N/2P1P3/4P3/6PP/5RK1 b - - 0 31,g8h8 f6f8 g6f8 f1f8,490,kingsideAttack mate mateIn2 middlegame short,20
mUCcz,2r3k1/1pr2pp1/p2bp1q1/3p4/bP1B1P2/1NP3Q1/P1R4P/2R3K1 b - - 0 29,g6e4 g3g7,490,kingsideAttack mate mateIn1 middlegame oneMove,23
t57r0,7k/2p3rn/1p1p1N1R/p2Pp1N1/2P2n2/5P2/PPK5/8 b - - 2 37,g7g5 h6h7,490,arabianMate endgame master mate mateIn1 oneMove,18
o5NEA,r5k1/3qbp2/4pnpp/1pP5/4BP2/p1Q5/6PP/B1R2RK1 b - - 0 27,f6e4 c3g7,491,mate mateIn1 middlegame oneMove,21
yZB4S,5Rk1/p4ppp/5r2/1B1q4/P7/6P1/1P2QP1P/6K1 b - - 0 31,g8f8 e2e8,491,endgame mate mateIn1 oneMove,16
lP3Gy,r4Qk1/1pq1r2p/pn2b2B/3n4/3P4/2N5/PP5P/4RR1K b - - 1 24,a8f8 f1f8,492,mate mateIn1 middlegame oneMove operaMate,20
zmpw6,r4rk1/2pq1ppp/2bp1n2/1p6/p3PNPP/1PQP4/PBP5/1K1R3R b - - 0 16,f6g4 c3g7,492,kingsideAttack mate mateIn1 middlegame oneMove,26
EVToA,r5k1/2R2p1p/6p1/1p6/1Pn5/p3P3/4K2P/B7 b - - 1 37,a8a4 c7c8,493,endgame mate mateIn1 oneMove pillsburysMate,14
g34ii,2r2rk1/1p5p/6R1/p2qBn2/4p1Q1/2P5/P4PPP/5RK1 b - - 0 22,h7g6 g4g6 f5g7 g6g7,493,mate mateIn2 middlegame short,19
k9EDZ,k2r4/pp1Q2pp/5b2/2R5/8/7P/PPP2PP1/6K1 b - - 2 28,d8d7 c5c8,493,backRankMate endgame mate mateIn1 oneMove,16
t3XjJ,r1b2rk1/ppp2ppp/2n5/8/3P4/2PQnN1P/q4PP1/1BR2RK1 b - - 1 15,a2e6 d3h7,493,kingsideAttack mate mateIn1 oneMove opening,24
tY6F9,2r1k3/1N3pp1/4p1bp/8/1B3n2/7P/5PP1/3R3K b - - 2 39,c8c2 d1d8,493,endgame mate mateIn1 oneMove pillsburysMate,15
eEChT,k7/8/pp1K4/1Bp1P3/1n6/8/8/8 b - - 0 49,a6b5 e5e6 a8b7 e6e7,494,advancedPawn crushing endgame knightEndgame short,8
6yKhS,7k/1p3pb1/3p1q1p/2pP2pP/2P2n2/1P2QP2/2BK4/R7 b - - 0 43,f6a1 e3e8 g7f8 e8f8,495,endgame mate mateIn2 short,19
Q5gnR,1q3rnk/R4p1p/2b2N2/1pp1pP2/3pP2Q/3P3P/1PP1B1P1/6K1 b - - 0 29,b8a7 h4h7,495,kingsideAttack mate mateIn1 middlegame oneMove,23
ek6Q4,2r2b2/p4p1p/4P2k/2p4N/1r4PP/1P1P4/2K1R3/1R6 b - - 0 31,f7e6 e2e6,495,endgame epauletteMate master mate mateIn1 oneMove,17
yQksD,r1bq1rk1/pp2bppp/4pB2/8/3p4/2PQ1N2/PPB2PPP/R3K2R b KQ - 0 12,e7f6 d3h7,495,kingsideAttack mate mateIn1 middlegame oneMove,26
mErJ4,2r3k1/pp3ppp/4p3/3p1qPP/7R/2R2PQ1/P5K1/8 b - - 0 27,c8c3 g3b8 c3c8 b8c8,496,backRankMate endgame mate mateIn2 short,18
M4T0b,1rq2rk1/1p2npp1/2nbp2p/p2P1b2/2P5/2Q2N1P/PB1NBPP1/R3R1K1 b - - 0 16,d6b4 c3g7,497,kingsideAttack mate mateIn1 middlegame oneMove,28
927bl,rn3rk1/ppp2ppp/4b3/8/1q1PQ3/3BP3/P2N1PPP/3NK2R b K - 2 16,b8c6 e4h7,498,kingsideAttack mate mateIn1 middlegame oneMove,24
a7skE,r1k2b1r/1p3p1p/p4p2/1N1R4/8/8/PP3PPP/2R3K1 b - - 2 20,c8b8 d5d8,498,endgame mate mateIn1 oneMove,18
kWODq,rnb2Qk1/1p3p1p/p3pPp1/4P3/3r4/3B4/PP4PP/2R2RK1 b - - 0 24,g8f8 c1c8 d4d8 c8d8,498,hangingPiece mate mateIn2 middlegame short,22
ELu6j,7k/7p/2p3r1/1qPp1n2/1p1PpP2/pP2P3/P6Q/B1K4R b - - 11 43,g6g3 h2h7,499,endgame kingsideAttack master mate mateIn1 oneMove,20
J5CwB,3r1rk1/1pp2pp1/p1b1p2p/2P1R1N1/3P4/3Q4/qB4PP/6K1 b - - 0 28,a2b2 d3h7,499,mate mateIn1 middlegame oneMove,21
ZZwhG,rn2kr2/p6p/1p1qRB2/2pp1Q2/8/1B1P4/PPP2PPP/R2K4 b q - 0 21,d6e6 f5e6,499,hangingPiece mate mateIn1 middlegame oneMove,23
FDqdZ,2kr1bnr/pppnq1pp/8/8/2Q2B2/5N2/PPP2KPP/RN5R b - - 4 12,g8f6 c4c7,500,mate mateIn1 middlegame oneMove queensideAttack,24
N7AJ6,2r1R1k1/5ppp/7q/1BP5/8/6B1/b4PPP/4R1K1 b - - 1 29,c8e8 e1e8,500,backRankMate endgame mate mateIn1 oneMove,16
azEk3,r2q1rk1/1b2bppp/pp1pp3/4n2N/P2QP3/4B3/1P2BPPP/R4RK1 b - - 1 16,e5d7 d4g7,500,kingsideAttack mate mateIn1 middlegame oneMove,27
z5Hij,r2qkbnr/1b1ppppp/ppn5/2p1P3/2B5/2N2Q2/PPPP1PPP/R1B1K1NR b KQkq - 1 6,b6b5 f3f7,500,attackingF2F7 mate mateIn1 oneMove opening,32
Ee7kt,4r1k1/ppp2ppp/3p4/1QnP4/4q3/2P3P1/PB3P1P/6K1 b - - 3 22,e4d5 b5e8,501,endgame hangingPiece mate mateIn1 oneMove,20
XLst2,r5k1/pp3ppp/2n1p3/4P2b/1Pq5/3R1N1P/P1P2PP1/3Q2K1 b - - 0 20,c6b4 d3d8 a8d8 d1d8,501,backRankMate mate mateIn2 middlegame short,22
athEQ,1r1qkb1r/1p1B1p1p/p5p1/3pNb2/2pP4/4PQ2/PP3PPP/RN2K2R b KQk - 0 12,f5d7 f3f7,501,attackingF2F7 mate mateIn1 middlegame oneMove,27
9UEEG,r2qk2r/1pp2pbp/p3p1p1/4Pn2/2PP2P1/4BQ2/PP5P/RN3RK1 b kq - 0 13,f5e3 f3f7,504,attackingF2F7 mate mateIn1 middlegame oneMove,26
dDwET,2rqk2r/1b2bppp/p3p3/n3N3/Pp1PB3/4BQ1P/1P3PP1/R4RK1 b k - 2 17,b7e4 f3f7,504,attackingF2F7 mate mateIn1 middlegame oneMove,26
efzQo,2k4r/ppp3p1/8/5p2/5r2/1P2R2p/P4P1P/3R2K1 b - - 1 26,h8h6 e3e8,504,endgame master mate mateIn1 oneMove rookEndgame,16
BJxWw,3rk2r/p2n3p/2qBp1Q1/2p2B2/8/6P1/PP3P1P/R5K1 b k - 0 21,h7g6 f5g6,505,bodenMate master mate mateIn1 middlegame oneMove,19
GeEkc,5rk1/qp2bppp/2p1pn2/4P2b/1p1P4/r4N1P/2QN1PP1/1BR2RK1 b - - 0 23,f6d5 c2h7,505,kingsideAttack mate mateIn1 middlegame oneMove,26
cBlkd,r1br2k1/pp3ppp/1qp3n1/2B5/2B5/8/PP1Q1PPP/2R1R1K1 b - - 2 19,d8d2 e1e8 g6f8 e8f8,505,kingsideAttack mate mateIn2 middlegame operaMate short,23
nEVfq,r1bqk2r/4bp1p/p1np1p2/1p1Qp3/2B1P3/N1N5/PPP2PPP/R3K2R b KQkq - 1 11,c8d7 d5f7,505,attackingF2F7 mate mateIn1 middlegame oneMove,28
98Fjo,r1k1Rb1r/ppp2qpp/3p4/3n2B1/Q7/2N5/PPP2PPP/R5K1 b - - 1 15,f7e8 a4e8,507,hangingPiece mate mateIn1 middlegame oneMove,24
NsW48,1kr2R2/pp4p1/4P1p1/4B3/1q6/3K1N2/P4P2/8 b - - 2 27,b8a8 f8c8,507,backRankMate endgame hangingPiece mate mateIn1 oneMove,14
9hSKW,1R4k1/5p2/6p1/4B2p/2b1P3/2br3P/5PP1/6K1 b - - 2 33,g8h7 b8h8,508,endgame mate mateIn1 oneMove operaMate,14
OjAXv,Qq4k1/5p1r/4RPp1/8/p1pP2B1/npP4P/5P2/4R1K1 b - - 0 32,b8a8 e6e8 a8e8 e1e8,508,endgame fork mate mateIn2 short,19
UuqmR,b1r3k1/p3Rppp/1p6/3p4/1P1b4/P4B2/1r3PPP/4R1K1 b - - 3 25,d4f6 e7e8 c8e8 e1e8,508,backRankMate mate mateIn2 middlegame short,20
WTRQr,r1bqkbnr/3n1ppp/2ppp3/p7/Pp2P3/1B3Q2/1PPPNPPP/R1B1K1NR b KQkq - 1 8,e6e5 f3f7,508,attackingF2F7 mate mateIn1 oneMove opening,32
CBcco,4Q1k1/6pp/2bN3b/p2r4/8/1P6/P1P1R1PP/6K1 b - - 0 30,c6e8 e2e8,509,endgame mate mateIn1 oneMove,16
KOjRP,3r2k1/p4pp1/3r1pBp/2p5/1p1q3Q/4R3/P1P3PP/4R2K b - - 0 25,d4h4 e3e8 d8e8 e1e8,509,endgame mate mateIn2 pillsburysMate short,20
gdLmm,3r3k/pb4b1/5q1p/1p1p1n2/2pP3P/P1P3P1/1PQ3P1/1BR3K1 b - - 3 38,f5g3 c2h7,509,mate mateIn1 middlegame oneMove,22
nSA1d,4rrk1/2q1b1p1/p1np1n1p/1pp2N2/4P3/P1PP2Q1/1P3PPP/R1B1K2R b KQ - 4 17,g8h7 g3g7,509,mate mateIn1 middlegame oneMove,27
4xkhX,r2qkbnr/ppp2pp1/2np3p/4p3/2BPP3/2P2Q1P/PP3PP1/RNB1K2R b KQkq - 0 7,e5d4 f3f7,510,attackingF2F7 mate mateIn1 oneMove opening,30
uKRih,4qr1k/6pp/1bp1p1p1/np1rP3/PQ1PN3/7P/5PP1/B2R1RK1 b - - 4 29,e8d7 b4f8,510,hangingPiece kingsideAttack mate mateIn1 middlegame oneMove,24
0hbeR,1Qk5/1pp2p1p/8/4p3/4P3/P1P1Bq1P/5Pr1/R2R1K2 b - - 0 29,c8b8 d1d8,511,endgame mate mateIn1 oneMove pillsburysMate,18
9RkEp,1rb2rk1/p4ppp/4p3/qp2P3/4QP2/3B4/PPP3PP/2KR3R b - - 2 17,a5a2 e4h7,511,kingsideAttack master mate mateIn1 middlegame oneMove,23
DRBkk,3R3k/pb3rpp/4r3/2p2p2/8/P3B3/1P3PPP/R5K1 b - - 1 26,f7f8 d8f8,511,backRankMate endgame hangingPiece master mate mateIn1 oneMove,18
HeaiB,rnQ1R1k1/ppp2ppp/8/6N1/q7/P2N4/1P3PPP/6K1 b - - 0 25,a4e8 c8e8,511,endgame hangingPiece mate mateIn1 oneMove,20
JReZx,8/5R2/p7/6p1/1P3k1p/7P/r5P1/6K1 b - - 11 49,f4g3 f7f3,511,endgame mate mateIn1 oneMove rookEndgame,10
U1x60,8/2p2p2/1p2r3/p4K1k/3P1P2/8/8/R7 b - - 2 43,e6d6 a1h1,511,endgame mate mateIn1 oneMove rookEndgame,10
aQ5HY,r1b4k/p5pp/2p5/2P5/4p3/1B2P3/2r3PP/1R3RK1 b - - 2 26,c2c5 f1f8,511,backRankMate endgame mate mateIn1 oneMove,17
kKetB,r1b2Qkr/1p1n3p/p6B/qB2n3/8/2N5/PPP3PP/R4RK1 b - - 5 20,d7f8 f1f8,511,kingsideAttack mate mateIn1 middlegame oneMove operaMate,22
n43O0,4r1k1/6pp/2N2p2/8/pP6/4P3/1K3PPP/8 b - - 1 31,e8c8 c6e7 g8f7 e7c8,511,crushing endgame fork short,13
BE6Vp,1r2r1k1/1pp1qppp/pn1p2b1/8/2PQ4/1P4PP/PB2PPB1/R3R1K1 b - - 2 18,c7c5 d4g7,512,kingsideAttack mate mateIn1 middlegame oneMove,26
bpbz0,Q5k1/5ppp/8/2p2b2/P1P5/1P2Rq2/KBp5/4R3 b - - 0 30,f3a8 e3e8 a8e8 e1e8,512,endgame fork mate mateIn2 short,16
xyEku,4r1k1/R5p1/5pPb/p6P/6K1/1P6/8/8 b - - 1 46,e8e5 a7a8 e5e8 a8e8,512,endgame mate mateIn2 short,11
KNrTF,r1q1r1k1/p1p3pp/2p2n2/2Pp4/8/2P1B3/PP1N1PQP/2Kb2R1 b - - 0 18,d1c2 g2g7,513,kingsideAttack mate mateIn1 middlegame oneMove,23
MNX8X,r1b1r1k1/ppp2ppp/5q2/3P1n2/Q2P4/6P1/PP3PBP/RN3RK1 b - - 4 13,f5d4 a4e8,513,hangingPiece kingsideAttack mate mateIn1 middlegame oneMove,25
X8wFk,r4rk1/pb1pbppp/4q3/2p1P2Q/5B2/7R/PPP3PP/3R3K b - - 1 18,e6c6 h5h7,514,kingsideAttack mate mateIn1 middlegame oneMove,23
8QxSt,6k1/2p2ppp/p1p3r1/PrRb4/1P1P1B2/5P1q/4Q1P1/5RK1 b - - 1 26,b5b4 e2e8,515,master mate mateIn1 middlegame oneMove,21
KHhfV,r1b2qrk/1p3p2/p1n1pPp1/2p4R/8/1P1B3Q/PBPP2PP/5RK1 b - - 0 21,g6h5 h3h5 f8h6 h5h6,515,kingsideAttack mate mateIn2 middlegame short,25
QoMts,7k/4q1pp/6p1/3p4/3P4/7P/Q4PP1/6K1 b - - 0 38,e7e4 a2a8 e4e8 a8e8,515,backRankMate endgame mate mateIn2 queenEndgame short,12
hs51j,4Q2k/p4rpp/8/P2p4/8/2q1P3/2P2nPP/5RK1 b - - 1 32,f7f8 e8f8,515,endgame hangingPiece mate mateIn1 oneMove,16
52Tly,r2q1r1k/pp2NppQ/3n4/8/3R4/8/PP3PPP/2K4R b - - 0 18,h8h7 d4h4,516,anastasiaMate mate mateIn1 middlegame oneMove,19
G2E2l,8/2k5/1pp2p1p/pP1p1Pp1/P1PP2P1/1K4P1/8/8 b - - 0 51,d5c4 b3c4 c6b5 c4b5,516,crushing endgame pawnEndgame short,16
IPxnh,r1b1r1k1/1p3ppp/1qp5/p2p4/3PnP2/1PP2B1P/P5PK/RN2QR2 b - - 0 20,e4c3 e1e8,517,hangingPiece kingsideAttack mate mateIn1 middlegame oneMove,26
JQJT6,4r1k1/pp4p1/4p1p1/3pPnN1/8/P6K/1P6/2R5 b - - 7 28,e8e7 c1c8 e7e8 c8e8,518,endgame mate mateIn2 short,15
Taqdf,6rk/1b3p1p/pq3Pr1/1p1pp3/3P3Q/P5PR/1P2B2P/1R4K1 b - - 1 26,h7h6 h4h6 g6h6 h3h6,518,kingsideAttack mate mateIn2 middlegame sacrifice short,22
qCjE1,4k3/8/5Kpr/8/R6P/8/8/8 b - - 6 84,e8f8 a4a8,518,endgame mate mateIn1 oneMove rookEndgame,6
32VDZ,r2k3r/1bqp4/ppn1P3/2b2p2/8/5NB1/PP4PP/RN1Q1R1K b - - 0 20,c7g3 d1d7,519,master mate mateIn1 middlegame oneMove,23
7vaMe,1r1Qk1r1/2p2p2/p1p2B2/2b5/1P2p2P/2P2P2/q1b3P1/2KR3R b - - 1 22,b8d8 d1d8,519,mate mateIn1 middlegame oneMove operaMate,21
X9HH4,r5k1/1p3p2/4pBp1/1p2Pr1p/8/P5K1/1P4P1/3R4 b - - 0 31,a8a4 d1d8 g8h7 d8h8,519,endgame mate mateIn2 operaMate short,16
ZuvC7,8/8/1K6/2P5/1p6/1k6/8/8 b - - 0 63,b3c4 c5c6 b4b3 c6c7 b3b2 c7c8q,519,advancedPawn crushing endgame long pawnEndgame promotion,4
4Xc9l,4r1k1/p5pp/8/1Q1p4/1P1Pq3/P3p3/2P3PP/4R1K1 b - - 0 29,e4d4 b5e8,522,endgame hangingPiece mate mateIn1 oneMove,17
FMoAs,6k1/3N2pp/p1r5/1pP5/1P1K4/7P/6P1/8 b - - 2 37,g8f7 d7e5 f7e6 e5c6,522,crushing endgame fork short,12
oukmk,r1b1Q2k/pp4p1/4p1Bq/2p1P3/3p1r1P/2P1P3/PP2KP2/6R1 b - - 0 25,f4f8 e8f8,523,hangingPiece kingsideAttack master mate mateIn1 middlegame oneMove,22
B3PnO,1Q4k1/5ppp/4p1b1/3qP3/5P2/1P1p2PP/r1r2N2/3R1RK1 b - - 1 31,d5d8 b8d8,524,backRankMate hangingPiece master mate mateIn1 middlegame oneMove,20
GCh6m,3qk2r/3ppp2/rp4pp/p1P5/PnP5/1P2PN1P/3N1PP1/Q4RK1 b k - 0 18,b6c5 a1h8,524,backRankMate hangingPiece mate mateIn1 middlegame oneMove,25
LldEe,r4rk1/2qn1ppp/p1p1b3/1p1n2N1/1PpP4/P1N5/2Q1BPPP/R3R1K1 b - - 3 17,d5c3 c2h7,525,kingsideAttack mate mateIn1 middlegame oneMove,27
clB7b,r1bqk2r/pp3p1p/2n1p1p1/2ppN1b1/3P4/2P1PQ2/PP1N1PPP/R3KB1R b KQkq - 1 10,c5d4 f3f7,525,attackingF2F7 mate mateIn1 oneMove opening,30
duUYz,1rbq1rk1/p4ppp/1n2p3/2p1P3/2NpQP2/3B2P1/PPP4P/2KR3R b - - 5 18,b6c4 e4h7,525,kingsideAttack mate mateIn1 middlegame oneMove,26
ahTXs,5rk1/2q2ppn/1n1p3p/2rPP3/1p3P2/1PbQB2P/R3N1P1/1B3RK1 b - - 0 25,c5d5 d3h7,526,kingsideAttack mate mateIn1 middlegame oneMove,25
T9Zcg,2r2rk1/ppqb1ppp/4p3/4P3/3p1PQP/P1N1b1R1/1PPN2P1/2KR4 b - - 1 18,d4c3 g4g7,527,kingsideAttack mate mateIn1 middlegame oneMove,26
evmm4,2r3k1/1p3ppp/p3p3/3PN3/3Pb1P1/r7/3K1P2/2R1R3 b - - 0 26,e4d5 c1c8,527,endgame hangingPiece mate mateIn1 oneMove,18
5lpn3,r5rk/pbq2p1p/3bpp2/2p4Q/3P4/P1NBP1P1/2P2P1P/R3K2R b KQ - 1 17,b7h1 h5h7,528,kingsideAttack mate mateIn1 middlegame oneMove,25
WQics,4r1k1/rb3pbp/4p2P/ppp1P3/3P2Q1/q1P3P1/P4PB1/R4RK1 b - - 0 24,b7g2 g4g7,528,kingsideAttack mate mateIn1 middlegame oneMove,24
kTbEv,rnQ4k/pp3r1p/5P2/3p4/8/2p5/P5PP/6K1 b - - 1 28,f7f8 c8f8,528,endgame hangingPiece mate mateIn1 oneMove,15
tbzWF,2k1rbr1/1pp2p1p/p4p2/8/Q2p4/3P1qP1/PPP2P1P/R4RK1 b - - 1 19,g8g5 a4e8,528,hangingPiece mate mateIn1 middlegame oneMove,23
3Q2FZ,2r3k1/5pp1/Q2pp1Pp/p2q3P/1p2bP2/1r6/P1P2R2/K1R5 b - - 1 31,b3a3 a6c8,529,hangingPiece mate mateIn1 middlegame oneMove,21
40mS4,1k2r3/1p6/4p3/p3P2p/P7/5q2/1P1p2Q1/6RK b - - 3 45,e8g8 g2f3 g8g1 h1g1,529,crushing endgame hangingPiece master short,14
FnvZM,2r3k1/R2ppp1p/6pB/8/3b1N2/1r4P1/5PKP/2R5 b - - 1 27,c8c1 a7a8 b3b8 a8b8 c1c8 b8c8,529,endgame long mate mateIn3 pillsburysMate,17
IQdPL,1qr3k1/5ppp/nQR1p3/p2pP3/3P4/P4N2/1P3PPP/6K1 b - - 0 21,b8b6 c6c8 b6d8 c8d8,529,backRankMate endgame hangingPiece mate mateIn2 short,21
R5Ico,8/6pp/8/3p1P2/3PpKP1/r1p4k/P1R5/8 b - - 1 39,h3h4 c2h2,529,endgame mate mateIn1 oneMove rookEndgame,13
Ya8Wj,rn1Q3k/p2prBpp/1pb2p2/6q1/1P1BP3/P4P2/2K3P1/6R1 b - - 2 24,e7e8 d8e8,529,backRankMate hangingPiece mate mateIn1 middlegame oneMove,22
BcBJP,4r1k1/6p1/1pNr1p1p/p2P4/5K1P/1P6/P7/3R4 b - - 0 42,e8c8 c6e7 g8f7 e7c8,530,advantage endgame fork master short,15
H1Bbo,r2q1r1k/pp4pp/4b3/3pQ1bN/5p2/1B1P3P/PPP2PP1/R4RK1 b - - 0 18,e6h3 e5g7,530,kingsideAttack mate mateIn1 middlegame oneMove,25
dg66s,b4r1k/6p1/3Q3p/6q1/5p2/2pB2PP/P1P2P2/R5K1 b - - 1 27,f4g3 d6f8,530,endgame hangingPiece mate mateIn1 oneMove,17
uM8k8,r1b1k2r/1p3ppp/p1N1pn2/2b5/4P3/P1N1B3/1PP3PP/3RKB1R b Kkq - 0 11,c5e3 d1d8,530,mate mateIn1 middlegame oneMove,25
BGMP3,r1bb1R1k/pp2q2p/4p2Q/2pp2PB/3P2p1/2P1P3/PP5P/R5K1 b - - 1 25,e7f8 h6f8,532,hangingPiece kingsideAttack master mate mateIn1 middlegame oneMove,24
ix7c6,4k3/6K1/7P/4n3/8/8/8/8 b - - 2 67,e5d7 h6h7 e8e7 h7h8q,532,advancedPawn crushing endgame knightEndgame master masterVsMaster promotion short,4
MyNOR,4r1k1/p4ppp/1p1q4/8/1n1P1B2/5N2/PP3PPP/1KR1R3 b - - 6 21,d6d5 e1e8,533,backRankMate hangingPiece mate mateIn1 middlegame oneMove,20
x0bL4,r1bqk2r/p4ppp/2pp3B/4b2Q/4P3/2NB3P/PPP3P1/R4R1K b kq - 0 14,g7h6 h5f7,533,attackingF2F7 mate mateIn1 middlegame oneMove,25
AAS5Y,r3R2k/ppp2Qpp/1bn5/6q1/3P4/1BP5/P4PPP/6K1 b - - 2 19,a8e8 f7e8,534,backRankMate endgame mate mateIn1 oneMove,20
fDclI,r4rk1/p1q2ppp/2pb4/3p4/3Q2n1/1P3N2/PBP2PPP/R4RK1 b - - 8 15,g4h2 d4g7,534,kingsideAttack mate mateIn1 middlegame oneMove,24
xMyl6,r4rk1/p4pbp/2p2B2/5p2/2q1p3/6Q1/PP4PP/R6K b - - 1 24,c4e6 g3g7,534,mate mateIn1 middlegame oneMove,19
PlVQe,3Q2k1/pp3p2/2n3pp/5q2/5P2/P1B5/1PP3PP/2KR4 b - - 0 28,c6d8 d1d8 g8h7 d8h8,535,endgame mate mateIn2 operaMate short,18
Ifiqu,2bk1nr1/r5qp/p1B1p3/2bpP2Q/2n2P2/P5N1/2P3PP/R1B2R1K b - - 12 24,a7c7 h5e8,536,master mate mateIn1 middlegame oneMove,25
RHf16,r3r1k1/5pbp/p2p2p1/1p1Pn3/3B1P2/4Q1NP/qP4P1/3RR1K1 b - - 0 23,e5c4 e3e8 a8e8 e1e8,536,advantage kingsideAttack middlegame short,23
vnp5a,4R1k1/1p3p2/p1p3b1/8/8/1nB3KP/PPP3P1/1r6 b - - 1 38,g8h7 e8h8,536,endgame mate mateIn1 oneMove operaMate,16
z7RP1,8/2p5/8/k1KP3r/7p/7R/8/8 b - - 1 44,h5h6 h3a3,536,endgame master mate mateIn1 oneMove rookEndgame,7
I6hl2,rn4k1/ppp2pp1/3q1B1p/3p4/3P2b1/2PB1N2/P1P2PPP/R3Q1K1 b - - 0 13,d6f6 e1e8,537,mate mateIn1 middlegame oneMove,25
2EQ5c,3r2k1/pp2bppp/8/2p1Q1q1/2N5/2P2P2/PP4PP/4R1K1 b - - 2 19,e7f6 e5e8 d8e8 e1e8,538,backRankMate endgame mate mateIn2 sacrifice short,20
7scbV,4qr1k/5p1p/3p1bN1/3PpP1Q/2p5/7R/1Pn3PP/2B3K1 b - - 0 26,f7g6 h5h7,538,mate mateIn1 middlegame oneMove,20
FvAei,rn1qk2r/ppp2ppp/8/3pp3/4B3/2P2Q2/PPP3PP/R1B2RK1 b kq - 0 10,d5e4 f3f7,539,attackingF2F7 mate mateIn1 middlegame oneMove,25
GzDoR,rn1q1rk1/5pp1/b1p1n2p/pp1pP3/8/1NPQ1N1P/PPB2PP1/2R1R1K1 b - - 6 17,b5b4 d3h7,539,master mate mateIn1 middlegame oneMove,28
OL7sW,2r1q2k/1R4pp/p7/3P4/2nQ2b1/2N3P1/PP4P1/6K1 b - - 2 28,c4d6 d4g7,539,master mate mateIn1 middlegame oneMove,17
QSEiA,4rrk1/pbqn1pp1/1ppp1b1p/3PP3/2P2R2/2NQ4/PPB1N1PP/R5K1 b - - 0 17,d7e5 d3h7,539,mate mateIn1 middlegame oneMove,28
4yfPz,3r3k/2p1Q1p1/1p4P1/p6r/P7/8/5KP1/8 b - - 8 55,d8f8 e7f8,540,endgame hangingPiece master mate mateIn1 oneMove queenRookEndgame,12
CfWG0,2r4k/5Q1n/p2p2PK/1pp1q3/7P/2P2R2/PP6/8 b - - 10 41,e5g7 f7g7,540,endgame mate mateIn1 oneMove,16
bALUB,1r3r2/3n1ppk/pq3n1p/2pB1N1P/8/N1QP4/1P3PPR/2K1R3 b - - 0 25,f6d5 c3g7,540,mate mateIn1 middlegame oneMove,23
bWWgh,b3r1k1/4q1p1/1p4np/2p2p2/2P2P2/2Q1p1PP/1BP5/4RNK1 b - - 1 27,e7e4 c3g7,540,kingsideAttack mate mateIn1 middlegame oneMove,21
yvF0T,r1r3k1/2NR1ppp/8/p3p3/P4n2/5P2/1P4PP/3R2K1 b - - 5 35,a8a7 d7d8 c8d8 d1d8,540,backRankMate endgame mate mateIn2 short,18
TJ2oD,r1b4k/pp3p2/4pNrQ/4q3/P1B5/6R1/1P3PPP/R5K1 b - - 0 24,g6h6 g3g8,541,arabianMate mate mateIn1 middlegame oneMove,20
CZEVH,5N2/pp6/1k1r4/8/5P1P/4P3/3PK3/8 b - - 0 43,d6f6 f8d7 b6c7 d7f6,542,crushing endgame fork master short,10
nxgtG,r4k2/2R2ppp/R2P4/8/8/3n3P/1P3PP1/6K1 b - - 0 28,a8a6 c7c8,542,endgame mate mateIn1 oneMove,14
Gvltb,3r1k1r/p4ppp/1p3q2/2pb4/5B2/4Q2P/6PK/4R3 b - - 5 30,f8g8 e3e8 d8e8 e1e8,543,backRankMate mate mateIn2 middlegame sacrifice short,17
Pwqh5,rn3rk1/ppp3pp/8/3p3q/3Pp1bP/6Q1/PPP2P2/RNB1K1R1 b Q - 2 14,g4f3 g3g7,543,kingsideAttack mate mateIn1 middlegame oneMove,25
URM11,4rr1k/5p1p/p2Q1Pp1/q1pP4/2P1P3/7P/8/2R2RK1 b - - 0 28,e8e4 d6f8,543,endgame hangingPiece mate mateIn1 oneMove,18
pwX63,r1b1k2r/1p3p1p/p1n2p2/8/1N3P2/1P1Q4/q1P1N1PP/2KR1B1R b kq - 0 15,c6b4 d3d8,543,mate mateIn1 middlegame oneMove,23
uK9cp,1k2r3/pp3R1p/2p5/2Pn1B2/8/8/P1Pr1P2/4RK2 b - - 2 32,e8e1 f1e1 d2e2 e1e2,545,crushing endgame short,16
vfH26,8/1rnk2p1/4bp1p/2B1p3/1PP1P3/2K2P2/3R2PP/8 b - - 2 35,d7c6 d2d6,545,endgame epauletteMate master mate mateIn1 oneMove operaMate,17
KfLOw,5Qk1/1pN2ppp/8/q1pP4/2Pb4/1P6/r4PPP/3RR1K1 b - - 0 22,g8f8 e1e8,546,endgame mate mateIn1 oneMove,20
61cV7,r3r1k1/ppp2pPp/5B2/1P5Q/1bP1p3/1P1P2P1/1q3PK1/nN4NR b - - 1 23,b2f6 h5h7,547,kingsideAttack mate mateIn1 middlegame oneMove,25
AHY2M,r1bbr1k1/p2p1pPp/1q6/2p1P3/3N4/3pB3/PPP2QPP/R4RK1 b - - 0 17,c5d4 f2f7,547,kingsideAttack mate mateIn1 middlegame oneMove,25
DZXgd,8/8/8/p4pkp/7P/r5P1/P4R1K/8 b - - 0 46,g5g4 f2f4,547,endgame mate mateIn1 oneMove rookEndgame,10
E8sXO,rn2r1k1/pp3pp1/1qp1R2p/3p4/3P1b2/1PNB1N1P/P1PQ1PP1/4R1K1 b - - 0 17,f4d2 e6e8,547,hangingPiece kingsideAttack mate mateIn1 middlegame oneMove pillsburysMate,27
WQy6b,r3k2r/1b1p1ppp/pq2pn2/1pb5/2n1PP2/PPN2N2/2B1Q1PP/R1B1K2R b KQkq - 0 14,c5f2 e2f2 b6f2 e1f2,547,advantage middlegame short,29
cAhFJ,1k1r3r/p1p2p2/1p1b4/3Q3p/P1PP4/1P3PP1/1B2qRK1/R7 b - - 1 24,e2f2 g2f2 d6g3 f2g3,547,advantage hangingPiece middlegame short,21
0Tk80,8/8/1pp5/5kRp/5P1P/2Br2P1/PP4K1/3r4 b - - 12 39,f5e4 g5e5,548,endgame mate mateIn1 oneMove operaMate,14
ZqJdM,2r2rk1/1b3pp1/pq2pb1p/2n5/1p1N4/2N1P3/PPQ2PPP/1BRR2K1 b - - 1 18,b4c3 c2h7,548,mate mateIn1 middlegame oneMove,26
1QpwH,r2q1rk1/bp1n1pp1/2pPn2p/p7/P7/2NQ3P/1PB2PPB/R3R1K1 b - - 1 23,e6c5 d3h7,549,mate mateIn1 middlegame oneMove,26
ATfBP,1kr4r/pp6/3q1np1/PQ1Ppp2/4P3/5PPp/5N1P/1R3RK1 b - - 4 25,d6c5 b5b7,549,master mate mateIn1 middlegame oneMove queensideAttack,22
ZUE9s,2r2rk1/pb1nqp2/1p2p2p/3n2p1/3P4/P1N2P2/1PQ2BPP/1B1R1RK1 b - - 4 18,d5c3 c2h7,549,mate mateIn1 middlegame oneMove,26
RIsuv,4rr1k/ppp3pp/1qb5/3p2N1/5P2/P2Q2P1/1P1R2KP/4R3 b - - 1 26,e8e1 d3h7,551,kingsideAttack mate mateIn1 middlegame oneMove,21
VUjPZ,r1bQ2k1/pp3pp1/7p/4r3/8/3BP1P1/1q3PP1/3R1K1R b - - 1 18,e5e8 d8e8,551,hangingPiece mate mateIn1 middlegame oneMove,19
8luFC,1rk2b1N/1pp4p/1pn3p1/1Q1P1q1n/P3p3/8/1PP2P1P/2KR3R b - - 0 20,c6e5 b5e8,552,mate mateIn1 middlegame oneMove,23
m7NSL,2rq1rk1/3n1ppp/bp2p2B/p3N3/P1pP4/1P4Q1/4BPPP/5RK1 b - - 1 18,d7e5 g3g7,553,kingsideAttack mate mateIn1 middlegame oneMove,25
p3LdD,r1r2k2/5pp1/3p1qn1/4p3/1p2P3/pP3P1R/P1P4R/1K1Q4 b - - 8 38,f6e7 h3h8 g6h8 h2h8,553,backRankMate mate mateIn2 middlegame sacrifice short,20
8yhw5,7r/p1p1kpq1/1pBb2n1/3P4/2P1R3/4Q3/PP3PPP/6K1 b - - 0 29,e7d8 e4e8 h8e8 e3e8,554,mate mateIn2 middlegame short,20
FN216,2r4k/1p1R2pp/1N6/8/4n3/7P/P4rP1/R5K1 b - - 0 25,c8c2 d7d8 f2f8 d8f8,554,backRankMate endgame mate mateIn2 short,14
IdviW,r1bqk2r/pppp1pp1/2n2n1p/6b1/2BPP3/2N5/PPP2QPP/R1B1K1NR b KQkq - 0 8,f6g4 f2f7,554,attackingF2F7 mate mateIn1 oneMove opening,30
TE4W4,1rbq1r1k/p1p1NppQ/2Bp4/2n5/4R3/8/PP3PPP/R1B3K1 b - - 0 18,h8h7 e4h4,554,anastasiaMate mate mateIn1 middlegame oneMove,23
aXKYD,r6k/r1p2p1p/P4N2/3PPR2/7R/4n2P/6P1/6K1 b - - 4 35,e3f5 h4h7,554,arabianMate endgame master mate mateIn1 oneMove,16
1no2C,r2q1rk1/pp2bpnp/3pb1pB/2pN4/2B1P3/2Q5/PPP2PPP/R4RK1 b - - 5 14,e6d5 c3g7,556,kingsideAttack mate mateIn1 middlegame oneMove,28
mTQGz,r1br2k1/1pq2ppp/p1n2b2/2pN4/P1B5/3P1N1P/1PP1QPP1/R4R1K b - - 0 14,d8d5 e2e8,556,mate mateIn1 middlegame oneMove,27
ZQ2wq,2r3Bk/1bp1P1pp/3P4/p1p1Qp2/1p3P2/P5RP/1Pq3PK/8 b - - 0 35,c7d6 e5g7,557,endgame kingsideAttack mate mateIn1 oneMove,22
kMUre,8/4Nppk/8/p7/3p2q1/3R4/5P1P/5K2 b - - 1 40,g4e4 d3h3 e4h4 h3h4,557,anastasiaMate endgame mate mateIn2 short,11
uB1Jy,r5k1/p1q2ppp/2pb4/1p3b2/3B1N2/1PP2N1P/1P2QPP1/4R1K1 b - - 0 22,d6f4 e2e8 a8e8 e1e8,557,kingsideAttack mate mateIn2 middlegame sacrifice short,23
A2X95,2r3k1/1Q3ppp/n4q2/4p3/3pP3/P4NP1/1P2PKBP/2r5 b - - 3 25,a6c5 b7c8 f6d8 c8d8,558,backRankMate hangingPiece mate mateIn2 middlegame short,20
ANmfi,r4r1k/pppq2pp/3p4/4pb2/2B3Q1/2NPB2P/PPP2RP1/5RK1 b - - 1 17,f5g4 f2f8 a8f8 f1f8,558,backRankMate mate mateIn2 middlegame short,25
IXYen,2k1r3/1pp1q2p/1b2p3/3pR2Q/P2P3P/2P1K3/8/8 b - - 0 30,e7a3 h5e8,558,endgame hangingPiece mate mateIn1 oneMove,16
Zuz7W,r1bqk2r/p3pp1p/2pp2pb/4B3/4PP2/2N5/PPPQ2PP/2KR1B1R b kq - 0 12,d6e5 d2d8,558,mate mateIn1 middlegame oneMove,27
gGtgd,3r2k1/5ppp/1Qp5/8/2b1qP2/1P2B3/P4K1P/8 b - - 0 26,c4d5 b6d8 e4e8 d8e8,558,endgame hangingPiece mate mateIn2 short,15
WMHNi,5r2/p4kpp/Pp3p2/1N6/4PP2/5KPP/1P6/8 b - - 2 33,f8c8 b5d6 f7e6 d6c8,559,crushing endgame fork master short,15
YM2PD,1r1q1rk1/pb2bpp1/1n2pN1p/1ppnP1N1/8/2P3P1/PPQ2PBP/R1B1R1K1 b - - 1 15,e7f6 c2h7,559,mate mateIn1 middlegame oneMove,30
bv91E,1k4nr/1p2bppp/1Bp5/4q3/2B5/Q7/PPP2PPP/3R1K1R b - - 2 19,e7a3 d1d8,559,mate mateIn1 middlegame oneMove pillsburysMate,22
QeG1n,r1br4/pp3p1p/2pp3k/2b4N/2P1P2P/6P1/PP2B1K1/R4R2 b - - 11 25,c8e6 f1f6,560,epauletteMate mate mateIn1 middlegame oneMove,22
gh2N3,r4rk1/pp1qbppp/2ppbn2/8/2PQN3/1P4P1/PB2PPBP/R4RK1 b - - 1 12,f6e4 d4g7,560,kingsideAttack mate mateIn1 middlegame oneMove,28
kpLqV,r2qr1k1/1p1b1ppp/5n2/3B4/p3P3/PnQ2N2/1B3PPP/4RRK1 b - - 0 19,f6d5 c3g7,560,kingsideAttack master mate mateIn1 middlegame oneMove,24
pOzi6,1r1q1rk1/1pp3pp/p1n1pp1n/3p4/3P4/2P1PNP1/PPQN1PP1/R3K2R b KQ - 4 13,h6f7 c2h7,562,kingsideAttack mate mateIn1 middlegame oneMove,28
AHYSb,r2qkbnr/1b3ppp/p1np4/1p1Bp3/4P3/2N2Q2/PPP2PPP/RNB1K2R b KQkq - 3 9,h7h6 f3f7,563,attackingF2F7 mate mateIn1 oneMove opening,30
TRtMQ,r4rk1/pp3ppp/2n5/3q1bQ1/1b6/1P1p1N2/PB2BPPP/R4RK1 b - - 3 15,d3e2 g5g7,563,kingsideAttack mate mateIn1 middlegame oneMove,25
aBRlI,2r3k1/1p3ppp/3p3q/3P1b2/5N2/Pp2Q1P1/1PR4P/K6R b - - 0 27,c8c2 e3e8,563,endgame mate mateIn1 oneMove,20
8cGAK,r1b1r1k1/ppp2ppp/8/6q1/2Pp4/3P4/PBP1nPPP/R2QR2K b - - 3 15,e2f4 e1e8,564,backRankMate hangingPiece mate mateIn1 middlegame oneMove,25
nWBFY,2R1r1k1/pp1Q1ppp/5nq1/8/8/B3P2P/P4PP1/6K1 b - - 4 22,f6d7 c8e8 d7f8 e8f8,564,endgame hangingPiece mate mateIn2 operaMate short,18
an7iI,rn1q1rk1/p3bppp/bp2p3/2p1P3/2PP4/3Q1N2/P1B2PPP/R1B1K2R b KQ - 0 12,c5d4 d3h7,565,kingsideAttack mate mateIn1 oneMove opening,28
RXIvM,8/5r1k/p7/2pN3p/2P1PPp1/8/5PK1/8 b - - 0 53,f7d7 d5f6 h7g7 f6d7,566,crushing endgame fork master short,12
dnFQN,r2qk2r/ppp2Bpp/2np1n2/8/1b1PP3/1QN2b2/PP3PPP/R1B2RK1 b kq - 0 10,e8d7 b3e6,566,mate mateIn1 middlegame oneMove,28
ihTxf,1k1r4/pp3qb1/2p1n1p1/Q4n2/5B2/1NP2p1B/PP6/2KR4 b - - 5 26,e6f4 a5d8,566,hangingPiece mate mateIn1 middlegame oneMove queensideAttack,20
8kfk6,2r3k1/1p4pp/8/3pQ3/8/P4P1P/r5PK/8 b - - 4 39,c8c2 e5e8,567,endgame mate mateIn1 oneMove queenRookEndgame,13
bd2N8,r5k1/pp3pPp/6R1/8/8/5P2/1PP4R/2K5 b - - 0 28,h7g6 h2h8 g8g7 h8a8,568,crushing endgame rookEndgame short skewer,13
uIOvt,rn2k2r/pb3pp1/2p1pn1p/qp2N3/PbpP3B/2N1PQ2/1P3PPP/2R1KB1R b Kkq - 3 11,f6d5 f3f7,568,attackingF2F7 mate mateIn1 middlegame oneMove,31
7JxRV,r2qr1k1/ppp3pp/6n1/6N1/4p1n1/2Q5/PB1N1PPP/R4RK1 b - - 6 17,d8g5 c3g7,569,kingsideAttack mate mateIn1 middlegame oneMove,23
VoznZ,2rq1rk1/5pp1/p3p2p/3p1b2/1P1Qn3/P5P1/1B2PPBP/R4RK1 b - - 4 18,c8c4 d4g7,569,kingsideAttack mate mateIn1 middlegame oneMove,24
kIJSW,6k1/4Npp1/8/R7/P6P/4P1P1/2r2r2/6K1 b - - 1 36,g8h7 a5h5,569,anastasiaMate endgame mate mateIn1 oneMove,12
UoF6V,4r3/8/8/5p2/4k1n1/8/3K4/4R3 b - - 13 67,g4e3 e1e3 e4d5 e3e8,570,crushing endgame short skewer,6
aajWo,rn1q1rk1/1pp3pp/8/p2p4/3Q2b1/1P2P3/PBPKBPPP/R6R b - - 0 13,g4e2 d4g7,570,kingsideAttack mate mateIn1 middlegame oneMove,25
6SC7g,r1b2rk1/4nppp/2n1p3/q2pP1N1/1pPP4/1P6/p1QNBPPP/R4RK1 b - - 5 18,f7f6 c2h7,572,kingsideAttack mate mateIn1 middlegame oneMove,28
Cq4gv,r1b4k/ppp4p/3p1Nq1/6B1/3P2P1/P5K1/1PP5/R4B1R b - - 4 21,g6g5 h1h7,572,arabianMate mate mateIn1 middlegame oneMove,20
Nzoaf,4r2k/p5pp/1p6/1P6/b3Q2P/P3P1P1/2r2PBK/4q3 b - - 0 38,e1f2 e4e8 f2f8 e8f8,572,endgame hangingPiece mate mateIn2 short,18
CHpTA,r1b1r1k1/1p3ppp/p1p5/3P4/2P1n3/5B2/P4PPP/BR2R1K1 b - - 1 22,e4d2 e1e8,573,hangingPiece kingsideAttack mate mateIn1 middlegame oneMove,22
NJpwU,5k2/2r2pp1/7p/5N2/R1p5/2P2PP1/6PK/1r6 b - - 6 41,g7g6 a4a8 b1b8 a8b8 c7c8 b8c8,573,endgame long mate mateIn3,14
NjE2G,rn1R3k/1b3rpp/p3B3/1p6/2p1nB2/2P3P1/5P1P/R5K1 b - - 1 20,f7f8 d8f8,573,backRankMate hangingPiece mate mateIn1 middlegame oneMove,20
m7DeX,2k4r/pppn2q1/1n1p2p1/5pP1/2PP4/2N1QB1r/PP3P2/2K1R1R1 b - - 8 22,b6c4 e3e8 h8e8 e1e8,573,mate mateIn2 middlegame queensideAttack sacrifice short,24
55dx8,r4rk1/pp1qbppp/2ppP3/8/2bQ4/1P5P/PBP2PP1/R3R1K1 b - - 0 18,c4e6 d4g7,574,kingsideAttack mate mateIn1 middlegame oneMove,25
CbOIH,r5rk/pppq1p1Q/3p1Pp1/3Nn3/2P1PR2/1P4N1/P5PK/R7 b - - 0 26,h8h7 f4h4,574,master mate mateIn1 middlegame oneMove,23
Ea0KW,r2qkbnr/ppp2ppp/3p4/4P3/2B1P3/5Q2/PPPP2PP/RNB3K1 b kq - 0 8,d6e5 f3f7,575,attackingF2F7 mate mateIn1 middlegame oneMove,27
sy7Oc,5rk1/5Rpp/5b2/2p5/2B1R3/5P2/P2r1P1P/6K1 b - - 0 24,f8f7 e4e8,575,endgame master masterVsMaster mate mateIn1 oneMove pin,15
n977a,r2q1rk1/p4pbp/np1ppnp1/2p3N1/3P1P1Q/2P1P3/PP4PP/RNB2RK1 b - - 1 11,f6e4 h4h7,576,kingsideAttack master mate mateIn1 middlegame oneMove,30
0pM9w,r2q1r1k/1p2N1pQ/p3p3/2p5/3b4/R7/1P3PPP/2B3K1 b - - 0 21,h8h7 a3h3,577,anastasiaMate mate mateIn1 middlegame oneMove,19
7Wg2n,8/1p4R1/p3p3/3k1p2/3r4/1P4K1/P4P1P/8 b - - 4 42,b7b5 g7d7 d5e5 d7d4,577,crushing endgame master rookEndgame short,12
FOoJ0,r2q1rk1/ppp2pp1/3b1nbp/3N4/2BQ4/1P2P2P/PB3PP1/R4RK1 b - - 2 13,f6d5 d4g7,577,kingsideAttack mate mateIn1 middlegame oneMove,26
O2UOT,qr2r1k1/5pp1/7p/5N2/1P6/4P1P1/1Q3P1P/3RK3 b - - 6 37,a8a4 b2g7,577,endgame mate mateIn1 oneMove,16
cNL4A,k7/p4Rp1/B1p3p1/2p1p1b1/P5P1/2r5/5P2/6K1 b - - 0 28,c3a3 f7f8 g5d8 f8d8,577,endgame mate mateIn2 pillsburysMate short,15
oMZoR,r2qk2r/ppp2ppp/1bb1p3/4P3/3PB3/2P1PQ2/PP4PP/R1B2RK1 b kq - 2 13,c6e4 f3f7,577,attackingF2F7 mate mateIn1 middlegame oneMove,27
17VOr,rnbqkb1r/pp1p1ppp/8/2pQP3/2B5/8/PPP2PPP/R1B1K1NR b KQkq - 0 8,f8e7 d5f7,578,attackingF2F7 mate mateIn1 oneMove opening,28
2mcMQ,2r5/1b3p1p/p7/4nk2/8/1P6/P1P2PPP/R2N2K1 b - - 0 27,c8c2 d1e3 f5e4 e3c2,578,advantage endgame fork short,16
55F1F,r2r1qk1/Q4Rpp/2b1p3/1p1pP3/8/B1P1P3/6PP/5RK1 b - - 0 27,a8a7 f7f8 d8f8 f1f8,578,mate mateIn2 middlegame operaMate short,20
DJeB5,2r4k/pp5p/4Nbp1/2P5/2P3q1/6P1/P4R1P/5RK1 b - - 1 29,f6e5 f2f8 c8f8 f1f8,578,endgame master mate mateIn2 short,17
uonlJ,3rrk2/2q2ppp/p3P3/1p6/1P1P2B1/P4Q1P/6P1/3R2K1 b - - 0 30,c7c4 f3f7,578,endgame mate mateIn1 oneMove,19
uv5Dm,6k1/pR4p1/5pKp/4p3/1P5P/P7/5r2/8 b - - 3 32,e5e4 b7b8,578,endgame mate mateIn1 oneMove rookEndgame,12
ZEysS,r2r3k/1b1qb1pp/p3pp2/1p1P4/5P2/1PNQ3P/P5P1/1BRR2K1 b - - 0 26,e6d5 d3h7,579,kingsideAttack mate mateIn1 middlegame oneMove,24
bPpQR,6k1/p5pp/2r5/1ppN4/P7/2P2K1P/1P6/8 b - - 0 43,b5a4 d5e7 g8f7 e7c6,579,advantage endgame fork master short,13
74WVG,r4rk1/1bp2ppp/p4q2/2bPR3/1p6/3Q1N1P/PPB2PP1/R5K1 b - - 1 18,a8d8 d3h7,580,kingsideAttack mate mateIn1 middlegame oneMove,24
9lj1Z,2k1r3/pp3ppp/8/2p5/Pn1pN3/3P4/1PP2PPP/2RK4 b - - 1 21,b7b6 e4d6 c8d7 d6e8,580,crushing endgame fork master short,20
LaEUS,8/8/4k3/6p1/p1rRp1P1/4K2P/P7/8 b - - 1 47,c4d4 e3d4 e4e3 d4e3,580,crushing endgame short,10
gxEqI,r1bQ2k1/1p3pp1/p3pn1p/1P4q1/P1p5/8/2B3PP/R4RK1 b - - 3 28,f6e8 d8e8,580,hangingPiece kingsideAttack mate mateIn1 middlegame oneMove,21
va63b,1b1r1rk1/p3N1p1/6p1/2P1p3/3p1p2/P2R4/5PPP/2R3K1 b - - 2 26,g8h7 d3h3,580,anastasiaMate endgame master mate mateIn1 oneMove,19
7ZHPS,Q7/8/2p2pkp/1p4p1/p3P1P1/P1P2PKP/1q6/8 b - - 1 39,b2c3 a8g8,581,endgame epauletteMate mate mateIn1 oneMove queenEndgame,16
CsFot,2rq1rk1/pb2bpp1/1p2p2p/8/3Nn3/2PQ2B1/PP3PPP/1BR2RK1 b - - 2 18,e4g3 d3h7,581,mate mateIn1 oneMove opening,26
UrlDl,br1q1rk1/5ppp/pn1p1b2/3PP3/1pp5/5N1P/PPQ1NPP1/RB1R2K1 b - - 0 18,d6e5 c2h7,581,kingsideAttack mate mateIn1 oneMove opening,28
yA5am,r3k2r/ppqn1ppp/2pbpn2/6B1/3PN3/3B3P/PPP2QP1/R4RK1 b kq - 5 12,f6e4 f2f7,581,attackingF2F7 mate mateIn1 middlegame oneMove,27
gDEAO,r4rk1/pp3ppp/3b4/2pPp3/4Q3/3B3P/PqP2PP1/R3R1K1 b - - 2 18,b2d4 e4h7,582,kingsideAttack mate mateIn1 middlegame oneMove,23
sqNHC,7k/7p/1p6/7p/3PPQ2/6PP/qPr3BK/8 b - - 6 34,a2b2 f4f8,582,endgame master mate mateIn1 oneMove,14
t5gWr,3q3k/6bp/p3p3/2p2p1Q/5P2/1P5P/P5N1/7K b - - 0 39,d8d2 h5e8 g7f8 e8f8,582,endgame mate mateIn2 short,15
KNa68,r1rQ2k1/p3Bppp/8/3R4/1P6/7P/q5P1/3R3K b - - 1 30,c8d8 d5d8 a8d8 d1d8,583,backRankMate endgame mate mateIn2 short,16
Y3Emd,2r3k1/4R1p1/6Bp/p7/1n1q4/7P/P4PP1/4R1K1 b - - 1 31,b4d3 e7e8 c8e8 e1e8,583,endgame mate mateIn2 pillsburysMate short,15
yV9Jx,5k1r/1p3ppp/2q1p3/3pnb2/1P6/Q7/P4PPP/4RBK1 b - - 2 26,f8g8 a3a8 c6c8 a8c8,583,backRankMate mate mateIn2 middlegame short,20
5VimD,1Q2rk2/1p1N1p1n/p4n2/2q5/2P5/3P2R1/PP5p/4R2K b - - 5 41,f6d7 b8e8,584,mate mateIn1 middlegame oneMove,18
g3hYL,r2q1rk1/pb1n1ppp/1p1pp3/2p1P1P1/3P2P1/2NQ1N2/PPP2P2/2KR3R b - - 0 14,d6e5 d3h7,584,kingsideAttack mate mateIn1 middlegame oneMove,28
P948q,4r1k1/pp4p1/3pq2p/4bN2/2P2R2/3P2QP/P5P1/6K1 b - - 0 30,e5f4 g3g7,585,endgame mate mateIn1 oneMove,18
V6CRW,r1bqr1k1/2p2ppp/p2p1N2/8/1p6/1N3P2/PPP3PP/R2QR1K1 b - - 0 15,d8f6 e1e8,585,backRankMate hangingPiece mate mateIn1 middlegame oneMove,24
yUD7h,4Qk1r/2p2pb1/ppB2npp/8/3r4/2N5/PPP2PPP/4R1K1 b - - 1 18,f6e8 e1e8,585,mate mateIn1 middlegame oneMove operaMate,22
01xow,6k1/ppq3pp/2pNQpn1/2Pp4/8/6P1/PP4PP/3rN1K1 b - - 0 24,g8h8 e6e8 g6f8 e8f8,586,endgame kingsideAttack mate mateIn2 short,21
9ziIv,rnbqr1k1/pp1n2Bp/4p1pQ/3pPpN1/8/2pB3P/PPP2PP1/R3K2R b KQ - 1 13,e8e7 h6h7,586,kingsideAttack mate mateIn1 middlegame oneMove,29
4Xxpy,r1q2r1k/pp2b1p1/2np3B/3Bpp1Q/4P3/2P4P/PP3PP1/R4RK1 b - - 0 16,g7h6 h5h6,587,kingsideAttack mate mateIn1 middlegame oneMove,25
jEhzZ,6k1/qp1r1pp1/p2np2p/3p4/1P1P4/P1QBP2P/5PP1/2R3K1 b - - 3 24,b7b5 c3c8 d6c8 c1c8 d7d8 c8d8,587,endgame long mate mateIn3 pillsburysMate sacrifice,22
t378Q,3R3k/1b3rpp/4p3/pqp5/8/1BP5/2P2PPP/4R1K1 b - - 0 27,f7f8 d8f8,587,backRankMate endgame hangingPiece mate mateIn1 oneMove,18
8NKVe,8/1p1q1pkp/p1rPr1p1/5p2/3Q4/3RP1P1/PP5P/3R2K1 b - - 9 33,g7f8 d4h8,588,endgame mate mateIn1 oneMove,20
DvG0W,2rr2k1/pb3p2/1p1Bpq1p/2Pn2p1/3PQ3/P2B1P2/6PP/2R1R1K1 b - - 4 26,d5f4 e4h7,588,mate mateIn1 middlegame oneMove,24
Xu1OO,r2q2rk/p3RRp1/1p5Q/8/8/2Pp2P1/PP4PP/6K1 b - - 0 25,g7h6 f7h7,588,endgame mate mateIn1 oneMove queenRookEndgame,18
Ytmi8,3r3k/pp1P2pp/8/8/2P5/7P/qP2Q1PK/8 b - - 0 36,a2a5 e2e8 d8e8 d7e8q,588,advancedPawn backRankMate endgame mate mateIn2 promotion short,14
DKxQD,3r2kr/2p1Qppp/2n5/8/4b2N/4P1P1/PP1R2P1/4K2R b K - 0 23,c6e7 d2d8,589,backRankMate hangingPiece mate mateIn1 middlegame oneMove,19
THEKv,r5k1/2pnQppp/6b1/p7/3p2P1/2qP4/2P4P/1rBKRB1R b - - 2 24,d7c5 e7e8 a8e8 e1e8,589,backRankMate mate mateIn2 middlegame sacrifice short,22
BKTKb,2r2rk1/pbq1b1pp/1p2N3/4Np2/1P2pP2/2Pn2Q1/P2B2PP/R4RK1 b - - 3 21,c7d6 g3g7,590,kingsideAttack mate mateIn1 middlegame oneMove,26
RN6QD,6k1/4rp1p/1r4pP/3Pn1P1/4PR2/1pR5/8/3B3K b - - 0 43,b3b2 c3c8 e7e8 c8e8,590,endgame master mate mateIn2 short,16
eCAju,r1b1k3/pp3p1p/2pp4/4p3/P1P1P2r/6R1/1P1NBP1n/2B1K3 b q - 1 24,c8e6 g3g8 e8d7 g8a8,590,advantage middlegame short skewer,22
vV140,8/1k6/7p/1r6/P7/3N2PP/1b3PK1/8 b - - 0 43,b5b3 d3c5 b7a8 c5b3,590,crushing endgame fork short,10
9FVh8,r2q2k1/pppbrpp1/3p3P/7n/3QPB2/5P2/PPP4P/1K1R1B1R b - - 0 16,h5f4 d4g7,591,kingsideAttack mate mateIn1 middlegame oneMove,25
KihvC,r4r1k/1p1q2pp/pn3np1/4p3/3pP3/1B1P2N1/1PPQ1RPP/5RK1 b - - 3 24,f6g4 f2f8 a8f8 f1f8,593,backRankMate mate mateIn2 middlegame short,25
NHBBt,2r2rk1/1b1qbppp/p3p1n1/1p1pP3/2nP3P/P2QBNN1/1PB2PP1/1R3RK1 b - - 0 18,g6h4 d3h7,593,kingsideAttack mate mateIn1 middlegame oneMove,30
Qp5DQ,8/8/2R5/8/8/4K1p1/5r2/5k2 b - - 7 56,g3g2 c6c1,593,endgame mate mateIn1 oneMove rookEndgame,5
fzdCg,rn2k2r/pbp2pbp/1p2pnp1/4P1B1/2B5/5N2/PPP2PPP/RN1R2K1 b kq - 0 10,f6e4 d1d8,593,mate mateIn1 middlegame oneMove operaMate,28
kmMjo,r2qk2r/pp1nbpp1/2p1pn1p/8/3PN2B/3B1Q1P/PPP3P1/R4RK1 b kq - 5 12,f6e4 f3f7,593,attackingF2F7 mate mateIn1 middlegame oneMove,27
z0TkX,rn1qkb1r/pp1bpp2/2p3N1/3n3B/3P4/2N4P/PPPB1PP1/R2QK2R b KQkq - 0 11,f7g6 h5g6,594,bodenMate mate mateIn1 oneMove opening,28
VvM3r,r4rk1/1p3ppp/1p2P3/1q3b2/1P1Qn3/P7/1BP3PP/1K1R2NR b - - 0 21,f7e6 d4g7,595,kingsideAttack mate mateIn1 middlegame oneMove,23
hYSW1,5b2/p7/1p5p/1Pkp2p1/P2N2P1/3K1P1P/8/8 b - - 6 41,f8g7 d4e6 c5b4 e6g7,595,crushing endgame fork master short,14
uye3V,q2Q1k2/4rpb1/pp4pn/n7/5PP1/B1N5/PPN5/2KR1B2 b - - 0 27,a8d8 d1d8,595,mate mateIn1 middlegame oneMove pin,21
ZvVvN,4r1k1/2p1qpb1/1p2b1pp/1P2p3/8/2QP2P1/rB2PPBP/1RR3K1 b - - 0 21,e5e4 c3g7,596,kingsideAttack master masterVsMaster mate mateIn1 middlegame oneMove,24
azWi1,2q2R1k/1p5r/p2p3Q/3P4/2P3P1/1P5P/P5K1/8 b - - 2 50,c8f8 h6f8,596,endgame hangingPiece mate mateIn1 oneMove,15
rXTzp,6k1/p5p1/2n1B3/3pP1B1/2pPp2Q/2P4P/Pr4PK/5q2 b - - 0 33,g8f8 h4h8,596,endgame mate mateIn1 oneMove,19
0NAeQ,8/B7/4p1k1/1P2P3/5n1p/8/8/7K b - - 0 57,f4d5 b5b6 d5b6 a7b6,597,crushing endgame short,8
J7iFx,r1b1kb1r/p1p2pq1/2pp4/4P1Bn/4P2p/2P2N1P/PP3KP1/RN1QR3 b kq - 0 16,d6e5 d1d8,597,mate mateIn1 oneMove opening,27
6BITp,8/2N4p/6p1/2k2pP1/5P2/5K1P/1b6/8 b - - 6 50,b2g7 c7e6 c5d5 e6g7,598,crushing endgame fork master short,10
RpNDJ,k7/2r5/p7/8/2N5/P7/KP6/8 b - - 1 61,c7c8 c4b6 a8b7 b6c8,598,crushing endgame fork master short,7
nfNff,3k3r/2qPb2p/p3Ppp1/1p3P2/4Q3/7P/PP4P1/5RK1 b - - 2 32,g6f5 e4a8 c7b8 a8b8,598,endgame mate mateIn2 short,19
LWSnm,rn5k/ppp1r1p1/1b1qR2p/3P1p2/1PB5/P1Q5/1BP2PPP/5K1R b - - 0 25,e7e6 c3g7,599,kingsideAttack mate mateIn1 middlegame oneMove,25
OPWei,r2qkbnr/p1pbpppp/1pn5/8/2BP4/1QN1PN2/PP3PPP/R1B1K2R b KQkq - 1 8,c6a5 c4f7,599,attackingF2F7 mate mateIn1 oneMove opening,30
9Fo3d,r2q1rk1/pp1bnpp1/7p/2p3b1/4Q3/2PB4/PPPN1PPP/R3R1K1 b - - 4 17,g5d2 e4h7,600,mate mateIn1 middlegame oneMove,26
IOLG6,rn2r1Qk/ppp3pp/5p1N/8/3P4/q1P4P/P4BP1/1K1R4 b - - 7 22,e8g8 h6f7,600,mate mateIn1 middlegame oneMove smotheredMate,21
XWiUD,r3qrk1/pp1nb1pp/2pp1pb1/5N2/1P1PP1QP/P1N5/2P3P1/R1B2RK1 b - - 0 18,g6h5 g4g7,600,kingsideAttack mate mateIn1 middlegame oneMove,28
SHOGo,r2qk2r/pp1n1ppp/5n2/5bN1/1b6/1QN5/PP2BPPP/R1B2RK1 b kq - 3 13,b4c3 b3f7,601,attackingF2F7 mate mateIn1 oneMove opening,26
oAmg1,r6k/ppp1R2p/7p/2p2Q2/q4n2/2P5/PP1P1PrP/R1B4K b - - 1 19,a8g8 e7h7,601,kingsideAttack master mate mateIn1 middlegame oneMove,22
2nUfZ,1r6/1p4k1/2p3p1/p3p1N1/1b2P2P/4P3/PPK1B3/8 b - - 4 36,b8d8 g5e6 g7f6 e6d8,602,advantage endgame fork short,16
Ng759,1k1r4/Pp6/7p/1Q3p2/3q3p/5p2/2P3PP/1R5K b - - 0 33,b8a8 b5b7,602,endgame mate mateIn1 oneMove,15
PPVbd,2r1b2k/2Q3pp/p1n2p2/1p1B4/3P4/2P2N1P/Pq4P1/4R1K1 b - - 0 28,c8c7 e1e8,602,backRankMate hangingPiece mate mateIn1 middlegame oneMove,20
UfhlI,7k/p6P/1p3p2/P1p1p1p1/2r1q3/1Q6/1PP2P2/2K2R2 b - - 0 36,c4b4 b3g8,602,endgame mate mateIn1 oneMove,17
ulNh4,r3rNk1/pp3pp1/2p1p1n1/5qBQ/1b3P2/7R/PP4PP/R5K1 b - - 0 21,g8f8 h5h8 g6h8 h3h8,602,mate mateIn2 middlegame pillsburysMate sacrifice short,23
1ZUp0,rk2r3/pp3ppp/5nn1/3q4/5B2/1P6/1P2QPPP/2R1R1K1 b - - 7 22,g6f4 e2e8 f6e8 e1e8 d5d8 e8d8,603,long mate mateIn3 middlegame queensideAttack,21
34vnC,r1b4k/2b4Q/2p1PN1p/pP4n1/P7/4PN2/8/2K3R1 b - - 2 27,g5h7 g1g8,603,arabianMate master mate mateIn1 middlegame oneMove,17
Wthmc,r1b2rk1/2p1qppp/pbp1P3/1p6/8/P1Q2N2/1B3PPP/R4RK1 b - - 0 17,c8e6 c3g7,603,kingsideAttack mate mateIn1 middlegame oneMove,24
WSX7w,rnb1k2r/pp2ppb1/1q1p2pp/2pP4/4n2B/2N1Q3/PPP2PPP/2KR1BNR b kq - 1 9,e4c3 e3e7,604,mate mateIn1 oneMove opening,31
N5ae8,7k/R6p/1p3K2/8/6p1/1P2r3/1P6/8 b - - 0 46,g4g3 a7a8 e3e8 a8e8,605,endgame mate mateIn2 rookEndgame short,9
rUqCD,RR6/5rbk/6p1/3r1p1p/4P2P/2B5/2K3P1/8 b - - 0 38,d5c5 b8h8 g7h8 a8h8,605,endgame mate mateIn2 operaMate sacrifice short,14
GBauL,rR4k1/5ppp/2p1p3/6q1/4P1n1/1B1P2Q1/1PP3KP/8 b - - 1 29,a8b8 g3b8 g5d8 b8d8,606,backRankMate endgame mate mateIn2 short,18
uP882,3qk2r/1brnnpb1/p3p2p/1pp4R/4PPP1/2N1B3/PPPQN1B1/2KR4 b k - 0 17,d7f6 d2d8,606,mate mateIn1 middlegame oneMove,28
VRkIg,rn1q1rk1/pb2bppp/2p1p3/1p1nP1N1/2pP4/P4N2/1PQ1BPPP/R1B2RK1 b - - 4 12,h7h6 c2h7,608,mate mateIn1 middlegame oneMove,31
indnJ,2kr3r/1bpn3p/5pp1/1N1Pp3/4P3/8/2Q3PP/q4RK1 b - - 1 31,a1a6 c2c7,608,mate mateIn1 middlegame oneMove queensideAttack,19
O7P6Z,4kb1r/p2b1ppp/3p4/Q3p1B1/8/P4N2/1PPK1P1P/R6q b k - 1 16,h1a1 a5d8,609,mate mateIn1 middlegame oneMove,21
t6PV9,8/5p2/3r2p1/R6p/4p1kP/6P1/5PK1/8 b - - 13 43,d6d2 a5g5,610,endgame master mate mateIn1 oneMove rookEndgame,11
wrm4a,1r1qr1k1/p1p2pB1/2p2n2/5N2/4p3/1P5Q/P1P2bPP/1R5K b - - 1 21,b8b5 h3h8,610,mate mateIn1 middlegame oneMove,21
anc7d,r2q1rk1/2p2pp1/p1n2b1p/1p6/3PQ1b1/2NB1N2/PPP3PP/R4RK1 b - - 1 14,g4f3 e4h7,612,mate mateIn1 middlegame oneMove,26
RDQ63,2rq1rk1/p4ppp/3bpn2/3pB1Q1/P1bP4/5NP1/2P2PBP/R3R1K1 b - - 4 18,f6e4 g5g7,613,kingsideAttack mate mateIn1 middlegame oneMove,26
kUBgj,r1bqk1nr/pppp1ppp/5b2/3Q4/2B1P3/8/PPP2PPP/RNB1K2R b KQkq - 4 7,g8e7 d5f7,613,attackingF2F7 mate mateIn1 oneMove opening,28
NTAJt,5r1k/ppp2r1p/3b2P1/7R/4pp2/1P6/P1P3K1/7R b - - 0 30,f8g8 h5h7 f7h7 h1h7,614,endgame mate mateIn2 short,17
fGQcr,1rbq1r1k/5p2/1nn2Np1/p3Ppp1/1ppP4/2P4Q/PPB3PP/4RRK1 b - - 1 23,h8g7 h3h7,614,master mate mateIn1 middlegame oneMove,27
2QYGP,3rN3/pR1k1ppp/8/4p3/2Q2b2/q7/5PPP/6K1 b - - 5 30,d7e8 c4f7,616,attackingF2F7 endgame mate mateIn1 oneMove,16
JJ71V,r1q2rk1/1bpp1p2/p1n1pBp1/2b1P1NQ/8/2PB4/PPP2PPP/3R1RK1 b - - 0 18,g6h5 d3h7,616,mate mateIn1 middlegame oneMove,28
SYCkg,8/pppk4/3p2b1/3N2p1/8/2P5/PP4PP/4K3 b - - 0 32,g6e4 d5f6 d7e6 f6e4,616,advantage endgame fork master short,14
P2DC3,3r2k1/1pq3pp/p3Qb2/6r1/8/3B4/PPP2PPP/4R1K1 b - - 0 23,g8h8 e6e8 d8e8 e1e8,617,mate mateIn2 middlegame sacrifice short,19
eFHfY,6k1/7p/pp6/4r3/3pNKP1/1P5P/P7/8 b - - 3 42,e5d5 e4f6 g8g7 f6d5,617,crushing endgame fork master short,12
lppC7,r3R1k1/ppp2ppp/5q2/8/Q1Bb4/5nP1/PP4RP/K1N5 b - - 0 25,a8e8 a4e8,617,kingsideAttack mate mateIn1 middlegame oneMove,21
XFVj6,3r4/pp4kp/2n3p1/2N2p2/3p4/8/PP3PPP/3R1K2 b - - 1 26,b7b6 c5e6 g7f6 e6d8,618,advantage endgame fork short,17
kciIC,8/5pk1/8/2P5/3P3r/4N3/1KP5/5b2 b - - 2 42,f1b5 e3f5 g7f6 f5h4,618,advantage endgame fork master short,9
w0GW4,8/8/6R1/6P1/6kP/8/p6r/K7 b - - 0 58,g4h4 g6h6 h4g5 h6h2,618,crushing endgame rookEndgame short skewer,7
JumWm,2r3k1/1R5p/2n2Np1/8/4K3/P3PP1b/7B/b7 b - - 9 45,g8h8 b7h7,619,arabianMate mate mateIn1 middlegame oneMove,14
YkL3R,7R/8/8/5p2/5k2/1r5p/8/5K2 b - - 3 53,f4f3 h8h3 f3f4 h3b3,619,crushing endgame rookEndgame short skewer,6
bRey6,r5rk/1bq2pb1/p3pBp1/4p2Q/P2p4/1P1B3R/2P2PPP/4R1K1 b - - 0 24,g6h5 h3h5,619,kingsideAttack mate mateIn1 middlegame oneMove,24
fSoDJ,7r/4N1pk/1p1p4/pPb4r/P4R2/3q2P1/5P2/5RK1 b - - 0 34,h5e5 f4h4 e5h5 h4h5,619,anastasiaMate mate mateIn2 middlegame short,17
vlOZp,r2q1rk1/pp3ppp/1n1p1b2/2pNP3/3n1P2/3QB2P/PP4P1/RB3RK1 b - - 0 19,b6d5 d3h7,619,kingsideAttack mate mateIn1 middlegame oneMove,27
A9PEK,r4bk1/p4Qpp/1p2p3/2p5/4p3/4B3/P3q1PP/5RK1 b - - 3 29,g8h8 f7f8 a8f8 f1f8,620,backRankMate endgame mate mateIn2 short,18
iIEqZ,rnbqk2r/pppp1ppp/8/b3p3/2B5/2P2Qn1/PP1P1PPP/R1B1K1NR b KQkq - 1 7,g3h1 f3f7,620,attackingF2F7 mate mateIn1 oneMove opening,30
kEpch,5q1k/pp4pp/5pb1/8/2Q2PP1/1P2P3/2n4P/6K1 b - - 0 31,f8a3 c4c8 g6e8 c8e8 a3f8 e8f8,620,endgame long mate mateIn3,16
dmQnJ,r2q1rBk/p1p2pp1/1p2p3/n2p4/2bP4/P1P1PNP1/2Q2PP1/R3K2R b KQ - 1 15,h8g8 c2h7,621,mate mateIn1 middlegame oneMove,26
luT7m,1k6/8/1p5Q/4q3/6KP/8/8/8 b - - 18 74,e5e4 h6f4 e4f4 g4f4,622,crushing endgame queenEndgame short,6
z4x3g,2k4r/ppp2pp1/4q3/3p4/3P1P2/1P2P2p/P1Q2P1P/2R4K b - - 2 22,e6g4 c2c7,622,endgame mate mateIn1 oneMove queensideAttack,20
7aO9d,1rb2rk1/R2n1ppp/1q2p3/1p1n2N1/2pP4/4P1P1/1PQN1PBP/R5K1 b - - 4 15,d5b4 c2h7,623,kingsideAttack mate mateIn1 middlegame oneMove,26
dtUbj,5k2/1p2bppp/1N6/1P1PPp2/p7/Pb1K2P1/7P/2B5 b - - 0 32,e7c5 b6d7 f8e7 d7c5,623,advantage endgame fork short,18
85nTd,rn1qkb1r/pb1pp1pp/2p2B2/8/B3p3/2NP4/PPP2PPP/R2QK1NR b KQkq - 0 7,g7f6 d1h5,624,mate mateIn1 oneMove opening,29
MuCMY,3rQ1k1/ppq2p2/6pp/6r1/2B2Pb1/P1B5/1PP2P1K/R3R3 b - - 2 25,d8e8 e1e8 g8h7 e8h8,625,kingsideAttack mate mateIn2 middlegame operaMate short,21
RYiQj,r1b2rk1/pppn1ppp/3p4/8/q2BQ1P1/3B3P/1P3P2/4RRK1 b - - 3 22,d7c5 e4h7,625,kingsideAttack mate mateIn1 middlegame oneMove,23
ac8ti,r4r1k/pp2pP1p/1n2BRp1/6B1/8/1R6/P1P3PP/6K1 b - - 0 24,e7f6 g5f6,626,endgame mate mateIn1 oneMove,19
rTUkt,3b4/R4pk1/3pB1p1/p2P2P1/1p2PK2/rP6/8/8 b - - 11 45,a3b3 a7f7 g7h8 f7f8,626,crushing endgame master masterVsMaster short,15
9Dfwu,5b2/7p/p2k2p1/1p3p2/2pN1P2/1PP1K3/P4P1P/8 b - - 0 32,d6c5 d4e6 c5d5 e6f8,627,crushing endgame fork short,16
Jynae,r1bq1rk1/pppnb1pp/2n1N3/4Pp2/3p1B2/2NB2Q1/PPP2PPP/R4RK1 b - - 1 13,e7h4 g3g7,627,kingsideAttack mate mateIn1 middlegame oneMove,30
MUB40,5r1k/p2p1q1Q/1p2pNp1/8/3P2P1/7R/Pr3P1P/6K1 b - - 0 24,f7h7 h3h7,627,arabianMate endgame mate mateIn1 oneMove,18
SElTi,1q3rk1/4bppp/8/r3n3/2NQP3/2Pp3B/PP3P1P/R2K2R1 b - - 0 25,e5c4 d4g7,627,kingsideAttack mate mateIn1 middlegame oneMove,22
WXYUp,2r1r1k1/1b2bpp1/p3p2p/1p1p3P/3N2P1/1NPQPPq1/PPB2R2/R6K b - - 0 21,g3f2 d3h7 g8f8 h7h8,627,kingsideAttack mate mateIn2 middlegame short,27
Mu1LW,8/2r5/4k2R/5p2/4pK2/8/6P1/8 b - - 1 49,e6f7 h6h7 f7e6 h7c7,628,crushing endgame master rookEndgame short skewer,7
xsDqt,r2qk2r/1b1p1p2/pp1Pp1pp/3n4/3Q1P2/8/PPP1B1PP/R1B2RK1 b kq - 0 14,b6b5 d4h8,628,hangingPiece mate mateIn1 middlegame oneMove,26
2XeTM,7k/1pr2r1Q/2p2Np1/2np1nP1/5P2/qpN1P3/P1P4R/1K5R b - - 0 30,f7h7 h2h7 c7h7 h1h7,629,arabianMate kingsideAttack mate mateIn2 middlegame short,22
QjDYE,6k1/7p/6p1/pRr2p2/P6P/6PK/5P2/8 b - - 3 36,c5b5 a4b5 g8f7 b5b6 f7e6 b6b7,629,advancedPawn crushing endgame long,12
6hEye,r5k1/p2n2p1/2pP1n1p/1p4p1/4N1P1/6BP/PPP3K1/4R3 b - - 3 25,a8e8 e4f6 d7f6 e1e8,630,crushing discoveredAttack endgame kingsideAttack short,20
GQ6oL,r1b2bkr/pp4pp/2p5/3NP3/4pB1q/8/PPP2PPP/R2Q1RK1 b - - 0 13,c6d5 d1d5 c8e6 d5e6,630,kingsideAttack mate mateIn2 middlegame short,25
74cdY,6k1/6p1/q2NR2p/pppP4/8/P4P1P/1PK2R2/6r1 b - - 0 33,a6a8 e6e8 a8e8 d6e8,631,crushing endgame fork short,17
dRw8V,r2q3r/pbpN1pkp/1pn4p/2bQP3/2B5/5N1P/PP3PP1/R3R1K1 b - - 2 16,c6a5 d5f7,631,mate mateIn1 middlegame oneMove,26
zqW77,5rk1/1p4p1/p3r2p/2ppqN2/R3n1Q1/1P2P3/P5PP/5RK1 b - - 3 27,e4f6 g4g7,631,kingsideAttack mate mateIn1 middlegame oneMove,21
CyOeu,rnb2k1r/ppN1ppbp/6p1/4P2n/5B2/8/PPP2PPP/3RKBNR b K - 0 9,h5f4 d1d8,632,backRankMate mate mateIn1 oneMove opening,27
E9v5w,r3r1k1/ppq2p1p/3p2p1/2PRnb2/8/1B6/PB2Q1PP/K3R3 b - - 0 24,e5d3 e2e8 a8e8 e1e8,632,kingsideAttack mate mateIn2 middlegame pillsburysMate short,22
EV5IH,r6k/1ppb1Rp1/p5Bp/7Q/3q4/8/PPP3PP/7K b - - 1 24,d7e8 f7f8,632,endgame mate mateIn1 oneMove pillsburysMate,18
KdScl,2r1r1k1/ppq2pp1/1n5p/n2P1Nb1/2p1PN2/PPQ5/6PP/2B1RRK1 b - - 1 27,a5b3 c3g7,632,kingsideAttack mate mateIn1 middlegame oneMove,26
KzuHG,8/3kr3/p3Q3/8/7P/1N6/P1P5/2K5 b - - 0 40,e7e6 b3c5 d7d6 c5e6,632,crushing endgame fork short,9
ULt3r,r2qk1nr/3pppb1/b1n3p1/1R6/P3P2p/1Q3N2/B2N1PPP/2B2RK1 b kq - 2 16,a6b5 b3f7,632,attackingF2F7 mate mateIn1 middlegame oneMove,26
pYrmL,1r4k1/1r3ppp/4p1q1/1ppRQ3/8/P1P2N1P/1P3PP1/4R1K1 b - - 0 28,e6d5 e5e8 b8e8 e1e8,632,backRankMate endgame mate mateIn2 sacrifice short,21
DMwgw,3r2k1/pb4pp/1p3r2/2bBN3/5P2/1P4P1/P2R3P/3R3K b - - 0 29,b7d5 d2d5 d8d5 d1d5,633,middlegame,19
NAhGd,2krr3/ppp5/1n2q3/2b1np1p/3P1QpP/1PN3B1/1PP3P1/2KR2NR b - - 0 23,e5g6 f4c7,633,mate mateIn1 middlegame oneMove queensideAttack,26
l7uYe,3r2k1/p1q2pp1/1pn4p/1B3Q2/5n2/2P4P/P2B1PP1/4R1K1 b - - 0 24,d8d2 e1e8,633,mate mateIn1 middlegame oneMove,20
rXM0g,r4R1k/7r/2pQ3p/p1p3p1/N2p2P1/nP1P1N1K/P4q2/4R3 b - - 6 31,a8f8 d6f8,633,kingsideAttack master mate mateIn1 middlegame oneMove,21
BOywP,8/7Q/4p2q/p6k/1p5R/7P/r4PP1/6K1 b - - 2 36,h5h4 h7h6,634,endgame hangingPiece mate mateIn1 oneMove,12
FvDAE,4rrk1/1p3p2/p2p2p1/3P3p/2P3R1/1P2P1PQ/P1q4P/B4RK1 b - - 0 25,h5g4 h3h8,634,endgame mate mateIn1 oneMove,22
Lcsmb,5rk1/2R3pp/p3q3/1p1pPp2/1P6/6Q1/P5PP/6K1 b - - 1 35,f5f4 g3g7,634,endgame mate mateIn1 oneMove,17
jgLzE,r1bqkbnr/pp1np2p/5pB1/2ppP2Q/3P1P2/8/PPP3PP/RNB1K1NR b KQkq - 0 7,h7g6 h5g6,634,mate mateIn1 oneMove opening,31
Gpco8,r4rk1/2q1bppp/p2p4/3PnQP1/1p5P/3B4/PPP1N3/2KR3R b - - 0 19,a8c8 f5h7,635,kingsideAttack mate mateIn1 middlegame oneMove,24
JyvS4,r3Q2k/1bb3pp/p5n1/1pB5/6p1/P1P2qP1/1P3P1P/R3R1K1 b - - 2 29,a8e8 e1e8 g6f8 e8f8 f3f8 c5f8,635,advantage fork long middlegame,22
U52Me,r2qkb1r/pppnp2p/2n1p1B1/3p3Q/3P4/8/PPP2PPP/RNB1K2R b KQkq - 0 10,h7g6 h5g6,636,mate mateIn1 oneMove opening,28
53T6q,b2k3r/2b2ppp/R3p3/8/4PB2/5P2/1P2K1PP/8 b - - 0 28,c7f4 a6a8 d8e7 a8h8,637,advantage endgame hangingPiece short skewer,16
WVMJC,rn2kb1r/pp3ppp/2p1pn2/4q1B1/2P3b1/2NQ4/PP2BPPP/3RK2R b Kkq - 5 11,g4e2 d3d8,637,mate mateIn1 middlegame oneMove,28
haGiN,2r2rk1/p2nqppp/4b3/1p1B4/1P1Q4/P5P1/1B2PP1P/R4RK1 b - - 2 18,e6d5 d4g7,637,kingsideAttack mate mateIn1 middlegame oneMove,23
KsBjd,2kr2nr/ppp3bp/4p1p1/q4p2/PPQ2B2/2P3N1/4BPPP/n4K1R b - - 0 17,a5d5 c4c7,638,mate mateIn1 middlegame oneMove queensideAttack,26
03ZLx,8/2N2kp1/3p3p/8/1r4P1/5K1P/8/8 b - - 0 40,f7e7 c7d5 e7e6 d5b4,639,crushing endgame fork short,9
AZ9Xn,r2q1rk1/1p1n1ppb/2n1p2p/p4P2/4p1QP/PP1P4/1B1N2BP/2R2RK1 b - - 1 18,e6f5 g4g7,639,kingsideAttack mate mateIn1 middlegame oneMove,27
BIqZ4,8/5ppk/2r1pN1p/1p2P3/5nq1/1P1Q4/P5PP/5RK1 b - - 1 28,h7h8 d3h7,639,endgame mate mateIn1 oneMove,18
ikk3D,3r1rk1/ppp2ppp/5b2/3B2q1/4P3/P1P4Q/1P5R/5R1K b - - 10 27,d8d5 h3h7,639,mate mateIn1 middlegame oneMove,20
3po9M,r4rk1/5p1p/pp2pN2/4q3/P4b2/3Q3R/1PP2PP1/R6K b - - 0 24,e5f6 d3h7,640,mate mateIn1 middlegame oneMove,20
yjpN5,2r3k1/5p1p/2P3p1/2rB4/8/4P2P/5PP1/3R2K1 b - - 0 36,c8d8 d5f7 g8f7 d1d8,640,crushing discoveredAttack endgame master short,14
36L2y,r4rk1/ppN2ppp/1q4nB/3p1b2/8/2Q5/PPP2bPP/2K1R1NR b - - 1 16,f2e1 c3g7,641,kingsideAttack mate mateIn1 middlegame oneMove,25
8ZIce,rn1q1rk1/pbp2Nb1/1p1ppnp1/7p/2B1P3/2NP3Q/PPP2PPP/R1B2RK1 b - - 0 10,g8f7 h3e6,641,mate mateIn1 oneMove opening,31
0TDwx,6R1/5r1p/p5P1/5p1k/P4K2/8/8/8 b - - 0 46,h7g6 g8h8 f7h7 h8h7,642,endgame mate mateIn2 rookEndgame short,9
gWBxh,r2q1r1k/1bpnbNpB/1p2pn1p/6N1/3P3P/p1P1B3/PPQ2PP1/2KR3R b - - 0 15,f8f7 g5f7,642,hangingPiece kingsideAttack mate mateIn1 middlegame oneMove,29
Au1TN,3r1rk1/6p1/p6p/4pqb1/2p1N3/2P2PQP/P7/1R4RK b - - 7 33,g5f4 g3g7,643,mate mateIn1 middlegame oneMove,19
hThJj,r1bqkbnr/pp1np3/2pp1p2/6NB/8/4P3/PPPP2PP/RNBQ1RK1 b kq - 1 8,h8h5 d1h5,643,hangingPiece mate mateIn1 oneMove opening,29
zv290,kr6/pQ3p2/5r1p/5Pp1/3q4/3P4/P1P3PP/1R2R2K b - - 0 27,b8b7 e1e8 d4d8 e8d8 b7b8 b1b8,643,endgame long mate mateIn3 queenRookEndgame,18
3oFkR,1rbqkbnr/3npppp/p7/1p1Qp3/8/1B3N2/PPP2PPP/RNB1K2R b KQk - 1 9,c8b7 d5f7,644,attackingF2F7 mate mateIn1 oneMove opening,29
ALHvz,r2qkb1r/3npp2/2pp3p/1p4p1/3P4/2N1P1P1/PP1NQ1PP/R4RK1 b kq - 0 14,f7f6 e2h5,644,mate mateIn1 middlegame oneMove,26
DnaLP,3R2k1/4Bppp/p1b5/1pp5/4q3/6r1/PPP3PP/5R1K b - - 1 25,c6e8 d8e8,644,endgame hangingPiece mate mateIn1 oneMove,19
S8Lyc,2b3Qk/2q2p1p/pp3P2/2p5/3p4/1P1P4/P1P1R2P/5RK1 b - - 0 32,h8g8 e2e8,644,endgame mate mateIn1 oneMove,19
96pj0,1r5k/6pp/5b2/p7/P4q2/1Q1R3P/1PP3P1/1K1R4 b - - 4 30,b8b3 d3d8 f6d8 d1d8 f4f8 d8f8,645,backRankMate endgame long mate mateIn3 sacrifice,16
HWmFe,8/1k6/7p/1P4p1/1r2N2P/5KP1/8/8 b - - 0 48,b4b5 e4d6 b7c6 d6b5,645,crushing endgame fork master short,9
M67C6,2r2rk1/pb4pB/1p1bq3/2pp4/3P1P1B/2P1PN2/PP3K1P/R2Q4 b - - 0 21,g8h7 f3g5 h7g8 g5e6,645,crushing fork master middlegame short,24
AwUKl,6k1/r6p/pq1p2pQ/1p1Pb1p1/6P1/1P1P4/1P2K3/5R2 b - - 0 29,a7e7 f1f8,646,endgame killBoxMate mate mateIn1 oneMove,18
STpvJ,k1r4r/1p3ppp/pB3b2/8/3pPP2/3K4/bP3NPP/2R4R b - - 0 24,f6d8 c1c8,646,hangingPiece master mate mateIn1 middlegame oneMove pillsburysMate queensideAttack,21
WgxJ0,r2r2k1/pp3ppp/4p3/3p2q1/8/2Q3RP/PP3PP1/R5K1 b - - 2 21,g5e7 c3g7,646,endgame kingsideAttack mate mateIn1 oneMove,20
nEYB4,2kr1b1r/ppp2pp1/2n5/1q6/3PpQb1/2P1P1B1/PP1N3P/R3K1NR b KQ - 8 15,f7f5 f4c7,646,mate mateIn1 middlegame oneMove queensideAttack,26
4H4LF,rnbqkbn1/ppppp3/5p1r/4B1pQ/3P4/3BP3/PPP2PPP/RN2K1NR b KQq - 0 6,h6h5 d3g6,647,doubleBishopMate mate mateIn1 oneMove opening,31
K59Sf,7Q/2kp4/p1q1p3/1p1rB1p1/5n2/2P5/PP3R2/6K1 b - - 9 38,c7b7 h8b8,647,endgame mate mateIn1 oneMove swallowstailMate,16
PILQx,rn1k4/5Rp1/1p2p3/3pb3/8/P7/1PP3PP/RK6 b - - 0 27,b8c6 f7f8 d8c7 f8a8,647,advantage endgame short skewer,16
PP5jL,6k1/pp3p2/2p3pp/5b2/8/1P2R2P/P1r2PPK/B7 b - - 0 28,c2a2 e3e8 g8h7 e8h8,647,endgame mate mateIn2 operaMate short,17
nuVAU,rqb3k1/4rppp/p2pp3/2N1n3/1P2PP2/P7/3QB1PP/R3K2R b KQ - 0 21,d6c5 d2d8 e7e8 d8e8,647,fork mate mateIn2 middlegame short,24
8bssk,7k/p4ppp/1p2p3/2p1P3/8/1B4Q1/P2r1N1P/4q1RK b - - 7 30,e1f2 g3g7,648,endgame mate mateIn1 oneMove,18
Y9fDk,2kr3r/Bppqbppp/5n2/3P3b/2B5/1PN4P/1P2NPP1/R4RK1 b - - 0 15,b7b6 c4a6,648,doubleBishopMate mate mateIn1 middlegame oneMove,25
kYIAX,r1q1r1k1/1b3ppp/p1n1p2B/1p2b1Q1/3pN3/P2R4/1PB2PPP/4R1K1 b - - 3 22,f7f6 g5g7,649,kingsideAttack mate mateIn1 middlegame oneMove,26
m6mBE,r1bqk2r/2p2pp1/p2p2np/1p1Q4/4PB2/1B6/PPP2PPP/R3K2R b KQkq - 0 13,g6f4 d5f7,649,attackingF2F7 mate mateIn1 middlegame oneMove,26
zQnK4,r4rk1/1bq2ppp/p1n1p3/1p1nN3/3PQ3/P1BB4/1P3PPP/2R2RK1 b - - 5 17,c6e5 e4h7,649,kingsideAttack mate mateIn1 middlegame oneMove,26
A1oKn,r4rk1/3p1ppp/p3p3/8/8/1P2PK2/P1q2PQP/R5R1 b - - 6 26,d7d5 g2g7,651,endgame mate mateIn1 oneMove,19
OcIEG,r2q1rk1/pb3ppp/1p1bpn2/6Q1/2B4P/PP3P2/1BPN4/3K2NR b - - 0 16,f6d5 g5g7,651,kingsideAttack mate mateIn1 middlegame oneMove,25
TGMKH,rn1qkbnr/pp2p1p1/2p1P3/3p2pp/3P3P/3Q4/PPP2PP1/RN2K1NR b KQkq - 0 8,g8f6 d3g6,651,mate mateIn1 oneMove opening,29
i9pAh,2b2b1k/7p/1p2qpr1/p2p1N1Q/3P1P1R/PP4P1/3B2PK/8 b - - 0 38,e6f5 h5h7,651,kingsideAttack master mate mateIn1 middlegame oneMove,21
mL3xW,rn1q1b1r/ppp1kBpp/5n2/8/3p2b1/1Q2PN2/PP3PPP/RNB2RK1 b - - 4 8,g4f3 b3e6,651,mate mateIn1 oneMove opening,28
C3nfk,2kr4/1p3pp1/4p2p/8/3PpQP1/q3P2P/1R6/1K6 b - - 0 29,a3d3 b2c2 d3c2 b1c2,652,crushing endgame master short,16
qk1n2,r5rk/pp3p1p/3q1PpQ/2pPp3/4P3/2PB3R/PP4PP/6K1 b - - 1 26,d6f6 h6h7,652,endgame kingsideAttack mate mateIn1 oneMove,23
85mnF,7k/3b1rpp/3p4/2pPp1Q1/1qB1P3/2N3P1/7P/6K1 b - - 2 40,b4c4 g5d8 d7e8 d8e8 f7f8 e8f8,653,endgame fork long mate mateIn3,17
gcZKr,8/1R2k3/2p1p3/2Np1p2/1p1P4/6P1/2n4K/3b4 b - - 4 51,e7d6 b7d7,653,endgame epauletteMate hookMate mate mateIn1 oneMove,13
xos22,4rrk1/1p1q1pp1/p1n4P/3p4/2PPn3/1N1Q3b/P1BB1P1K/R3R3 b - - 0 23,e4f2 d3h7,653,mate mateIn1 middlegame oneMove,24
xsRC5,6R1/pp2k1p1/6P1/8/7p/P7/1PP2r2/2K5 b - - 4 31,e7f6 g8f8 f6g5 f8f2,653,crushing endgame rookEndgame short skewer,12
fiqGy,7r/3B2pp/7q/1r5P/k7/1Q6/P4PP1/6K1 b - - 16 38,a4a5 b3b5,654,endgame mate mateIn1 oneMove,13
fzR0e,8/3bk1B1/2p2Q2/1pPp1p2/1P1P4/2q2PPB/1r5P/6K1 b - - 1 32,e7e8 f6f8,654,endgame mate mateIn1 oneMove,18
SFafQ,1rb3k1/p3rppp/2R5/3p4/2B5/1P6/P1P2PPP/3R2K1 b - - 2 18,d5c4 d1d8 e7e8 d8e8,655,backRankMate endgame mate mateIn2 short,19
sfxCN,r1b2r1k/ppp2Npp/8/8/2B5/5P2/P2q1P1P/R3R1K1 b - - 3 18,f8f7 e1e8 f7f8 e8f8,655,backRankMate mate mateIn2 middlegame short,19
tMGBg,r2q1rk1/pp2bppp/2p1b3/3N4/3Q4/1P4P1/PB2PPBP/R4RK1 b - - 0 13,e6d5 d4g7,655,kingsideAttack mate mateIn1 middlegame oneMove,25
KrAei,r4rk1/pp1bbpp1/4p2p/1q4N1/3pQB1P/3P4/PP3PP1/R4K1R b - - 6 17,d7c6 e4h7,656,mate mateIn1 middlegame oneMove,25
fdAps,r1bq1rk1/pp3ppp/1np1pb2/8/3PQB2/2PB1N2/PP3PPP/R4RK1 b - - 2 14,d8d5 e4h7,656,kingsideAttack mate mateIn1 middlegame oneMove,28
sK9LU,5b1r/p2R1ppp/2B5/4R3/5pk1/5PP1/Pr5P/6K1 b - - 0 25,g4h3 e5h5,656,endgame mate mateIn1 oneMove,17
9TxSS,r1b1r1k1/pp3pPp/2p5/2P5/3p4/1Q1Bq1P1/PP5P/R4R1K b - - 0 20,c8h3 b3f7,657,kingsideAttack mate mateIn1 middlegame oneMove,22
xezge,r1b1r1k1/1pq2ppp/p7/2ppb3/8/P2P1P2/1PP2QPP/RN2R1K1 b - - 1 17,e5d4 e1e8,657,backRankMate hangingPiece mate mateIn1 middlegame oneMove,25
6VyJz,r2qkb1r/1p1b1ppp/p1n2n2/1N2N3/2Qp4/6P1/PP2PPBP/R1B2RK1 b kq - 0 11,a6b5 c4f7,659,attackingF2F7 mate mateIn1 middlegame oneMove,28
EqVpH,8/3b4/2p5/1p3k1N/1P1P3p/4K3/7P/8 b - - 13 44,f5g4 h5f6 g4f5 f6d7,659,crushing endgame fork master masterVsMaster short,10
qzCMh,6k1/Qp3ppp/2p5/3qP3/8/2P4P/P4PP1/6K1 b - - 0 24,d5e5 a7a8 e5b8 a8b8,659,backRankMate endgame mate mateIn2 queenEndgame short,15
8ihMT,8/6pR/p3p3/1p1pPk2/3P4/1P6/1P3r2/2K5 b - - 4 46,g7g5 h7f7 f5e4 f7f2,660,crushing endgame rookEndgame short skewer,13
dECQF,8/7p/K7/3p4/1P2k2P/8/8/8 b - - 0 47,e4d4 b4b5 d4e3 b5b6 d5d4 b6b7 d4d3 b7b8q,660,advancedPawn crushing endgame pawnEndgame promotion quietMove veryLong,6
bgYT6,rnbqk1nr/pp1p1pbp/6p1/2pQ4/2B1P3/5N2/PPP2PPP/RNB1K2R b KQkq - 0 6,g8f6 d5f7,661,attackingF2F7 mate mateIn1 oneMove opening,30
K82iL,r2r2k1/p5p1/1p2p2p/8/2qPP3/5P1P/3Q2P1/R2R2K1 b - - 2 28,c4d4 d2d4 d8d4 d1d4,662,crushing endgame short,18
IZ5DP,4r1k1/5Qpp/3p1b2/6q1/1n6/1B6/2P2PPP/1R1b2K1 b - - 0 25,g8h8 f7e8,663,backRankMate hangingPiece mate mateIn1 middlegame oneMove,17
kjdYX,8/8/5k1p/1r3p1K/1P1pnN2/5RP1/5P1P/8 b - - 0 39,b5b4 f4d5 f6e6 d5b4,663,crushing endgame fork master short,13
I2Yx8,8/4r2k/1pb1P2p/p1b4q/2Pp2p1/3P1p2/7R/2B1RQK1 b - - 2 53,g4g3 h2h5 f3f2 f1f2 g3f2 g1f2,664,advantage hangingPiece long middlegame,19
MvLSD,5k2/8/2K2P2/3P4/n7/8/8/8 b - - 1 52,a4c3 d5d6 c3e4 d6d7 e4f6 d7d8q,664,advancedPawn crushing endgame knightEndgame long promotion,5
O2GKR,r5k1/pppnqrp1/1b1p1N1p/3Pp1N1/8/3Q4/PPP3PP/R6K b - - 1 18,f7f6 d3h7 g8f8 h7h8,664,kingsideAttack mate mateIn2 middlegame short,24
cv9fW,5k2/5ppp/1p1N1n2/2pP2q1/8/6r1/4R1B1/4R1K1 b - - 0 35,g5d5 e2e8 f6e8 e1e8,664,mate mateIn2 middlegame sacrifice short,15
mmuG6,5rk1/1b3ppp/p3p3/2b4N/1p2n1QP/5N2/PqB2PP1/5RK1 b - - 1 26,e4f6 g4g7,665,kingsideAttack mate mateIn1 middlegame oneMove,22
pEQxi,r1b1kb1r/pp3p1p/2q1pp2/8/2p1P3/2N5/PP1Q1PPP/2KR1B1R b kq - 1 11,f8b4 d2d8,665,mate mateIn1 middlegame oneMove,25
YcC3V,2r5/5pkp/p1r1p1p1/2Nn4/8/P6P/2R2PP1/2R3K1 b - - 6 28,a6a5 c5e6 c6e6 c2c8,666,advantage deflection discoveredAttack endgame short,17
ieqLF,1r1r2k1/5ppp/2p1p3/p1P5/P7/4P3/n1K1BPPP/1R1R4 b - - 9 27,b8b1 d1d8,666,backRankMate endgame hangingPiece mate mateIn1 oneMove,20
Fuikz,3r2k1/pB3pp1/4p2p/4P3/5P2/3b2QP/Pq1r1P1K/5RR1 b - - 0 23,d3f1 g3g7,667,mate mateIn1 middlegame oneMove,20
NVPq5,rnbq1rk1/ppp1b1pB/3ppn2/6N1/8/2N4Q/PPP2PPP/R1B1K2R b KQ - 0 9,f6h7 h3h7,667,kingsideAttack mate mateIn1 oneMove opening,28
f1m6J,rn1R1rk1/pp3ppp/2p1p1b1/4q3/1bB2nP1/2N4P/PPP2P2/3Q1K1R b - - 5 16,b4c3 d8f8 g8f8 d1d8,667,attraction kingsideAttack mate mateIn2 middlegame short,27
rkcCX,3N2k1/p1r1R1pp/2b2n2/8/5b2/8/P5PP/4R2K b - - 1 32,c6a8 e7e8 f6e8 e1e8,667,mate mateIn2 middlegame sacrifice short,15
dIbRB,6k1/pp1r2bp/3p4/2p1p3/4NnP1/8/PPP1n2P/3R1R1K b - - 3 31,g7f8 e4f6 g8f7 f6d7,668,advantage fork middlegame short,20
pynXL,2r1r1k1/p3bpp1/1pn4p/3q4/2RP4/1Q2BN1P/P4PP1/2R3K1 b - - 2 22,c6a5 c4c8 a5b3 c8e8,668,crushing middlegame short,22
KxkTM,8/8/pp6/6K1/1P6/1k5P/8/8 b - - 1 61,b3b4 h3h4 b4a3 h4h5 b6b5 h5h6 b5b4 h6h7 b4b3 h7h8q,669,advancedPawn crushing endgame pawnEndgame promotion quietMove veryLong,6
RJfQy,1rbr2k1/1pq2pbp/p2ppnp1/2P1n3/1P2P3/1NN1BP2/P2QB1PP/2RR2K1 b - - 0 18,d6c5 d2d8 c7d8 d1d8,669,crushing kingsideAttack middlegame short,30
6TsRS,2r2r2/2q1p1k1/p2p4/1p1Bb2Q/4P2P/5P2/PPP5/2K3R1 b - - 5 24,g7f6 g1g6,670,mate mateIn1 middlegame oneMove pillsburysMate,19
FgHYG,8/8/7p/p2kp3/2p1N1PP/P1P1K3/4b3/8 b - - 1 46,e2g4 e4f6 d5d6 f6g4,670,crushing endgame fork short,12
a0vRD,r7/Prp5/2p1p1p1/4Pk1p/1P1p1P2/R4K2/5P1P/6R1 b - - 1 38,g6g5 g1g5,670,endgame mate mateIn1 oneMove rookEndgame,18
htqBn,2r2k2/pp3ppQ/4pb2/n2p4/3P3P/2P5/Pq1N1PP1/R4RK1 b - - 0 19,b2d2 h7h8 f8e7 h8c8,670,crushing middlegame short skewer,22
lZGOJ,r5rk/1p4bp/p1pN4/P2n1bQq/3Pp3/2P4P/1P3PPB/RN3RK1 b - - 2 26,h5g5 d6f7,670,master mate mateIn1 middlegame oneMove smotheredMate,26
mVZb0,1k1r4/ppp5/3p2p1/3Pn1Qp/1P2qR2/2P5/P5PP/6K1 b - - 1 31,e4d5 g5d8,670,endgame hangingPiece mate mateIn1 oneMove queensideAttack,19
AJXmN,8/8/8/6P1/4p3/4k1K1/8/8 b - - 0 60,e3e2 g5g6 e4e3 g6g7 e2d2 g7g8q,671,advancedPawn crushing endgame long pawnEndgame promotion,4
HZzzb,2R5/6pk/8/1bP2p1P/5K2/8/2r5/8 b - - 1 52,h7h6 c8h8,672,endgame mate mateIn1 oneMove,9
fO5U2,r3brk1/p3bp1p/2p3p1/q1Np4/8/P1Q1PB2/1B3PPP/R3K2R b KQ - 2 20,a5c5 c3h8,672,mate mateIn1 middlegame oneMove,24
12EcE,4r3/2p5/5p1k/pP5p/2pP3P/2Pq2N1/P3p1PK/4Q3 b - - 1 47,d3e3 g3f5 h6g6 f5e3,673,crushing endgame fork master short,18
UZunz,4r1k1/2r2ppp/4b3/3pN3/Q7/3N1P2/PP2q1PP/R6K b - - 0 26,c7c2 a4e8,673,hangingPiece mate mateIn1 middlegame oneMove,19
eXBU4,2rq1r1k/pp1b1NpB/1n2pn1p/3p2N1/3P1P2/6P1/PP3P1P/RQ3RK1 b - - 0 17,f8f7 g5f7,673,hangingPiece kingsideAttack mate mateIn1 middlegame oneMove,27
zGZVU,8/pp3p1b/2pb1p2/5Pk1/P2P2P1/1Pn2K2/3N2B1/8 b - - 2 34,c3d5 d2e4 g5h4 e4d6,673,advantage endgame fork short,17
HVy4E,2krq2r/Qpp1p3/2b2p1b/3p3p/3P1P2/2P1P3/PP1N1P1P/R3K2R b KQ - 1 16,e8d7 a7a8,674,mate mateIn1 middlegame oneMove,25
QQjdi,r3r1k1/pppn1ppp/3p1N2/3P4/2P2q2/1P5P/P1Q1RPP1/4R1K1 b - - 3 21,f4f6 e2e8 a8e8 e1e8,674,advantage kingsideAttack middlegame short,24
SyyUX,2k5/ppp2Np1/5n1p/2q5/4p3/7P/PPP3P1/3RR2K b - - 1 25,c5e7 d1d8 e7d8 f7d8,674,advantage endgame queensideAttack short,18
Ytvx7,r1bqk2r/pppp1ppn/2n4p/3QP3/1bB5/2N2N2/PP3PPP/R1B2RK1 b kq - 2 9,b4c3 d5f7,674,attackingF2F7 mate mateIn1 oneMove opening,29
mWS8g,8/p4R2/1p1k3p/1BpPb3/4P3/8/PP4r1/4K3 b - - 5 31,g2b2 f7d7,674,endgame master mate mateIn1 oneMove operaMate,14
KgPZk,3r1rk1/ppp2qpp/2npp3/4P1N1/2NP1n2/P6P/1PQ2PP1/R3R1K1 b - - 4 17,f7e7 c2h7,675,kingsideAttack mate mateIn1 middlegame oneMove,26
Muvl5,1bb3k1/6p1/5n1p/p1p2N2/PpPp1PP1/1P1B3P/8/4B2K b - - 0 35,b8f4 f5e7 g8f7 e7c8,675,advantage endgame fork master short,20
z5Nir,2q3k1/4rppp/1p6/p7/Pn1PN3/1P2P2P/5QP1/5RK1 b - - 0 25,e7e4 f2f7 g8h8 f7f8 c8f8 f1f8,675,backRankMate endgame long mate mateIn3,19
5WhqI,2rqr1k1/pp2nppp/2n1b3/8/1P6/P1Q2N2/1B3PPP/R3R1K1 b - - 4 16,c6a5 c3g7,677,kingsideAttack mate mateIn1 middlegame oneMove,23
9RIh9,4b3/8/7p/3k4/5KNP/8/8/8 b - - 9 76,h6h5 g4f6 d5d6 f6e8,677,crushing endgame fork master masterVsMaster short,6
Ow63n,r2qkbnr/pp2pppp/2n5/1N2N3/Q7/8/PP1P1PPP/R1B1K2R b KQkq - 2 10,c6e5 b5c7,677,discoveredCheck doubleCheck mate mateIn1 oneMove opening,26
ehqTA,3R4/8/4k1p1/3p1p2/2n2P2/5KPP/8/2r5 b - - 13 55,c1e1 d8e8 e6d6 e8e1,677,crushing endgame short skewer,11
luXwR,5rk1/p3Qp1p/1p2rp2/q7/2pP2R1/2P3P1/P4P1P/2R3K1 b - - 11 28,g8h8 e7f8,677,endgame hangingPiece kingsideAttack mate mateIn1 oneMove,20
nYdZL,1q2kn2/3n2R1/p3N3/2ppPp2/5P1B/PP2P3/8/5K2 b - - 2 45,b8b3 g7e7,677,endgame mate mateIn1 oneMove operaMate vukovicMate,17
tcvvx,8/8/5p2/rb1k4/p6R/P4PK1/1P6/8 b - - 1 38,b5c4 h4h5 d5d4 h5a5,677,crushing endgame short skewer,10
9U7vX,3r2rk/1b3p2/p3pP1p/1pq3nP/3P2P1/5N2/PP1Q2B1/4RR1K b - - 0 34,g5f3 d2h6,678,kingsideAttack mate mateIn1 middlegame oneMove,23
OVg13,8/1p1k4/6N1/2p5/5K2/1r3P2/6P1/8 b - - 1 44,b3d3 g6e5 d7d6 e5d3,678,crushing endgame fork master short,8
eSUX0,8/8/6R1/8/6kP/6p1/2PK4/7r b - - 5 42,g4h4 g6h6 h4g4 h6h1,678,crushing endgame rookEndgame short skewer,7
5YahJ,r1b2r1k/p4p2/2pQpb2/5q2/8/3B2RP/P1P2PP1/6K1 b - - 9 26,f5e5 d6f8,679,hangingPiece mate mateIn1 middlegame oneMove,19
60aQZ,4r1k1/pp3p1p/6p1/2p5/3P2N1/P7/1P2BP2/4K3 b - - 1 27,c5d4 g4f6 g8f8 f6e8,679,advantage endgame fork short,15
Dcrzf,8/1k6/8/1Np5/2P1b3/1P3nPp/P4K1P/8 b - - 12 37,f3h2 b5d6 b7b6 d6e4,679,advantage endgame fork short,12
NEkU3,3r1k2/2r3p1/p3Qb1p/1p1B4/8/P4P2/1Pq3PP/4R2K b - - 0 27,d8d5 e6e8,679,endgame mate mateIn1 oneMove,18
eimSf,r1b2rk1/pp3pp1/2nbpq1p/8/3pQ3/2PB1N2/PP3PPP/R1B2RK1 b - - 1 12,d4c3 e4h7,681,mate mateIn1 oneMove opening,27
ixEkJ,r1r5/5p1p/4k1p1/p3P3/2pR1PPB/2K5/P6P/8 b - - 0 32,a8a7 d4d6,681,endgame mate mateIn1 oneMove pillsburysMate,16
AKYiM,6r1/p7/2N5/8/1P1Pk3/P7/8/5K2 b - - 2 62,e4d5 c6e7 d5d4 e7g8,682,crushing endgame fork master short,8
134Yx,1N6/3kp3/pK1n4/1p1r4/8/2p5/P1P5/5R2 b - - 11 41,d7c8 f1f8 d6e8 f8e8 d5d8 e8d8,684,crushing endgame exposedKing long master,12
YAH34,1r4k1/2R3pp/2p1p3/2P3q1/1Q1P4/4P3/6PP/5RK1 b - - 0 24,b8b4 c7c8 g5d8 c8d8,684,endgame mate mateIn2 queenRookEndgame short,16
cxyhK,r2q1rk1/pp3ppp/3p1b2/4P3/6b1/1P1Q1N2/P1B2P2/R1B1R1K1 b - - 0 18,d6e5 d3h7,684,kingsideAttack mate mateIn1 oneMove opening,23
gQf1Q,1rbqk2r/p2pppbp/6p1/3QP3/2B5/4B3/PPP2PPP/R3K2R b KQk - 2 11,b8b2 d5f7,684,attackingF2F7 mate mateIn1 middlegame oneMove,25
TQroy,6k1/6p1/6Pp/2QppP1P/pp3q2/8/PPP5/3K4 b - - 9 34,f4e4 c5c8,685,endgame mate mateIn1 oneMove queenEndgame,16
o6ziY,r1b2knr/pp3Npp/8/2pQn1q1/1bB1P3/2N5/PP3PPP/R3K2R b KQ - 0 12,g8e7 d5d8,685,master mate mateIn1 middlegame oneMove,26
1s6Q8,r4rk1/5pp1/4p2p/p3q3/4B3/8/1PP1QPPP/4R1K1 b - - 0 21,a8b8 e4h7 g8h7 e2e5,686,advantage discoveredAttack endgame short,18
ODlVT,3R4/8/6p1/5p2/5P1P/5K2/3k2P1/2q5 b - - 1 61,d2c2 d8c8 c2b1 c8c1,686,crushing endgame queenRookEndgame short skewer,9
Ak82T,4r1k1/5pp1/2Q4p/3p4/1P6/6P1/P2q1PK1/2R5 b - - 0 29,e8e2 c6c8 e2e8 c8e8,687,crushing endgame master masterVsMaster short,14
F9Mhj,6k1/3R1pp1/p3pb2/1p3qNb/4r3/P1P1B2P/1P1Q2P1/6K1 b - - 4 32,e4e3 d7d8 f6d8 d2d8,687,mate mateIn2 middlegame sacrifice short,20
ITaBk,r3r1k1/5pp1/4b2p/1qb1pN2/p1p1PPP1/P1QpP2P/1P4B1/1R2R1K1 b - - 2 24,e5f4 c3g7,689,kingsideAttack master mate mateIn1 middlegame oneMove,26
KBqig,3r4/p7/1p2kp2/1P1p3P/P2P1K2/8/2B2P2/8 b - - 2 48,d8c8 c2f5 e6f7 f5c8,689,crushing endgame master short skewer,13
NFkrD,8/7p/2q1r1p1/8/1Qk5/2B2P2/P4PKP/8 b - - 10 46,c4d5 b4d4,689,endgame mate mateIn1 oneMove swallowstailMate,12
eFRAz,r4r1k/pp4p1/6Q1/3pP2n/8/7q/PP4R1/R5K1 b - - 1 32,h5f4 g6g7,689,mate mateIn1 middlegame oneMove,16
jAuzj,8/N1k4p/1p2pp1K/8/5P2/1r6/6PP/8 b - - 5 39,b3a3 a7b5 c7b7 b5a3,689,crushing endgame fork short,11
0otm9,r2qk2r/ppp1p2p/4Pnp1/3NQ3/3p4/3P4/PP1K2PP/n5NR b kq - 3 15,f6d5 e5h8,690,hangingPiece mate mateIn1 middlegame oneMove,24
LuCrJ,r4rk1/p4ppp/4b3/4Q3/4n2q/1BB5/PPP3PP/R4RK1 b - - 2 16,e6b3 e5g7,690,kingsideAttack mate mateIn1 middlegame oneMove,21
ZiHWC,1r6/8/5kp1/1P3p1p/2KN1P2/6PP/8/8 b - - 2 68,f6e7 d4c6 e7d6 c6b8,690,crushing endgame fork short,11
gPsnU,4rrk1/ppp3pp/2b2q2/3pR1N1/3P4/3Q4/PP3PPP/4R1K1 b - - 4 18,e8e5 d3h7,690,kingsideAttack mate mateIn1 middlegame oneMove,22
vCPP3,2R5/pp2Q2k/6pp/q5b1/8/1P6/P4rP1/1K2R3 b - - 1 39,g5e7 e1e7 f2f7 e7f7,690,endgame mate mateIn2 short,15
BajKK,rnbqkbnr/pppppp2/7p/6p1/2PP4/4P3/PP3PPP/RNBQKBNR b KQkq - 0 3,f7f5 d1h5,691,mate mateIn1 oneMove opening,32
Hb7J7,rn1qk1nr/ppp2pp1/5b1p/4B3/2B5/3P1QP1/PPP5/RN2K2R b KQkq - 0 11,f6e5 f3f7,691,attackingF2F7 mate mateIn1 oneMove opening,25
uVR7s,rnb2rk1/4Bp1p/2pq2pP/p2p1pP1/2P5/4PN2/pQ1P1P2/R3K2R b KQ - 1 19,d6e7 b2g7,691,mate mateIn1 middlegame oneMove,26
GXfQI,rn1qk2r/pp2ppbp/2p2np1/4N3/2QP2b1/4P3/PP2BPPP/RNB1K2R b KQkq - 2 8,g4e2 c4f7,692,attackingF2F7 mate mateIn1 oneMove opening,30
BhNWX,r5k1/pp3Qpp/3p4/2qP4/8/6P1/PP5P/5R1K b - - 4 23,g8h8 f7f8 a8f8 f1f8,693,backRankMate endgame mate mateIn2 sacrifice short,16
xO9Pm,6R1/p7/5k2/8/PP2p1p1/8/3pr3/3K4 b - - 1 48,e2f2 g8f8 f6e5 f8f2,693,crushing endgame master rookEndgame short skewer,10
0fRDo,2r2rk1/pp1q2pp/2nb4/2p3QN/2Ppp3/1P4P1/PB3PKP/R4R2 b - - 1 18,d7f5 g5g7,695,kingsideAttack mate mateIn1 middlegame oneMove,25
CT12e,2rqr1k1/1b1n1ppB/p2bp2p/1p1pN3/3P4/P1B1P3/1PQ2PPP/2R1R1K1 b - - 6 19,g8h8 e5f7,695,kingsideAttack mate mateIn1 middlegame oneMove,28
WBx9e,8/8/8/1Q6/8/PK6/2rrk3/8 b - - 0 50,e2d1 b5f1,695,endgame mate mateIn1 oneMove queenRookEndgame,6
gervd,5k2/5pp1/4p2p/1P1p4/3q4/1Q3P1P/6P1/5K2 b - - 0 52,d4c4 b3c4 d5c4 b5b6 f8e8 b6b7,696,advancedPawn crushing endgame long queenEndgame,13
sAeJY,r3r1k1/2p1qpp1/pp1bb2p/8/P3Q3/3BBP2/1PP3PP/R2R2K1 b - - 2 18,d6c5 e4h7 g8f8 h7h8,696,kingsideAttack mate mateIn2 middlegame short,24
sYrOv,3r1k2/pp3p2/2n3p1/6N1/3q4/5Q2/P4PPP/5BK1 b - - 1 30,d4e5 f3f7,696,endgame mate mateIn1 oneMove,16
xrfmy,rn2kb1r/pp2ppp1/2pp2Np/8/3q2b1/2NB4/PPPQ1PPP/R4RK1 b kq - 1 11,f7g6 d3g6 e8d8 d2d4,697,advantage discoveredAttack middlegame short,28
7Dzoq,8/4K3/p2B4/1p3P1p/1Pb4k/P7/8/8 b - - 4 45,h4g4 f5f6 g4f5 f6f7 c4f7 e7f7,698,advancedPawn bishopEndgame crushing endgame long,10
EilYs,8/8/3k4/R7/7r/2K5/8/8 b - - 13 81,h4h6 a5a6 d6d5 a6h6,698,crushing endgame rookEndgame short skewer,4
UWYCF,2kr1b1N/pp1n2pp/2Q1p3/7n/5B1q/3B4/PPP2PPP/R4RK1 b - - 0 15,b7c6 d3a6,698,bodenMate mate mateIn1 middlegame oneMove,24
5xglx,3N2rk/1r4pp/p2Q4/8/5p2/8/PP3qPP/R6K b - - 0 32,b7b2 d8f7,699,endgame master mate mateIn1 oneMove smotheredMate,16
TURt6,8/5k2/8/1N4p1/3r1p1p/3prP1P/3R1KP1/8 b - - 0 45,d4c4 b5d6 f7f6 d6c4,699,advantage endgame fork short,13
TzZR8,r3r1k1/1pb2pp1/p1n1b2p/2B5/4Qq1n/2P2N1P/PPBN1PP1/R3R1K1 b - - 4 21,h4g2 e4h7,699,master mate mateIn1 middlegame oneMove,27
kFaQ7,1r5r/1b2kppp/p3p1n1/N2p4/8/6P1/PPP2P1P/2KR1B1R b - - 1 19,b7c8 a5c6 e7d6 c6b8,699,crushing fork middlegame short,22
w9f2b,r2r2k1/1p2qppp/p7/4p3/4Q3/1b1B4/PPP3PP/R4RK1 b - - 0 18,b3d5 e4h7 g8f8 h7h8,699,kingsideAttack mate mateIn2 middlegame short,21
DXQcr,5rk1/p4ppp/1q2p3/3bP3/3Pp3/1P2B2P/P4QP1/5RK1 b - - 0 22,f8c8 f2f7 g8h8 f7f8 c8f8 f1f8,700,backRankMate endgame long mate mateIn3 sacrifice,20
51fF3,r1b2r1k/pp3pB1/2q1pNn1/4P3/7Q/1P6/P1P3PP/R4RK1 b - - 0 18,h8g7 h4h7,701,mate mateIn1 middlegame oneMove,22
lqgdZ,7k/p5pp/2B5/1P6/8/1r2p2P/6P1/5K2 b - - 2 44,h8g8 c6d5 g8f8 d5b3,701,crushing endgame fork short,11
mNBcJ,1rb1qr1k/p3bp2/1p2p1B1/4P1p1/2Pp2P1/P6Q/4P3/R1BR2K1 b - - 1 27,h8g7 h3h7,701,mate mateIn1 middlegame oneMove,23
4so0p,8/pp4k1/5ppp/2Np4/3Pr3/6KP/PP3PP1/8 b - - 3 31,e4d4 c5e6 g7f7 e6d4,702,advantage endgame fork short,16
8vcV4,r1bq2rk/p2nb1pp/1pn1p3/2p1PpN1/2Pp1B1P/3P1NP1/PP2BPK1/R2Q1R2 b - - 1 16,d7f8 g5f7,702,mate mateIn1 middlegame oneMove smotheredMate,32
BcVbY,r1q2rk1/pp3ppp/3b4/2pp2N1/3P4/P3P2b/1PQN1PP1/R4RK1 b - - 1 15,h3g2 c2h7,702,kingsideAttack mate mateIn1 middlegame oneMove,25
ZDDPw,8/6b1/1p4p1/p2k1p1p/P4N2/1PP2K1P/6P1/8 b - - 8 39,d5c5 f4e6 c5d6 e6g7,702,crushing endgame fork master short,14
beKaF,rn1qk2r/ppp1nppp/3b4/4Nb2/3P4/2NB1Q2/PPP3PP/R1B1K2R b KQkq - 2 8,f5d3 f3f7,704,attackingF2F7 mate mateIn1 oneMove opening,28
ryFWz,2k5/pp1r2pR/8/4N3/2b2p2/8/P1P5/2K5 b - - 1 27,d7c7 h7h8 c4g8 h8g8,704,endgame mate mateIn2 short,12
IuM6H,2r3k1/6bp/p7/1p1Np3/6K1/2P3P1/3R1P1P/8 b - - 6 36,a6a5 d5e7 g8f8 e7c8,705,crushing endgame fork master short,14
4sVEk,r1b2rk1/1pq2p1n/p1nppb1Q/2p3N1/P1B1P2P/2NP4/1PP2PP1/R3K2R b KQ - 2 14,f6g7 h6h7,706,kingsideAttack mate mateIn1 middlegame oneMove,29
6Tlyj,5k2/4Qp1p/5P2/P5n1/8/1P5P/5K2/3q4 b - - 0 47,f8g8 e7e8,706,endgame mate mateIn1 oneMove,11
HwOhP,r4rk1/1b1q4/p2p1nPB/1p1n4/2pP4/2P5/PPB2QPP/R4RK1 b - - 0 23,f6g4 f2f8 a8f8 f1f8,706,kingsideAttack mate mateIn2 middlegame operaMate short,24
6IU95,2k5/1p2b3/pB3p2/4pb2/2r5/2P5/PP3PB1/2KR4 b - - 0 26,e7c5 d1d8,709,endgame master mate mateIn1 oneMove operaMate,16
Ialm4,1r2qrk1/pp1bb1pp/5n2/n2N2N1/3P4/4P3/PPQ3PP/R1B2RK1 b - - 4 17,f6d5 c2h7,710,kingsideAttack mate mateIn1 oneMove opening,25
gYbEt,2kr3r/bpp3q1/p2p1p2/3P1n1p/2BPR1p1/P2Q4/1P3PPN/R5K1 b - - 3 24,d8e8 e4e8 h8e8 d3f5,710,advantage discoveredAttack middlegame short,25
gkie6,2kr1bnr/ppp5/5q2/3p4/6bp/3P4/PPQ1NPPB/RN3RK1 b - - 1 18,h4h3 c2c7,710,mate mateIn1 oneMove opening queensideAttack,24
L9lzk,2R4k/1p4r1/p3pN2/4P3/6pP/3q4/PP3R1K/8 b - - 1 32,g7g8 c8g8,712,arabianMate endgame mate mateIn1 oneMove,15
Qny36,8/p3kpp1/4p2p/8/P3P2P/1P1K2P1/1r1N1P2/8 b - - 2 39,e7d6 d2c4 d6c5 c4b2,712,crushing endgame fork short,15
Vm2Yr,r4rk1/pb3ppp/1p2p3/3q4/3Q1P2/P1B1P3/1P3RPP/R5K1 b - - 0 17,f8d8 d4g7,712,kingsideAttack mate mateIn1 middlegame oneMove,22
zdJbb,r1b2kr1/ppp3qp/3p3p/b6B/3NP1P1/1Q5P/P4P2/RN3RK1 b - - 0 15,g7d4 b3f7,712,mate mateIn1 middlegame oneMove,24
sed90,5r1k/2Q3p1/p2N3p/4p1q1/1P6/1P4R1/1P3rPK/8 b - - 1 35,g5f4 c7g7,714,endgame master mate mateIn1 oneMove,16
twiAm,r1bqr1k1/pp3ppp/8/2ppB3/8/1P1P4/P1P2QPP/RN3RK1 b - - 0 15,e8e5 f2f7 g8h8 f7f8 d8f8 f1f8,714,backRankMate long mate mateIn3 middlegame,24
NTXNK,6rk/ppp3p1/8/5BRp/4Pp2/2P2P1P/P2r4/7K b - - 0 38,d2a2 g5h5,715,endgame mate mateIn1 oneMove,17
7KKGv,r1b2rk1/ppp2ppp/2nq4/6N1/1bBP2n1/2NQ4/PP3PPP/R1B1K2R b KQ - 1 11,d6d4 d3h7,716,kingsideAttack mate mateIn1 oneMove opening,28
G5CLL,r5nr/pppk1Bpp/2nPQ3/b5q1/3p4/2P2b2/P4PPP/RN2R1K1 b - - 1 14,d7d8 e6e8,716,mate mateIn1 middlegame oneMove,26
9DuML,2R5/8/6pk/8/8/8/2p1K3/2r5 b - - 1 61,c1h1 c8h8 h6g5 h8h1,717,crushing endgame rookEndgame short skewer,6
cq8NX,3r1k1r/p3nppp/1p2b3/2pp2B1/N3B3/4P1P1/PP1R1P1P/R5K1 b - - 0 18,d5e4 d2d8,717,hangingPiece mate mateIn1 middlegame oneMove,24
OtNvO,rnbqk2r/bp1pnppp/p2Qp3/6B1/4P3/1NN5/PPP2PPP/R3KB1R b KQkq - 6 8,d8b6 d6e7,718,mate mateIn1 oneMove opening,30
gZq7D,r4rk1/1p3ppp/p1pp4/5N2/1q6/4Q1Pn/P4PKP/R3R3 b - - 0 25,f8e8 e3e8 a8e8 e1e8,718,kingsideAttack mate mateIn2 middlegame short,21
tOq3G,8/7r/p5RP/1pn5/k7/P5P1/K7/8 b - - 6 60,c5d3 g6a6,718,endgame mate mateIn1 oneMove,10
OKGhq,1k4nr/p1p1qp2/2p5/7p/P2NP1p1/4B3/1PPN1PP1/R4K2 b - - 1 17,g8f6 d4c6 b8a8 c6e7,719,crushing fork middlegame short,21
XzowY,r3nBk1/1bq1pp1p/p1np2p1/1p5P/4P1P1/P1Q2P2/1PP1B3/R3K2R b KQ - 0 18,g8f8 c3h8,719,mate mateIn1 middlegame oneMove,26
Ejllh,r3k2r/pp3ppp/1qn1pb2/8/2Np4/P2P4/1P3PPP/R1BQ1RK1 b kq - 4 17,b6b5 c4d6 e8d7 d6b5,721,advantage fork middlegame short,25
TULZ1,2k4r/1r3p2/2Q1pp2/b7/P7/3PP1q1/2P3B1/3R2K1 b - - 0 32,c8b8 c6b7,721,master mate mateIn1 middlegame oneMove,16
b92YH,6rk/1pb3Qp/2p5/2P2q2/1P6/6PP/5PK1/B3R3 b - - 0 33,g8g7 e1e8 f5f8 e8f8,721,endgame mate mateIn2 pin short,16
icwK2,3q2k1/1p3ppp/p3p3/4P3/8/bP1B3P/P4PP1/3Q2K1 b - - 0 23,a3b2 d3h7 g8h7 d1d8,721,advantage discoveredAttack endgame short,18
Duq1M,rn1q1rk1/pp1nppb1/2p4p/3p1Qp1/2PP4/2NBP1B1/PP3PPP/R4RK1 b - - 2 12,e7e6 f5h7,722,mate mateIn1 middlegame oneMove,30
FyHeZ,1nq3kr/r2bp1b1/p2p1nN1/1p5p/3P4/1P5P/PBP2PP1/R2QK2R b KQ - 0 16,h8h6 g6e7 g8f7 e7c8,722,advantage fork middlegame short,26
idEFI,r5k1/1p3ppp/4p2b/Nq1pP3/3P3P/4P1P1/5Q2/5RK1 b - - 2 25,b5a5 f2f7 g8h8 f7f8 a8f8 f1f8,722,backRankMate endgame long mate mateIn3 sacrifice,19
YMVWP,8/p2q2p1/P2p2pk/2pNn1b1/2P1P3/6Pp/7P/5QKB b - - 0 28,d7a4 f1h3 g5h4 h3h4,723,endgame mate mateIn2 short,19
bFwZZ,8/R4pkp/4P3/1p3P2/5K2/8/4r3/8 b - - 0 45,g7f6 a7f7,723,endgame master mate mateIn1 oneMove rookEndgame,9
l11Xn,r3r1k1/5p1p/q4BpQ/2pPp3/4NP2/8/Pb4PP/R6K b - - 1 25,b2a1 h6g7,723,mate mateIn1 middlegame oneMove,20
DGbO5,8/8/1Rr2k2/5p2/5Np1/4K1P1/8/8 b - - 49 74,c6b6 f4d5 f6e6 d5b6,724,crushing endgame fork short,8
EDmbR,6k1/p1Q2ppp/8/pq3n2/8/P7/1B3PPP/4N1K1 b - - 0 25,b5b2 c7d8,724,backRankMate endgame master masterVsMaster mate mateIn1 oneMove superGM,16
EdRDu,8/2r5/2P2k2/2PP2p1/6p1/P7/4K3/8 b - - 2 53,f6e5 d5d6 c7c6 d6d7 c6c5 d7d8q,724,advancedPawn crushing endgame long promotion rookEndgame,9
e3WNU,2kr2nr/p1pp1ppp/1p2q3/2b1P3/5B2/5Q2/PPP2PPP/RN3RK1 b - - 0 12,g8e7 f3a8,724,mate mateIn1 middlegame oneMove,26
qdxs3,7k/pp4bp/2n3p1/4p3/P4nQ1/2P5/1qr2PPP/2R1R1K1 b - - 1 28,c2f2 g4c8 c6d8 c8d8 g7f8 d8f8,724,long mate mateIn3 middlegame,20
DLZnH,2r2k2/2n4R/4p1p1/p7/1pB1nP2/6PP/P6K/2B5 b - - 0 34,c7d5 h7h8 f8e7 h8c8,725,advantage endgame short skewer,16
DOG8S,2k5/ppp3r1/8/6qp/4Q3/2P3Pb/P4P1N/3R3K b - - 0 27,h3f5 e4e8 g5d8 d1d8,726,endgame mate mateIn2 short,16
yvjq5,2rr2Qk/6pp/6n1/p1qB2N1/3p4/1P4P1/P4P1P/5RK1 b - - 2 28,d8g8 g5f7,726,master masterVsMaster mate mateIn1 middlegame oneMove smotheredMate,19
zx8fZ,r2q1rk1/4bppp/p2pp3/1bpnP1N1/4QP2/4BN2/PPP3PP/R4RK1 b - - 4 17,b5f1 e4h7,726,kingsideAttack mate mateIn1 middlegame oneMove,28
tKuXr,r1k2b1r/ppp1pNp1/4Pn1p/8/2n2B2/2N2P2/PPP4P/2KR3R b - - 5 18,h8g8 d1d8,727,mate mateIn1 middlegame oneMove,24
7HD0F,r6k/4Nqp1/3Q1p2/3P4/8/PK6/1P6/8 b - - 0 43,h8h7 d6h2 f7h5 h2h5,728,anastasiaMate endgame mate mateIn2 short,11
SKa8j,6k1/p4pq1/Qp4pp/5p2/3r4/6P1/P4P1P/1R4K1 b - - 2 27,d4d7 a6c8 d7d8 c8d8,728,crushing endgame fork short,16
Uvkb0,r1b3k1/pp1nrppp/8/4N3/2q5/7P/PPP2PP1/R2QRNK1 b - - 0 15,d7e5 d1d8 e7e8 d8e8,728,fork mate mateIn2 middlegame short,23
ePGu5,r5k1/p1p2ppp/Np6/4r3/3q1N2/1R1P1Q2/2PK1PPP/R7 b - - 0 21,d4a1 f3a8 e5e8 a8e8,729,hangingPiece kingsideAttack mate mateIn2 middlegame short,21
y6rLV,2r3k1/KP3ppp/8/2B3P1/n6P/8/8/8 b - - 4 40,a4c5 b7c8q,729,advancedPawn backRankMate endgame hangingPiece mate mateIn1 oneMove promotion,11
JRYNx,r1bq1k1r/1pp1n1pp/2np1p2/p6B/4P3/1QB2N2/P4PPP/R3R1K1 b - - 3 13,a5a4 b3f7,730,mate mateIn1 middlegame oneMove,26
yTbf4,r1bq1rk1/pp3ppp/3P1n2/8/2PQN2b/5P2/PP5P/R1BK1BR1 b - - 6 14,f6e4 d4g7,730,kingsideAttack mate mateIn1 oneMove opening,25
qto9m,3R3k/5rpp/4Q1p1/p7/1p6/8/Pq3PPP/5bK1 b - - 1 29,f7f8 d8f8,731,backRankMate endgame hangingPiece master mate mateIn1 oneMove,16
rfyUY,r5k1/5p2/6p1/2R4p/P1p4b/2B5/3K4/8 b - - 1 30,a8a4 c5c8 h4d8 c8d8 g8h7 d8h8,731,endgame long mate mateIn3 operaMate,11
9pInh,r1bq1rk1/ppp1nppp/8/3B2NQ/8/8/PPP2PPK/R1B1R3 b - - 0 14,d8d5 h5h7,732,kingsideAttack mate mateIn1 middlegame oneMove,24
ehJFR,rnbq1k1r/ppp1b1pN/4QnBp/4p3/7P/8/PPP2PP1/RNB1K2R b KQ - 6 11,f6h7 e6f7,732,mate mateIn1 oneMove opening,28
G7W6B,5bk1/2r1qpR1/p2p3Q/3b4/3BP3/1P5P/P5PK/8 b - - 0 38,f8g7 h6g7,733,endgame master mate mateIn1 oneMove,17
kbVnS,q3k2r/1b2pp2/3p2p1/1Np4p/4PP1P/2bPQ1P1/1P4B1/4R1K1 b k - 0 21,c3b2 b5c7 e8d7 c7a8,733,crushing fork middlegame short,22
xkgQN,5R2/8/8/6P1/6k1/3K4/6r1/8 b - - 8 57,g4g5 f8g8 g5f4 g8g2,733,crushing endgame rookEndgame short skewer,5
jP0Hf,8/8/p5p1/3K3p/Pkp2N2/8/2P3PP/4b3 b - - 5 33,c4c3 f4d3 b4a3 d3e1,734,crushing endgame fork master short,12
o1S9m,3q2k1/p3b3/1p3p1N/2p1p1rQ/2P1P3/3P2P1/5K2/4R3 b - - 12 34,g8f8 h5f7,734,endgame mate mateIn1 oneMove,17
y3QFN,3N4/7p/r2N4/2p1p1k1/4P3/p4P2/P5K1/8 b - - 0 53,a6d6 d8f7 g5f4 f7d6,734,crushing endgame fork short,12
2bRFL,8/8/6K1/6R1/8/4k3/8/5r2 b - - 27 65,e3f4 g5f5 f4e3 f5f1,735,crushing endgame rookEndgame short skewer,4
Bzs8F,4r1rk/5Rp1/5N1Q/1pP1P2P/pPq5/6P1/8/5NK1 b - - 0 49,g7h6 f7h7,735,arabianMate endgame master mate mateIn1 oneMove,17
S3XfM,r1b1r1k1/pp2Bp1p/q3p1p1/8/8/8/PQ3PPP/1R1R2K1 b - - 1 20,e8e7 d1d8 e7e8 d8e8,735,mate mateIn2 middlegame short,20
b16Ct,1rr3k1/1p2n1p1/1p1p3p/pP2p3/P5B1/7P/R4PP1/4R1K1 b - - 1 27,c8c4 g4e6 g8f8 e6c4,735,crushing endgame fork short,20
wW8qN,r1b2rk1/ppq1ppbp/2n3p1/8/2BPP3/4B3/P1Q1NPPP/R4RK1 b - - 2 13,c6a5 c4f7 f8f7 c2c7,735,advantage discoveredAttack middlegame short,26
78b9F,r1br2k1/pp2nppp/8/8/2pp3N/2N2B2/PPPR2PP/2K1R3 b - - 1 18,d4c3 d2d8,736,backRankMate hangingPiece mate mateIn1 middlegame oneMove,23
BJunJ,1rbq1r1k/4npB1/ppn2Np1/2p1P3/3p2pQ/3P1N2/PPP3BP/R4RK1 b - - 0 17,h8g7 h4h7,736,mate mateIn1 middlegame oneMove,28
tCSAz,6k1/1b4pp/2q1p3/1PP1p3/3rP3/1Q2R2P/6P1/6K1 b - - 0 33,c6c5 b3e6 g8h8 e6e8 c5f8 e8f8,736,endgame long master masterVsMaster mate mateIn3,16
fS5i6,3Q1rkb/4pp1p/5BpP/2p5/1p3P2/4n3/qP2N1P1/3R1RK1 b - - 0 22,h8f6 d8f8 g8f8 d1d8,737,attraction kingsideAttack mate mateIn2 middlegame sacrifice short,21
P8Tb2,2kr4/5p2/1pN1p3/3p2p1/2pPn3/2P5/PP6/1KR5 b - - 1 31,d8g8 c6e7 c8d7 e7g8,738,advantage endgame fork short,16
U9dQq,4rrk1/5p2/5P1p/2p3q1/6R1/1P2p1Q1/8/6K1 b - - 1 40,g5g4 g3g4 g8h8 g4g7,738,endgame hangingPiece mate mateIn2 short,13
WaSWf,r5k1/p2q1ppp/2p1rb2/2Qp4/3P4/1R2BP2/P4P1P/1R4K1 b - - 9 21,f6e7 b3b8 a8b8 b1b8,738,advantage middlegame short,21
cpZg9,8/2k4P/8/8/5K2/8/R7/7r b - - 0 62,h1h7 a2a7 c7d6 a7h7,738,crushing endgame rookEndgame short skewer,5
7WZDN,r7/p4Q2/3p3p/6p1/3R2kn/7q/PP3P2/4rRK1 b - - 2 29,e1e4 d4e4,739,hangingPiece mate mateIn1 middlegame oneMove,16
dbZ8U,r4k2/1b2q1p1/p1n2pP1/1p2p2p/P2p4/1Q5P/1PP3P1/R3R1K1 b - - 0 28,e7c5 b3f7,739,mate mateIn1 middlegame oneMove,22
e15wt,2k5/1pp5/p7/5q2/2P2P2/1P3Q1r/P6R/3R3K b - - 0 38,h3f3 h2h8 f5f8 h8f8,739,endgame mate mateIn2 queenRookEndgame short,14
2VOUC,rn1qkbnr/6pp/4pp2/pb2N2Q/1pNPP3/1Pp5/5PPP/R1B1KB1R b KQkq - 1 13,e8e7 h5f7,740,mate mateIn1 middlegame oneMove,29
9VrAa,6r1/3p4/7P/4k1P1/3P2K1/8/8/8 b - - 0 57,e5d4 h6h7 g8h8 g5g6,740,advancedPawn crushing endgame rookEndgame short,7
DAeL5,5r2/4pp1k/p1p1b2p/Pp2P3/5P2/2Pr4/5PBK/2R4R b - - 2 35,f8g8 g2e4 h7h8 e4d3,740,crushing endgame fork short,19
RmZNy,3r2qk/6bp/6p1/5p2/5P2/4Q1P1/4BB1P/6K1 b - - 5 49,g7d4 e3d4 d8d4 f2d4,740,crushing endgame master short,14
nWOV8,r3qrk1/p1p5/1p1p1p1p/n2PpNp1/4P1Q1/P6P/2P2PP1/R1B2K2 b - - 1 21,e8g6 f5e7 g8g7 e7g6,740,crushing fork middlegame short,25
17c8n,6k1/5pp1/5n1p/p1qp1N2/8/PP1Q2PP/5PK1/8 b - - 8 41,c5c6 f5e7 g8f8 e7c6,741,crushing endgame fork short,16
4YmOa,7r/p4Bqk/2pr3p/1p3NpQ/8/1PP3PP/P6K/5R2 b - - 13 38,g7f7 h5f7,741,endgame epauletteMate hangingPiece mate mateIn1 oneMove,19
B8LWx,r2qkbnr/pp1nppp1/2p1P1p1/3p4/3P4/3B4/PPP2P1P/RNBQK1R1 b Qkq - 0 10,f7e6 d3g6,741,bodenMate mate mateIn1 oneMove opening,29
oKqRx,2r3k1/4p3/7p/3N1p2/2p2Pp1/r3P1P1/6P1/2R2K2 b - - 3 31,c4c3 d5e7 g8f7 e7c8,741,advantage endgame fork short,15
BPwv8,8/8/4p3/3r2P1/5P2/N7/6K1/k7 b - - 0 51,d5d4 a3c2 a1b2 c2d4,742,crushing endgame fork short,7
Du9pQ,2k2b2/ppp3p1/2n1p3/6B1/2Bpr1P1/8/1PP2P2/2KR4 b - - 3 24,e4g4 c4e6 c8b8 e6g4,742,crushing endgame fork short,18
lATlo,r1bq1rk1/pp1p1ppp/4p2B/4n3/1bBQN3/2N5/PP3PPP/R3K2R b KQ - 1 12,e5c4 d4g7,742,kingsideAttack mate mateIn1 middlegame oneMove,27
ryznh,3r2k1/1b3pp1/p2P4/1p1B4/7p/5P1P/PP4P1/3R3K b - - 0 30,d8d6 d5f7 g8f7 d1d6,742,crushing discoveredAttack endgame master short,17
EUSTv,8/2q5/1NP5/2K2pk1/8/8/6P1/8 b - - 8 51,g5f6 b6d5 f6e5 d5c7,743,crushing endgame fork short,7
IdhGl,8/5p2/2K3k1/1P4p1/7p/4Q3/q6P/8 b - - 3 60,a2e6 e3e6 f7e6 b5b6 g5g4 b6b7,743,advancedPawn crushing endgame long queenEndgame,9
fBxLv,5r1k/p2nNppQ/3p4/3P4/8/5R2/Pq3bPP/4R2K b - - 0 28,h8h7 f3h3 f2h4 h3h4,743,anastasiaMate mate mateIn2 middlegame short,18
h80eg,r2qkb1r/pp1np1pp/2p2n2/3p2B1/3P2b1/2PB1N2/PP3PPP/RN1QK2R b KQkq - 3 8,h7h6 d3g6,743,doubleBishopMate mate mateIn1 oneMove opening,30
pUyPP,rn1q1k1r/p4ppp/1p1b4/1B1QNb1n/3P1B2/4P3/PP3PPP/R3K2R b KQ - 0 12,h5f4 d5f7,743,mate mateIn1 middlegame oneMove,27
CtkBb,4rk2/2R2R1Q/7p/8/3P2q1/5rP1/P4P2/6K1 b - - 3 28,f3f7 h7f7,744,endgame master mate mateIn1 oneMove,13
DjBVU,8/8/4Qp1p/3P2p1/5p1k/1P3PbP/P5P1/2q1R2K b - - 11 44,g3e1 e6g4,744,endgame mate mateIn1 oneMove,16
14OQC,r1b2rk1/pp1q1pbp/2np3n/4pPN1/2B4Q/2N5/PP4PP/R1B2RK1 b - - 0 13,h6f5 h4h7,745,kingsideAttack master mate mateIn1 oneMove opening,27
5T9ew,r6k/ppp4p/3p4/4pr1p/2Bn3q/3PK1RP/P2Q1P2/6R1 b - - 1 22,c7c5 g3g8 a8g8 g1g8,745,kingsideAttack mate mateIn2 middlegame operaMate short,21
MPenf,2r2bnk/1p3pp1/p6p/3pNq2/P2P1PPQ/4BR1P/1Pr5/5RK1 b - - 0 37,f5h7 e5f7,745,kingsideAttack mate mateIn1 middlegame oneMove smotheredMate,24
brzXl,3rkb1r/ppp2ppp/5n2/1q6/2N5/7P/3BBPP1/3QK2R b Kk - 0 17,f8c5 c4d6 d8d6 e2b5,745,advantage discoveredAttack master middlegame short,21
9WyxC,6R1/8/5P2/6kp/8/4K3/8/5r2 b - - 4 51,g5f6 g8f8 f6g5 f8f1,746,crushing endgame rookEndgame short skewer,6
Ika0H,q4k2/5ppp/P1N1p3/3p1b2/4n3/4P3/6PP/RR4K1 b - - 4 32,e4d6 b1b8 a8b8 c6b8,746,advantage endgame fork short,17
QlYUs,7r/1pp2Rk1/1p1p2bp/6P1/1PB1PQ2/2qP2KP/8/8 b - - 0 26,g6f7 f4f7,746,endgame mate mateIn1 oneMove swallowstailMate,18
hk5EQ,3r2k1/5ppp/4q3/4b3/1pP1P3/7P/1P1Q2P1/R6K b - - 0 33,d8d2 a1a8 e5b8 a8b8 d2d8 b8d8 e6e8 d8e8,746,backRankMate endgame mate mateIn4 veryLong,16
t1ghF,R3r1k1/5pbp/1nq1b1p1/1p1Np3/2p1P3/2P3P1/1PQ2PBP/2B1R1K1 b - - 0 23,e8a8 d5e7 g8h8 e7c6,746,crushing fork master masterVsMaster middlegame short,25
9iesQ,k2Q3q/pp1P1p1p/5rp1/8/4p3/8/P4PPP/2RR2K1 b - - 0 29,h8d8 c1c8 d8c8 d7c8q,747,advancedPawn endgame fork mate mateIn2 promotion queenRookEndgame short,18
vrfxc,r4rk1/pppq1ppp/2n5/6N1/3pQB2/8/bPP2PPP/2KR3R b - - 2 14,a8e8 e4h7,747,kingsideAttack mate mateIn1 middlegame oneMove,24
DGCe0,r1b2Q1k/1p2q1pB/pn2p3/2ppP1N1/2nP4/2P5/PP2NRPP/6K1 b - - 4 21,e7f8 f2f8,748,kingsideAttack master mate mateIn1 middlegame oneMove,25
XLPKN,r2q1rk1/pp2bpB1/4b3/4P2Q/8/2pB3P/PP3PP1/R4RK1 b - - 0 18,g8g7 h5h7,748,mate mateIn1 middlegame oneMove,22
Y4J1q,3r2k1/5pp1/7p/p7/qp2RP2/7P/P2r2P1/1Q2R2K b - - 3 41,a4a2 e4e8 d8e8 e1e8,748,endgame mate mateIn2 short,17
tswnS,2r3k1/1p1nppbp/p5p1/2pN4/2B1P3/2P2P2/PP3P1P/R5K1 b - - 3 18,e7e6 d5e7 g8f8 e7c8,748,crushing endgame fork short,22
070Zi,8/4q1p1/3k1p1p/5Q1P/4PKP1/8/8/8 b - - 0 63,e7e5 f5e5 f6e5 f4f5,749,crushing endgame master queenEndgame short,10
jYxV9,r3r1k1/pp3ppp/8/2P5/5R2/1PQ3PP/PB2p1K1/8 b - - 1 27,e2e1q c3g7,749,endgame mate mateIn1 oneMove,18
vsEEL,4r1k1/5ppp/p4q2/3Q4/2B2bP1/2P5/P5PP/R5K1 b - - 2 26,f6c3 d5f7 g8h8 f7e8,749,backRankMate endgame fork mate mateIn2 short,17
8OGPL,6k1/1p2Kp1p/p3p1q1/6p1/3Q4/1P3PP1/P7/4r3 b - - 5 33,e1c1 d4d8 g8g7 d8f8,750,endgame mate mateIn2 short,15
g0CSn,5B1k/1p6/2n2NpP/5p2/p7/P1P1K3/2b5/8 b - - 1 37,c6d8 f8g7,750,endgame mate mateIn1 oneMove,13
nPP3G,4r3/1p2r1k1/p5p1/7p/2p1b3/2P1N2P/PP2R1P1/4R1K1 b - - 0 43,e4d3 e3f5 d3f5 e2e7 e8e7 e1e7,750,crushing discoveredAttack endgame long,18
ugWpQ,rnbRkr2/ppp1npQp/4p3/4N3/4p3/q1P1B3/P1P2PPP/4KB1R b Kq - 4 11,e8d8 g7f8,750,hangingPiece mate mateIn1 middlegame oneMove,27
zHu8O,3r4/p3Nppk/3p4/1Q1P4/1K2P3/1P6/P3R3/1qq5 b - - 11 42,c1f1 e2h2 f1h3 h2h3,750,anastasiaMate endgame mate mateIn2 short,16
0AfKT,3R2k1/p1r2p2/1pq3p1/4Q3/5P1p/P1P1P3/5P2/4K3 b - - 0 38,g8h7 e5h8,751,endgame mate mateIn1 oneMove,16
wnYGA,r3kR1r/1p4p1/4p3/3pP2p/1BnP4/p1P4P/5RP1/6K1 b kq - 1 26,h8f8 f2f8 e8d7 f8a8,751,crushing endgame short skewer,19
MD09g,r3kbnr/p1p2Npp/1p6/5P2/6P1/4Q3/PPb1PK1P/R1Bq1B1R b kq - 0 16,e8f7 e3e6,752,mate mateIn1 oneMove opening,25
NckZ9,8/p7/4p1N1/3r4/2K2Pk1/PP6/2P5/8 b - - 2 45,d5d7 g6e5 g4f4 e5d7,752,crushing endgame fork short,10
se22D,3rk3/1p1b1pb1/p2Bp2Q/q3n1p1/4Nn2/3B4/PPP2PPP/3R1RK1 b - - 0 22,g7h6 e4f6,752,mate mateIn1 middlegame oneMove,25
vt53W,8/pp1k2p1/2p2p1p/5P1P/1PPn4/P2K4/5b1B/3B4 b - - 4 43,d4f5 d1g4 d7d8 g4f5,752,advantage endgame master pin short,17
LuweM,r2q1rkb/1b1n1p1p/p1nppPp1/1pp3P1/4P1N1/3P3P/PPP1N1B1/R1BQ1RK1 b - - 4 16,d7e5 g4h6,753,master mate mateIn1 oneMove opening,32
iYESQ,5r2/p5kp/1p3n2/6N1/3Ppp2/2P5/PP5P/5RK1 b - - 1 29,f4f3 g5e6 g7g8 e6f8,753,advantage endgame fork short,16
EwJ4X,r1q2r1k/pp1bb1pp/3p4/2p4Q/P3BR2/2PPB2P/1P4P1/R5K1 b - - 0 18,f8f4 h5h7,754,kingsideAttack mate mateIn1 middlegame oneMove,24
GUul6,r1bq1r2/pppp1p2/2n3pk/2bnP1N1/5P1Q/3p4/PPP3PP/RNB2R1K b - - 1 12,h6g7 h4h7,754,mate mateIn1 oneMove opening,29
utUdm,3R1rk1/p4ppp/1p2p3/4q3/8/2P2Q2/PP4PP/5RK1 b - - 0 20,f8d8 f3f7 g8h8 f7f8 d8f8 f1f8,754,backRankMate endgame long mate mateIn3 sacrifice,18
evcHn,4R3/2r3pk/p5Np/1p1p3P/1P2n3/8/6K1/8 b - - 6 43,e4f6 e8h8,755,endgame hookMate master mate mateIn1 oneMove,13
43col,7k/3P3p/p3Np2/4b3/8/P7/1rQ2PPP/6K1 b - - 0 39,b2c2 d7d8q,756,advancedPawn endgame mate mateIn1 oneMove promotion,14
5XXox,7R/8/3kp3/3r4/2K5/8/8/8 b - - 7 54,d5d1 h8d8 d6e5 d8d1,756,crushing endgame master rookEndgame short skewer,5
HKiVn,8/4n1p1/B1p1kp1p/3p4/PP6/5P2/7P/7K b - - 0 35,e7f5 a6c8 e6d6 c8f5,756,crushing deflection endgame short skewer,13
w9Mlp,r2qkb1r/p2bp2p/5p2/5p2/3p4/2N2QP1/PPP1PP1P/R3K1NR b KQkq - 2 11,d4c3 f3h5,756,master mate mateIn1 middlegame oneMove,25
Oj50f,8/8/6p1/4K3/8/3P4/5k2/8 b - - 1 66,f2e3 d3d4 g6g5 d4d5 g5g4 d5d6 g4g3 d6d7 e3f2 d7d8q,757,advancedPawn crushing endgame pawnEndgame promotion quietMove veryLong,4
dQjln,8/p2k1p2/Pp6/1P1NP3/3P2B1/6r1/2K5/4b3 b - - 0 47,g3g4 d5f6 d7e6 f6g4,757,advantage endgame fork short,13
hcwOJ,rnk1bb1r/ppp2p2/5p1p/3NpP2/2B1P3/8/PPP3PP/2KR2NR b - - 4 12,f8g7 d5e7,758,master mate mateIn1 middlegame oneMove,26
MlcHs,3r2k1/p2r1p1p/3q2pQ/2p5/2Pp4/1P4PP/P3RP1K/4R3 b - - 4 29,d4d3 e2e8 d8e8 e1e8 d6f8 e8f8,759,endgame killBoxMate kingsideAttack long mate mateIn3,20
SzgJF,6r1/5p1k/2r1p1p1/2ppR1P1/1q1P3Q/8/P4PK1/8 b - - 1 34,h7g7 h4h6,759,endgame mate mateIn1 oneMove,16
GNGzJ,rnbqkb1r/ppppp2p/1n3p2/6N1/3PP2B/8/PPP2PPP/RN1QKB1R b KQkq - 0 6,f6g5 d1h5,761,mate mateIn1 oneMove opening,31
yRwvP,3r2k1/5ppp/5b2/Q7/P7/3q3P/6P1/4R2K b - - 2 33,d3g3 a5d8 f6d8 e1e8,761,backRankMate endgame mate mateIn2 sacrifice short,13
JrEeU,3r2k1/p3qp2/2p4p/7R/1P2p1p1/P3N1P1/5P1P/4R1K1 b - - 0 40,g8g7 e3f5 g7g6 f5e7,762,crushing endgame fork master short superGM,18
NINBF,8/8/8/5prp/8/5KPR/5P2/6k1 b - - 5 68,g1f1 h3h1,762,endgame master mate mateIn1 oneMove rookEndgame,8
Za7r9,r2q2k1/2p2ppp/2p5/2P1PQ2/3R4/7P/P7/5R1K b - - 0 30,d8d4 f5f7 g8h8 f7f8 a8f8 f1f8,762,backRankMate endgame long mate mateIn3 sacrifice,16
IvVXR,8/5pk1/6p1/5b2/3Q1P2/7p/q5B1/5K2 b - - 1 42,g7h6 d4h8,763,endgame mate mateIn1 oneMove,10
TrzQ6,1r4k1/p3P2p/6p1/2pN1p2/q1P2P2/5BP1/P6P/4R1K1 b - - 3 27,b8e8 d5f6 g8f7 f6e8,763,crushing endgame fork short,18
84OFZ,3r1k2/1p3ppp/p3p3/2Nn4/3P4/6P1/PP3P1P/3R1K2 b - - 2 26,d8b8 c5d7 f8e7 d7b8,764,crushing endgame fork master short,18
G9G6x,8/1p6/4k1R1/4B1K1/r4PP1/1p6/3r4/8 b - - 0 51,e6d5 g6d6 d5e4 d6d2,764,crushing endgame short skewer,10
rLKpt,5rk1/1pp2Npp/8/3q4/1P1P1R2/6P1/2b2P1P/4Q1K1 b - - 0 24,f8f7 e1e8 f7f8 e8f8,764,endgame mate mateIn2 short,17
Me9KP,6R1/1r6/4pp1p/1r1p1kp1/3P4/3KPPBP/6P1/8 b - - 0 39,b5b2 e3e4 d5e4 f3e4,765,endgame mate mateIn2 short,16
DKlYM,rn1q1k1r/pp4pp/2pbBn2/5bN1/3P4/8/PPP2PPP/R1BQK2R b KQ - 0 10,f5e6 g5e6 f8f7 e6d8,767,advantage fork opening short,27
JOWOb,8/8/R5p1/5k1p/5PP1/p4K1P/r7/8 b - - 0 54,h5g4 h3g4,767,endgame mate mateIn1 oneMove rookEndgame,10
OB9UT,8/7p/8/PKp3p1/3k4/8/5P1P/8 b - - 0 37,h7h5 a5a6 c5c4 a6a7 c4c3 a7a8q,767,advancedPawn crushing endgame long pawnEndgame promotion,8
UnuuW,2r2rk1/pb3pp1/1pn1p2p/3p3N/Pq1P1PQ1/4P3/2R3PP/R5K1 b - - 2 30,g8h7 g4g7,767,mate mateIn1 middlegame oneMove,24
sZoTS,8/1p1rr1k1/p1p2pp1/P1PP3p/2K1P2P/4R1P1/8/4R3 b - - 0 42,c6d5 e4d5 e7e3 e1e3,767,advantage endgame master rookEndgame short,18
klHHv,r4k2/3R4/p6R/1p3p1p/2p5/2P4P/PP2rP2/3K4 b - - 6 37,a8e8 h6h8,768,endgame mate mateIn1 oneMove rookEndgame,16
5yvUk,1r3rk1/2p2ppp/p1P2p2/8/1pP5/4P3/PPQNNPqb/2K3RR b - - 1 18,h2g1 c2h7,769,kingsideAttack mate mateIn1 middlegame oneMove,24
7OosE,rnbq1b1r/ppp1k1p1/3pppQB/3P3B/4P2p/7P/PPP2PP1/RN2K1NR b KQ - 0 9,h8h6 g6f7,769,mate mateIn1 oneMove opening,31
g8Hl2,r2qk2r/pp2b1pp/4Pp2/3p3Q/3B4/6P1/PPP4P/RN4K1 b kq - 1 17,e8f8 h5f7,769,mate mateIn1 middlegame oneMove,22
j0C7y,3b4/2k5/1p2p2p/PK2Ppp1/8/2B4P/5PP1/8 b - - 0 37,b6a5 c3a5 c7b7 a5d8,769,bishopEndgame crushing deflection endgame short skewer,14
snNZZ,r2r2k1/pp3pp1/2p2p2/5b2/2P4R/1K2Bq2/nP3P2/7R b - - 1 26,g7g6 h4h8 g8g7 h1h7,769,blindSwineMate mate mateIn2 middlegame short,19
e7cgn,1R2r1k1/p1p2ppp/2b5/8/2qP4/5N2/P4PPP/1Q4K1 b - - 1 21,c6d5 b8e8,770,endgame hangingPiece mate mateIn1 oneMove,18
f1qoH,3Rr1k1/5p2/2p2Bp1/p6p/4q2P/8/PPP3P1/1K1R4 b - - 1 28,a5a4 d8e8 e4e8 d1d8 e8d8 f6d8,770,clearance crushing endgame long pin,17
fD8Lz,1k6/pp3pp1/2p3p1/2b1q3/4N2r/6PP/PPP1Q2K/4R3 b - - 0 26,f7f5 e4c5 e5e2 e1e2,770,crushing endgame short,19
i7rly,5k2/3p1p1p/5Np1/2r1P3/4KPP1/3P4/8/8 b - - 9 42,h7h6 f6d7 f8e7 d7c5,770,crushing endgame fork short,12
iGot9,8/5k2/5r2/4Kp2/8/5P2/8/6R1 b - - 14 51,f7e7 g1g7 f6f7 g7f7 e7f7 e5f5,770,crushing endgame exposedKing long rookEndgame,6
7d193,8/8/8/8/8/pKB3p1/p5P1/1k6 b - - 2 62,a2a1q c3a1 b1a1 b3a3 a1b1 a3b3 b1c1 b3c3,771,crushing defensiveMove endgame veryLong,7
8KHxa,1r4k1/5p1p/6p1/4q3/P1p1p3/6P1/1P3Q1P/5RK1 b - - 1 32,b8b2 f2f7 g8h8 f7f8,771,endgame mate mateIn2 short,15
emnA1,8/7p/p7/1k6/8/1N2P2P/2r2PPK/8 b - - 0 44,a6a5 b3d4 b5b4 d4c2,771,crushing endgame fork short,10
qMDt1,2Q5/K7/6p1/8/6k1/8/8/7q b - - 2 47,g4h5 c8h8 h5g5 h8h1,771,crushing endgame queenEndgame short skewer,5
vOKKD,3k3r/ppq2pp1/4p3/1B1pP3/PQ1PbP1B/8/2r3pP/R3R1K1 b - - 0 25,h8h4 b4f8,771,master mate mateIn1 middlegame oneMove,23
dYvrr,4r3/p1p1k1p1/1p3pQ1/4p3/3r1q2/6R1/P5PK/8 b - - 3 37,e7f8 g6g7,772,endgame master mate mateIn1 oneMove,15
gfFIo,8/2K1k3/3p1b2/2pP1PBp/2n1B1pP/5pP1/5P2/8 b - - 4 58,c4e5 g5f6 e7f6 c7d6,773,crushing endgame short,16
pj8sR,2r3k1/3Q1ppp/4pP2/1p6/4b1Pq/P7/5R2/3RK3 b - - 4 30,c8a8 d7d8 a8d8 d1d8,773,endgame master masterVsMaster mate mateIn2 sacrifice short,16
GI6wJ,r2q1r2/1b3pkp/p1nppNp1/1pp5/4P1N1/P2P3P/1PPQnPP1/1R3R1K b - - 1 18,f8h8 d2h6,774,mate mateIn1 middlegame oneMove,29
ZX3M4,r2qkb1r/ppp2ppp/2n2n2/4p3/2B1N3/4PQ1P/PP1P1PP1/R1B1K2R b KQkq - 1 8,f6e4 f3f7,774,attackingF2F7 mate mateIn1 oneMove opening,28
09ZRi,1r1R3k/ppp3pp/2n2p2/2q5/Q1P5/8/PP3PPP/3R2K1 b - - 7 23,b8d8 d1d8 c6d8 a4e8 c5f8 e8f8,776,endgame fork long mate mateIn3,20
0QdeU,8/R3kppp/4p3/Prn5/8/7P/5PP1/6K1 b - - 3 35,b5b7 a7b7 c5b7 a5a6 b7c5 a6a7 c5d7 a7a8q,776,advancedPawn advantage endgame promotion veryLong,13
5001k,1b1rk2r/pp2npp1/7p/8/bP1N4/P4N2/3R1PPP/2B2RK1 b - - 8 18,e8f8 d4e6 f7e6 d2d8,776,crushing discoveredAttack middlegame short,22
Nh4Rl,2r2rk1/R6p/3pp1p1/4bp2/2P4Q/5B2/1q3PPP/5RK1 b - - 1 24,e5f6 h4h7,776,mate mateIn1 middlegame oneMove,19
Vnozb,3R4/4rk1p/4q1p1/8/8/5Q2/6PP/6K1 b - - 3 43,f7g7 f3f8,776,dovetailMate endgame mate mateIn1 oneMove,10
cIGP2,1q5k/p6p/5p2/6b1/P3Q3/1r2N3/6PP/4R2K b - - 1 38,b8b4 e4e8 b4f8 e8f8,776,endgame mate mateIn2 short,14
ChUJ6,8/8/B3k1p1/p1pp2P1/4bP2/P1P1K3/8/8 b - - 5 47,e6f5 a6c8,777,bishopEndgame endgame mate mateIn1 oneMove,12
k4QKn,2R5/7p/3k1pp1/1p2p3/1P1r4/P1K3PP/5P2/8 b - - 13 46,d4d1 c8d8 d6e6 d8d1,777,crushing endgame rookEndgame short skewer,14
yKMOy,r2qk2r/3b2pp/p1N1pp2/2Q5/2n5/8/PP3PPP/R1B2RK1 b kq - 0 16,d8c7 c5e7,777,mate mateIn1 middlegame oneMove,22
3IB0J,6r1/ppp4k/7p/4p1r1/1PPpN1P1/5PKP/P1q5/4RQ2 b - - 0 32,g5g7 e4f6 h7h8 f6g8,779,advantage endgame fork short,20
BTPk4,r1b2rk1/pp3Bpp/5n2/5Pq1/8/1Q6/P5PP/3R3K b - - 0 21,f8f7 d1d8 f6e8 d8e8,779,mate mateIn2 middlegame pin short,18
Ji6HD,r4rk1/pbp1qppp/1p2p3/1Pn1P1N1/2P5/5N2/P1Q2PPP/3R1RK1 b - - 8 18,h7h6 c2h7,779,mate mateIn1 middlegame oneMove,26
WWIfy,6k1/p3R2p/8/5p2/8/3r1PK1/r6P/1R6 b - - 3 33,d3d2 b1b8 d2d8 b8d8,779,endgame mate mateIn2 rookEndgame short,11
rIzFT,3k1r2/p1pp4/1p5R/1P1P2p1/P5Pp/r6P/4R1K1/8 b - - 14 37,f8f3 h6h8 f3f8 h8f8,780,endgame mate mateIn2 rookEndgame short,17
dEqrx,3r2k1/5ppp/p2p4/1p2r3/2n1NPP1/8/P3R1PK/4R3 b - - 0 26,e5e8 e4f6 g7f6 e2e8 d8e8 e1e8,781,advantage discoveredAttack endgame long,18
qwnJy,3R2k1/6p1/4p2p/2B2p1P/1p6/1rb3P1/5PK1/8 b - - 3 39,g8f7 d8f8,781,endgame mate mateIn1 oneMove operaMate,14
6b4eO,2r5/p1p1k3/5PBp/3QP3/3P4/2P4K/PP3b2/6q1 b - - 0 49,e7f8 d5f7,782,endgame mate mateIn1 oneMove,16
MDxdO,7k/1pp3pp/1p1p2rr/8/2PpPq1n/3P1pRQ/PP3P2/4R1KB b - - 13 27,h4g2 h3c8 f4f8 c8f8,783,kingsideAttack mate mateIn2 middlegame short,24
TMJ0r,r1bq2k1/ppp2ppp/1b6/8/2Qp4/2P1r1BP/PP4P1/RN3R1K b - - 3 16,e3g3 c4f7 g8h8 f7f8 d8f8 f1f8,783,backRankMate long mate mateIn3 middlegame,24
UxtqU,6k1/p4ppp/4p3/8/1P1r2PK/5Q2/P4P1P/4rb2 b - - 0 32,f1e2 f3a8 d4d8 a8d8,784,backRankMate endgame mate mateIn2 short,16
XNE8M,r1bq1bkr/pp2p1pp/3pN3/2p1nQ2/8/8/PPPP1PPP/RNB1K2R b KQ - 1 9,d8b6 f5f8,785,kingsideAttack mate mateIn1 oneMove opening,28
iseO2,8/p7/2p2k2/2P1p2p/PPb1N3/4K3/8/8 b - - 2 45,f6f5 e4d6 f5e6 d6c4,785,crushing endgame fork short,11
rfxtf,r1b1r1k1/pp3ppp/2p1n3/2Pp1B2/3P1B2/P1P2N2/6PP/1R2R1K1 b - - 0 24,e6f4 e1e8,785,hangingPiece kingsideAttack mate mateIn1 middlegame oneMove,24
OAz2K,r3k2r/pb1n1pR1/1p2p2p/3pP1BP/7q/3pPQ2/PPPK1PP1/R7 b kq - 1 16,h4e4 f3f7,786,attackingF2F7 mate mateIn1 middlegame oneMove,26
OSdwF,6k1/p4p2/p5Qp/4q3/3p4/6PP/B5P1/4b1K1 b - - 0 30,g8f8 g6f7,786,endgame mate mateIn1 oneMove,14
POoP2,6rk/1p5Q/2p2R2/4pN2/4P3/5P2/Pp3qPK/4n2R b - - 0 34,h8h7 f6h6,786,endgame mate mateIn1 oneMove,17
kjq1y,r7/pp1n1k2/2p5/8/3P4/2P1P3/PP1K2P1/R4B1r b - - 2 23,a8d8 f1c4 f7e7 a1h1,786,crushing discoveredAttack endgame short,16
obizE,8/2k4P/1p4B1/1K4n1/P7/5p2/8/8 b - - 0 62,g5h7 g6h7 f3f2 h7d3,786,endgame,8
tNf9W,4kb1R/8/3BP1p1/5p2/5P2/4P3/5P1K/2q5 b - - 1 50,c1d2 h8f8,786,endgame mate mateIn1 oneMove operaMate,12
Rs3V0,8/8/p1pk4/P2p1p2/1K1P1Pp1/4P1P1/8/8 b - - 2 48,d6c7 b4c5 c7d7 c5b6,787,crushing endgame pawnEndgame short zugzwang,12
SNZPD,2r2rk1/p4p1p/1nP1p1pQ/1P1p4/q5P1/5P2/6P1/1R3KNR b - - 1 27,a4c2 h6h7,787,kingsideAttack mate mateIn1 middlegame oneMove,21
8z86a,r1n1r1Qk/1pqb2bp/2p3pN/p3p3/1n2P3/1PN1B1PP/P4PBK/3R1R2 b - - 11 28,e8g8 h6f7,788,master mate mateIn1 middlegame oneMove smotheredMate,28
8OHbE,5r1k/p5pp/7q/5B2/2Q3K1/P5B1/6rP/8 b - - 11 44,f8f5 c4c8 f5f8 c8f8,789,endgame fork mate mateIn2 short,13
DCmHH,rn4kr/1b1qn1bp/p2p2p1/1p2p1N1/2p1P3/2P2Q2/PPB2PPP/RNB1R1K1 b - - 5 16,h7h6 f3f7,789,mate mateIn1 middlegame oneMove,30
XOf18,1r2r1k1/pR2p2p/3q1B1P/4pP2/4P3/5QP1/8/6K1 b - - 0 29,b8b7 f3g4 g8f7 g4g7,789,endgame master mate mateIn2 short,16
qPXoj,6k1/1p1r1ppb/2p4p/p2P4/2QR1P2/P4q2/1PP5/1K6 b - - 2 34,c6d5 c4c8 d7d8 c8d8,789,backRankMate endgame fork mate mateIn2 short,18
Bk8Vu,r2q1bk1/pp3pB1/2n1rPpQ/3pp2p/3p4/5R2/PPP3PP/RN5K b - - 3 23,e6f6 h6h8,790,mate mateIn1 middlegame oneMove,26
lnaLn,r7/2q2p1p/p2kRQ2/2pP1p1p/2P5/2PB1p2/P5PP/6K1 b - - 0 27,f7e6 f6e6,790,endgame master mate mateIn1 oneMove,20
mBpUa,1Q5k/p4r2/1pp4p/3p4/PP1P3q/2P1p3/6R1/6K1 b - - 1 43,h8h7 b8g8,790,endgame mate mateIn1 oneMove,16
3yRV5,r1b2rk1/1p1n1q1p/p1n3p1/3pP1N1/3P3P/P2B4/1PQ2PP1/R3K2R b KQ - 3 17,f7f2 c2f2 f8f2 e1f2,791,middlegame,25
6H59u,2kr2r1/pb6/2p1p3/3P4/P3BPqP/1P1Q2P1/2K5/6R1 b - - 0 30,e6d5 e4f5 g4f5 d3f5,791,advantage fork middlegame short,18
73XvN,3r1Bk1/p4pbp/R5p1/1b2p3/2B5/2P2Q2/Pq3PPP/5RK1 b - - 0 23,b5a6 f3f7 g8h8 f7g7,792,kingsideAttack mate mateIn2 middlegame short,21
HXM4h,5r2/Q6k/3P1p2/6R1/4p2P/4PbPq/5P2/6K1 b - - 0 35,h7h6 a7g7,792,endgame master mate mateIn1 oneMove triangleMate,14
JWYtw,5r1k/pq3rpp/3QRb2/3p4/3PnB2/1P2R2P/P4PP1/6K1 b - - 6 31,f7d7 d6f8,792,hangingPiece kingsideAttack mate mateIn1 middlegame oneMove,21
XppRm,r4rk1/5ppp/pqn1p3/1p1pP1N1/1P1P4/P2Q2P1/5PP1/R4RK1 b - - 0 18,b6d4 d3h7,792,kingsideAttack mate mateIn1 middlegame oneMove,24
tvhc6,r2q1rk1/4bp2/2p1p1NP/pp1n2p1/3P4/3Q4/PPPB1P2/2KR3R b - - 0 20,f7g6 d3g6 g8h8 g6g7,793,kingsideAttack mate mateIn2 middlegame short,24
uSLb4,r1b1r1k1/ppp3pp/1b1p4/3P1qB1/8/5QNP/PP3PP1/R3R1K1 b - - 0 17,f5g5 e1e8,793,hangingPiece kingsideAttack mate mateIn1 middlegame oneMove,24
12KYx,8/7p/8/5pp1/4p1kP/2q1PPP1/6BK/5R2 b - - 0 40,e4f3 g2f3,794,endgame mate mateIn1 oneMove,13
3M1f7,3r2k1/p4pp1/1p5p/2pPr1q1/4R3/2PQ4/P5PP/4R1K1 b - - 1 23,e5d5 e4e8 d8e8 e1e8,794,endgame master mate mateIn2 short,19
C3xV5,r4bkr/p2q2p1/1p2b2p/2p1p3/P2nN3/1P4Q1/R1PP1PPP/2B1R1K1 b - - 3 16,d4c6 e4f6 g8f7 f6d7,794,advantage middlegame pin short,26
REXvW,r1q1kb1r/1pN1p3/p1n3p1/1N2n2p/8/1Q6/PP4PP/R1BR2K1 b kq - 1 17,c8c7 b5c7,794,cornerMate hangingPiece mate mateIn1 middlegame oneMove,23
V12dn,r2qnrk1/1pp2pp1/3bb3/p3N2Q/2PP3R/2N5/PP4PP/R5K1 b - - 3 16,e8f6 h5h8,794,mate mateIn1 middlegame oneMove,24
ljYOf,3kQbr1/2q2p1p/3r4/5P2/4B3/1N6/PPP3PP/4RR1K b - - 2 28,d8e8 e4c6 e8d8 e1e8,794,discoveredCheck doubleCheck mate mateIn2 middlegame operaMate short,19
M91mW,6k1/r4p1p/p4p2/1ppN4/8/1P3P2/1PP2P1P/4K3 b - - 1 26,a7d7 d5f6 g8f8 f6d7,795,crushing endgame fork short,16
Wca51,8/p4pkp/1pq2bp1/3p4/P2P1B2/1P2Q1P1/5PKP/8 b - - 3 28,c6c2 f4h6 g7h8 e3e8,796,endgame mate mateIn2 short,18
ANA3S,r2q2rk/1p2bp1p/2n5/2p1p1N1/p1Pp1P1P/P2P3b/1P1NPPB1/R1Q2RK1 b - - 2 18,h3g2 g5f7 h8g7 f7d8,797,advantage fork middlegame short,29
vyLpP,6k1/5p2/3p2p1/4p1P1/3pP3/p4P2/1bK1N3/8 b - - 1 47,a3a2 c2b2 a2a1q b2a1,797,advantage endgame hangingPiece short,13
DIp8n,5rk1/6q1/8/1p2P3/2pp4/P6Q/1P4P1/1B4K1 b - - 0 42,g7e5 h3h7,798,endgame mate mateIn1 oneMove,13
tPbk7,1r6/8/5p2/4k2P/3N2P1/1b2p1K1/1P2N3/8 b - - 0 45,b3d1 d4c6 e5d6 c6b8,798,advantage endgame fork short,11
5iW43,6k1/1b2P2p/p7/1p1q1p2/1PpB4/P6P/3Q2P1/4b1K1 b - - 0 43,e1d2 e7e8q,799,advancedPawn endgame master mate mateIn1 oneMove promotion,17
UzDxQ,r4r1k/pbp4P/1p1pp1p1/3Pnp2/2P4Q/4P1K1/q4PP1/5B1R b - - 3 21,e5f7 h4f6,799,mate mateIn1 middlegame oneMove,23
n9cyK,r1b2rk1/pp3pnp/4p3/2p5/2PqN3/8/P1P1Q1PP/R4R1K b - - 3 17,d4e5 e4f6 e5f6 f1f6,799,advantage kingsideAttack middlegame short,22
3etQk,3r1rk1/1b1n2pp/p3p3/1p1q1p2/3P2N1/1PPQ1P2/2B3PP/R3R1K1 b - - 1 24,f5g4 d3h7,800,advantage kingsideAttack middlegame oneMove,24
SoCXe,r3r2k/pp1q2pp/2p5/3nP3/2Q2P2/8/P5PP/2RR2K1 b - - 0 30,d5b6 d1d7 b6c4 c1c4,800,advantage middlegame short,19
ALRMZ,r1bqk3/ppppb3/2n2r2/4p2Q/2B1P3/8/PPP2PPP/RN2K2R b KQq - 1 12,e8f8 h5h8,801,mate mateIn1 oneMove opening,25
qewMZ,R7/5ppk/P3p2p/3p4/4n3/7q/6N1/6K1 b - - 0 37,h7g6 g2f4 g6f5 f4h3,801,crushing endgame fork short,12
dSiNT,3qkb1r/3B1p1p/3p4/r2NpP2/P2n4/8/1PP2PPP/R2QK2R b KQk - 0 15,d8d7 d5f6 e8e7 f6d7,802,advantage fork master middlegame short,23
dbbO4,8/8/8/8/1k6/r1p1NPK1/6P1/8 b - - 1 65,c3c2 e3c2 b4c5 c2a3,802,crushing endgame fork master short,7
Y5P88,r1q2r1k/pb1R1p2/1pn2NQp/2p5/1nB5/5N1P/PP3PP1/5RK1 b - - 1 21,f7g6 d7h7,803,arabianMate mate mateIn1 middlegame oneMove,24
gQ1jE,r1bq1r1k/p5p1/2p1ppB1/2bpn1B1/7Q/2N5/PPP2PPP/R4RK1 b - - 1 14,h8g8 h4h7,803,mate mateIn1 middlegame oneMove,26
YqWbJ,4r1k1/pp3pp1/7p/8/7P/P1P1P1P1/qPQ5/2KR4 b - - 2 28,e8e3 d1d8 e3e8 d8e8,804,endgame mate mateIn2 short,17
8koog,5k1r/pp3Pp1/2b4p/7B/2P4P/6q1/PP3R2/4RK2 b - - 0 29,g3h4 e1e8 c6e8 f7e8q,806,advancedPawn discoveredCheck doubleCheck endgame mate mateIn2 promotion short,17
C998I,3k4/r7/2K5/8/8/8/6R1/8 b - - 8 63,a7d7 g2g8 d8e7 g8g7 e7e6 g7d7,806,crushing endgame exposedKing long rookEndgame,4
7bjpH,4rrk1/pp3np1/1pp4q/8/5pQP/P1P2P2/1P2R1P1/4R1K1 b - - 4 23,h6f6 e2e8 f8e8 e1e8,807,crushing kingsideAttack middlegame short,21
f6vcy,6k1/p4p1p/2p3p1/3p4/8/5PB1/PP3q1P/1K2R1N1 b - - 3 26,f2d4 e1e8 g8g7 g3e5 d4e5 e8e5,807,crushing endgame fork long,16
w91pU,8/1R4kp/6p1/p2B1b2/2P2K2/1P6/7r/8 b - - 1 37,g7f6 b7f7,807,endgame mate mateIn1 oneMove operaMate,11
fkFTG,2r1q2k/p7/1p2p2p/4P2b/5Pp1/P2Q4/6P1/1B3RK1 b - - 1 38,e8c6 d3h7,808,endgame mate mateIn1 oneMove,17
oib2e,rn1q1r2/2p2p1k/p3B2p/1bb1B1pQ/1p5N/8/PP3PPP/R4RK1 b - - 0 18,f7e6 h5g6,808,mate mateIn1 middlegame oneMove,25
4FrBB,r1bq1rk1/6p1/p2bp1Qp/1p3pN1/3n4/3B4/PP3PPP/R1B2RK1 b - - 0 19,d8e8 g6h7,809,mate mateIn1 middlegame oneMove,25
BnZb2,6k1/p2r1pp1/1q1P3p/3Q4/8/6PP/3R1P1K/8 b - - 22 59,b6b7 d5b7 d7b7 d6d7 b7d7 d2d7,809,advancedPawn crushing endgame long,14
Jlb6z,7k/1pp1b2p/3p2pP/3P4/2P5/3qB3/KQnN1P2/8 b - - 0 38,h8g8 b2g7,809,endgame mate mateIn1 oneMove,17
hPiLL,8/8/p7/2P5/Pp6/1P1K1k2/8/2b5 b - - 0 46,f3f4 c5c6 c1b2 c6c7,809,advancedPawn bishopEndgame crushing endgame short,8
QzmMp,5rk1/1R5p/6p1/p3P3/1p6/1P2ppBq/P6Q/6K1 b - - 1 40,h3c8 h2h7,810,endgame mate mateIn1 oneMove,16
qWa2H,r1bqr1k1/2pp1ppp/p1n5/1p1QP1N1/8/P1P1P3/BP4PP/RN2K2R b KQ - 0 13,d8g5 d5f7 g8h8 f7e8,810,backRankMate fork mate mateIn2 middlegame short,27
Nkp4v,k7/1b5p/p7/5p2/4p2P/2p1r1P1/P3BK2/2R5 b - - 7 45,e3d3 e2d3 e4d3 c1c3,811,advantage capturingDefender endgame short,14
4fnpG,1k1r1b1r/Bpp3pp/4Qp2/q7/8/2P3N1/PP3PP1/2KR1B2 b - - 0 18,a5a7 d1d8,812,backRankMate hangingPiece mate mateIn1 middlegame oneMove,21
chvYh,2r4k/2r2N1p/p7/1p4R1/1P2p3/P3P1PQ/4nPKP/q7 b - - 2 33,c7f7 h3c8 f7f8 c8f8,812,endgame hangingPiece mate mateIn2 short,19
taCR4,rn1q1rk1/pp2pp2/2p2b1P/6B1/3Pp1Q1/2P1P3/PP3PP1/R3K2R b KQ - 2 15,g8h8 g5f6 e7f6 g4g7,812,clearance kingsideAttack mate mateIn2 middlegame short,25
0VCaC,rnb2rk1/p1q2pp1/2pbp3/1p4NQ/3P4/8/PPP2PPP/R1B1R1K1 b - - 3 14,f7f6 h5h7,813,mate mateIn1 oneMove opening,26
uPKBu,r4rk1/pp3ppp/1qn1p3/6N1/3PQ3/8/PP3PPP/R4RK1 b - - 0 15,b6d4 e4h7,813,kingsideAttack mate mateIn1 middlegame oneMove,22
uZd8x,r1b1r1k1/pp1n1p2/2p4p/4q3/2P1Np2/1Q3P2/PP4PP/3RR1K1 b - - 2 20,d7f6 e4f6 e5f6 e1e8,813,crushing discoveredAttack kingsideAttack middlegame short skewer,23
B2txw,8/8/8/1p4p1/5pP1/1r1k3P/1P3RK1/8 b - - 6 48,d3e3 f2f3 e3d4 f3b3,814,crushing endgame master rookEndgame short skewer,10
EF0Hr,rnbqr1k1/ppp2p1p/8/2b3p1/2P1Np2/P4N1P/1PP1Q1P1/R1B1K2R b KQ - 2 12,f7f5 e4f6 d8f6 e2e8,814,advantage deflection discoveredAttack kingsideAttack middlegame short,27
HForO,8/8/p1R4p/P5pk/1P1q2P1/7P/3r2PK/3R4 b - - 0 34,h5h4 c6h6,814,endgame mate mateIn1 oneMove queenRookEndgame,14
IGz8G,r4rk1/ppp2ppp/2n2q2/4P3/6b1/5N2/PPP1BPPP/R2Q1RK1 b - - 0 12,c6e5 f3e5 f6e5 e2g4,814,advantage capturingDefender discoveredAttack middlegame short,25
1gXf0,3r2k1/pQ3pb1/4p1p1/2p3N1/5P2/2P1P1PR/q5r1/2R4K b - - 1 27,g2c2 b7f7,815,mate mateIn1 middlegame oneMove,19
WyjrU,r1bq1rk1/ppp2Npp/8/3B4/8/8/PP3PPP/n2Q1RK1 b - - 0 14,f8f7 d5f7 g8f7 d1d8,815,crushing discoveredAttack kingsideAttack middlegame short,21
nrYqu,2q1nrQk/1p4bp/p1np2p1/5bN1/4pP2/PB2B2P/1PP3P1/3R1RK1 b - - 3 23,f8g8 g5f7,815,mate mateIn1 middlegame oneMove smotheredMate,26
uh5st,r3r1k1/pb1Nbppn/1p2pn2/3p4/3B1P1Q/1P2PN1R/P1q3PP/R5K1 b - - 3 18,f6e4 h4h7,815,kingsideAttack mate mateIn1 middlegame oneMove,27
AnVFi,r3qrk1/1p1bn1p1/1b2p1n1/p2pP1NP/1P1P2P1/PN1BP3/8/R2QK2R b KQ - 0 19,g6h8 d3h7,816,mate mateIn1 middlegame oneMove,27
heXFG,1k3bn1/ppp5/8/3PpQP1/8/qP3K1B/2P2P2/8 b - - 2 29,a3d6 f5c8,816,endgame mate mateIn1 oneMove,16
qZOsz,2kr1b1r/Bppqpppp/3pnn2/8/4P3/2NB2QP/PPP2PP1/R3K2R b KQ - 0 10,b7b6 d3a6,816,doubleBishopMate mate mateIn1 middlegame oneMove,28
5PEko,r1b1rnk1/pp2qp1p/2p2pp1/8/3PN3/2PB4/PP3PPP/R2QR1K1 b - - 3 14,f6f5 e4f6 e7f6 e1e8,817,crushing deflection discoveredAttack kingsideAttack master middlegame short skewer,26
IyWD1,r3k2r/1b2bppp/2qNpn2/4n3/4P3/P2BBP1P/1PP1Q1P1/R4RK1 b kq - 0 15,e7d6 d3b5 e8g8 b5c6,817,advantage middlegame pin short,26
JLKbC,r1b2r1k/3p1p2/p3pNp1/1p2P2Q/8/6R1/Pq3P1P/5KR1 b - - 0 25,g6h5 g3g8 f8g8 g1g8,817,arabianMate mate mateIn2 middlegame short,20
QRy3Z,3r1r2/2p2B2/p3RP2/1pk5/1P1p4/P7/2P4K/8 b - - 0 43,c5c4 e6c6,817,doubleCheck endgame mate mateIn1 oneMove,14
Uk9KR,r3kb1r/pb3ppp/8/4p3/6Q1/8/PPPq1PPP/3R1RK1 b kq - 1 15,d2c2 g4d7,817,mate mateIn1 middlegame oneMove,21
vpK7e,rn1q1rk1/p1p1bppp/bp2pn2/6N1/2PPN3/3QB3/PP3PPP/R3KB1R b KQ - 2 9,h7h6 e4f6 g7f6 d3h7,817,clearance kingsideAttack mate mateIn2 opening short,30
BKYtq,4r1k1/2qb1pp1/1p1p1nnp/2pPp3/r1P1P3/2PB1P2/R1Q1N1PP/R1B3K1 b - - 9 23,e8a8 a2a4 d7a4 a1a4,820,advantage middlegame short,28
MnJUG,3r2k1/1Q3ppp/p7/1p4q1/8/P7/2P3PP/5R1K b - - 2 29,g5h6 b7f7 g8h8 f7f8 d8f8 f1f8,820,backRankMate endgame long mate mateIn3 sacrifice,15
inFsX,6k1/5ppp/8/Qp6/2qPP3/P4K2/8/8 b - - 2 42,c4d4 a5a8 d4d8 a8d8,820,backRankMate endgame mate mateIn2 queenEndgame short,11
ouW1U,r2q1r1k/pp1n1p2/2p1b1Bp/4P3/1P6/P3Q2P/3N1PP1/R3K2R b KQ - 0 20,f7g6 e3h6 h8g8 h6g6,820,advantage kingsideAttack middlegame short,23
i369E,5rk1/p5p1/1p5p/2p5/2Bp1N1P/1P6/P1P5/3K4 b - - 2 33,g8h8 f4g6 h8h7 g6f8,821,crushing endgame fork master short,15
5Kal6,r1bqkb1r/5p1p/p1p1p1pB/2ppP3/4PQ2/2NP4/PPP3PP/R4RK1 b kq - 7 15,f8h6 f4f7,822,attackingF2F7 mate mateIn1 middlegame oneMove,28
CIBtw,rk1q1b1r/p1p4p/1pP1Q3/1P1pp1p1/3Pn3/4P3/P4PPP/1R2KB1R b K - 0 18,d8d6 e6e8 d6d8 e8d8,822,mate mateIn2 middlegame queensideAttack short,26
GV1mr,b3r1k1/2Q2ppp/1P4q1/8/4pB2/5P2/2P3PP/4R1K1 b - - 0 28,e4f3 e1e8,822,endgame hangingPiece mate mateIn1 oneMove,17
L8vIF,8/8/8/p3k2p/P1K4P/8/8/8 b - - 1 46,e5f4 c4b5 f4g4 b5a5,822,crushing endgame pawnEndgame short,6
0lZwO,8/pr5p/3k4/R2p2p1/3Pp1P1/1P5P/P2K4/8 b - - 1 39,b7f7 a5a6 d6d7 a6a7,823,crushing endgame interference master rookEndgame short,14
BomFa,r4rk1/p4pp1/2p2b1B/2pb1q2/3p2N1/3P4/PPP1QPPP/R4RK1 b - - 0 18,g7h6 g4h6 g8h7 h6f5,823,crushing fork middlegame short,25
UEzgP,1R6/P7/8/k7/6p1/8/2p2KPr/8 b - - 0 53,c2c1q a7a8q,823,advancedPawn endgame mate mateIn1 oneMove promotion,8
vIoXf,6rk/1ppb2Qp/p1q5/8/3B4/1P6/2P3PP/3R1RK1 b - - 0 30,g8g7 f1f8,823,endgame mate mateIn1 oneMove pin,17
z9K3d,rnbq1b1r/1pp1p1kp/p5p1/3BP2n/3P4/5Q2/PPP2PPP/RNB1K2R b KQ - 0 9,c7c6 f3f7,823,mate mateIn1 oneMove opening,29
BqGmh,rqr3Qk/1b2b1pp/p2p1n1N/4p3/4P3/4BBP1/PP3P1P/2RR2K1 b - - 13 25,f6g8 h6f7,824,mate mateIn1 middlegame oneMove smotheredMate,25
M2mir,r1bq3r/pp1k1ppp/5n2/3pQ3/1b6/2N5/PPP2PPP/R1B1KB1R b KQ - 0 12,h8e8 f1b5,824,balestraMate master mate mateIn1 oneMove opening,26
yhUR1,2r1r1k1/pp4pp/1q3np1/4b1B1/1n1N2P1/2P2P2/PP1Q3P/1BKR3R b - - 0 20,e5d4 d2d4 b6d4 d1d4,824,advantage middlegame short,25
zghiu,r1bqrk1Q/ppp3p1/1nn1p3/4P1N1/3P4/P1P5/5PPP/R1B1K2R b KQ - 6 18,f8e7 h8g7,824,epauletteMate mate mateIn1 middlegame oneMove,25
e9cqH,8/8/1p3k1p/8/8/1pNK2P1/r4P1P/8 b - - 5 48,a2f2 c3e4 f6e5 e4f2,825,crushing endgame fork short,10
jiRYq,r3k2r/1p4p1/p1qbQn1p/2B1p3/P3P3/2N4P/1PP2PP1/R5K1 b kq - 1 17,d6e7 e6e7,825,mate mateIn1 middlegame oneMove,23
Fwght,5r1k/pp1R1B1p/2p3p1/2b5/5Bn1/6PP/5PK1/8 b - - 0 30,g4f2 f4e5,826,doubleBishopMate endgame mate mateIn1 oneMove,16
LCIly,r1bq1k1r/ppppb3/4P2p/3n1ppQ/2N4B/3P4/PPP2PPP/RN2K2R b KQ - 0 12,g5h4 h5f7,827,mate mateIn1 oneMove opening,29
MjDY3,5r2/2pk2p1/P2p1p2/3P4/3bP3/3B2K1/8/3R4 b - - 0 34,f8a8 d3b5 d7c8 d1d4,827,crushing discoveredAttack endgame short,13
awnvJ,8/7p/6p1/1k2B3/pb3Pb1/2pBP3/5K2/8 b - - 1 44,b5a5 e5c7,827,bishopEndgame doubleBishopMate endgame mate mateIn1 oneMove,12
9kaKZ,4Rr1k/pp5p/1n4p1/8/8/1Q3qP1/PP3P1P/R5K1 b - - 0 30,f3b3 e8f8 b3g8 f8g8,828,crushing endgame hangingPiece short,17
eiU1a,r1bqr2b/pp2nk1P/4pppB/2p5/3nP3/2NP1N2/PP4P1/R2QKR2 b Q - 4 17,b7b6 f3e5,828,mate mateIn1 middlegame oneMove pin,27
elDII,8/8/6p1/4p2p/1Pk1Np1P/2P2P1K/1r4P1/8 b - - 2 43,b2b1 e4d2 c4c3 d2b1,828,crushing endgame fork master short,13
WCSj4,2R5/6kp/6p1/1p2q3/2pr4/5Q2/PPK2P2/8 b - - 7 49,d4d7 f3f8,832,dovetailMate endgame mate mateIn1 oneMove,13
XkPDn,6k1/p2r1p2/3q2p1/3p3p/P1p5/1pP1Q1PP/1P3P2/3R2K1 b - - 0 29,d6b6 e3e8 g8g7 e8d7,832,crushing endgame fork master short,19
4Xzlw,1k1r2r1/1ppqb2p/R2p2p1/3P1p2/4R3/1P4P1/PBPP1Q2/2K5 b - - 0 22,f5e4 f2a7 b8c8 a7a8,833,mate mateIn2 middlegame queensideAttack short,22
6xiw2,2r2r2/7k/2n1Rqp1/p1p2n1p/1pPp1B1P/3P1NP1/PP1Q1P2/R5K1 b - - 0 29,f6e6 f3g5 h7g8 g5e6,833,crushing fork master middlegame short,25
73LGL,2kr4/1pp2p2/p7/4p1pp/1P3n2/2P1N2q/P1B2PbN/R3Q1K1 b - - 1 24,g2f3 c2f5 h3f5 e3f5,833,advantage fork middlegame short,22
SrAA1,r1bqkbnr/1p1p1ppp/p1n1p3/2p1P3/4N3/5N2/PPPP1PPP/R1BQKB1R b KQkq - 1 5,g8e7 e4d6,833,mate mateIn1 oneMove opening smotheredMate,32
adLwW,2kr1b1r/1p1npppp/p4n2/1NPp1b2/3P1B2/5N2/1P2PPPP/R3KB1R b KQ - 2 11,f6h5 b5a7,833,mate mateIn1 middlegame oneMove,28
6861O,r1b2rk1/pp3ppp/1qp1n3/3p3N/7B/3P2QP/PP3PP1/2R2RK1 b - - 9 23,e6d4 g3g7,834,kingsideAttack mate mateIn1 middlegame oneMove,25
Ib3CA,r1b1r1k1/pp3ppp/1q2pn2/3p4/3N1B2/PP1B4/2P2PPP/1R1Q1RK1 b - - 0 14,b6d4 d3h7 f6h7 d1d4,834,crushing discoveredAttack kingsideAttack middlegame short,26
7hYEP,8/8/p7/r7/4PK2/8/6B1/3k4 b - - 3 53,a5h5 g2f3 d1c2 f3h5,835,endgame,6
gzHoF,r2qr1k1/2p2ppp/b2p1n2/p1pN4/4P3/1PQ2P2/PBP3PP/2KR3R b - - 1 14,f6d5 c3g7,835,kingsideAttack mate mateIn1 middlegame oneMove,26
suN7R,2kr4/pp1bp2R/2np1b2/8/2B1P3/P1P5/1PK5/5R2 b - - 2 25,d8h8 h7h8 f6h8 f1f8 c8c7 f8h8,835,advantage fork long middlegame,17
vjoxm,2r3k1/1R3ppp/2n5/b6q/3PpB2/PQ3bP1/5P1P/5RK1 b - - 1 26,h5h3 b3f7 g8h8 f7g7,836,kingsideAttack mate mateIn2 middlegame short,20
2Vqmc,5k2/3R2p1/pp1N1p1p/4r3/8/5PKP/1r4P1/8 b - - 1 42,e5e7 d7d8 e7e8 d8e8,837,endgame mate mateIn2 short,14
YaEF7,r6k/1b6/p3ppQp/1p6/7P/3B4/PP3qPK/3R4 b - - 1 29,a8g8 g6h6,837,endgame mate mateIn1 oneMove,17
qFRjj,r1bq1rk1/1p3ppp/p7/4Qp2/2Pp4/1B1P1P2/P1P2P1P/2KR2R1 b - - 1 18,f8e8 e5g7,837,kingsideAttack mate mateIn1 middlegame oneMove,24
O50Cv,8/2p5/2K3p1/1P3pPp/5k1P/8/8/8 b - - 1 59,f4e4 c6c7 f5f4 b5b6 f4f3 b6b7 f3f2 b7b8q,839,advancedPawn crushing endgame master pawnEndgame promotion veryLong,9
UHNbE,8/7p/5P1k/4B2b/p1pPB2P/2b3K1/8/8 b - - 0 49,a4a3 e5f4,839,bishopEndgame endgame master mate mateIn1 oneMove,12
gAJuf,5k2/5pp1/pq6/8/Pr4nP/2N3P1/4RP2/3R2K1 b - - 3 34,b6c5 d1d8,839,endgame mate mateIn1 oneMove,15
geL8Z,5k2/3p1ppp/2rp4/3b4/1p1P1B1P/4RP2/1P4P1/6K1 b - - 2 26,c6c2 f4d6 f8g8 e3e8,839,backRankMate endgame mate mateIn2 short,17
ETLaq,r3r1k1/2R2pbp/p5p1/1p1Qp3/4P1P1/1P5P/1q5B/4R1K1 b - - 1 26,a8d8 d5f7 g8h8 f7g7,840,kingsideAttack mate mateIn2 middlegame short,20
T5iRL,6k1/p4pp1/3p4/Q1p1r2p/2P1q3/PP5P/6P1/5RK1 b - - 1 39,e5g5 a5d8 g8h7 d8g5,840,crushing endgame fork short,17
V87qj,r1b1k2r/p2n1ppp/1ppq1n2/8/1P6/2pB1N2/P4PPP/R1BQ1RK1 b kq - 1 13,e8g8 d3h7 f6h7 d1d6,840,advantage discoveredAttack kingsideAttack opening short,26
u8liW,2r3k1/6p1/p1b4r/1p2p3/7P/6P1/PP1R1P2/2R3K1 b - - 6 34,c6b7 c1c8 b7c8 d2d8 g8f7 d8c8,840,advantage endgame fork long,16
BCfUD,4r1k1/p4rp1/1pPqN1R1/nP1pp3/6Q1/b5P1/P2N1PP1/4K3 b - - 2 32,d6b4 g6g7 f7g7 g4g7,841,kingsideAttack mate mateIn2 middlegame short,22
Cp9Ka,r2q1rk1/2p2ppp/p4b2/1p1P4/8/2pQ1b2/PPB2P2/R1B1R1K1 b - - 2 19,d8d5 d3h7,841,kingsideAttack mate mateIn1 middlegame oneMove,23
CueoS,8/6pk/5p2/3p1Q1P/2pP2K1/2P3R1/p4PP1/r6q b - - 1 45,h7h6 f5g6,841,endgame mate mateIn1 oneMove,16
KUrCQ,2r3k1/p4ppp/Qp2b1q1/8/8/P3B3/1P3PPP/3R3K b - - 2 26,g6g4 a6c8 e6c8 d1d8,841,backRankMate endgame mate mateIn2 sacrifice short,18
Mdljp,2rr2k1/1p3pbp/p5p1/P3n3/NP6/4KP2/4BP1P/1RR5 b - - 0 28,e5g4 f3g4 c8c1 b1c1,841,advantage hangingPiece middlegame short,20
g95OT,5r1k/5p2/2n2N2/p3r1N1/Pp6/7P/1KP5/6R1 b - - 2 38,c6d4 g5f7 f8f7 g1g8,841,arabianMate clearance endgame mate mateIn2 sacrifice short,14
jmCHy,2k1r2r/pp6/3N4/6q1/PpP3p1/3n2P1/6QP/R4RK1 b - - 1 29,c8b8 g2b7,841,mate mateIn1 middlegame oneMove queensideAttack,18
UPNjQ,7r/p2k4/npp1p3/3pN3/3P4/3B2rP/PPP5/1K5R b - - 1 25,d7d6 e5f7 d6e7 f7h8,842,advantage endgame fork short,18
8M5vL,rn3rBk/pb3pp1/1p6/2npq3/8/7R/P1Q2PPP/R1B3K1 b - - 1 19,h8g8 c2h7,843,mate mateIn1 middlegame oneMove,22
LcBJ7,1r4k1/p3P1pp/2p5/4n3/8/1B1qP2P/PP4P1/5RK1 b - - 0 25,g8h8 f1f8 b8f8 e7f8q,843,advancedPawn endgame mate mateIn2 promotion short,17
YdtmU,r4rk1/5Npp/4p3/p2pP3/P2q4/1P3Q1P/2P2RP1/6K1 b - - 0 26,a8a7 f7h6 g7h6 f3f8,843,discoveredAttack endgame mate mateIn2 short,19
vTOrP,r1b1R2k/1ppp2p1/3b1qBp/p7/1P6/P5P1/2P4P/5Q1K b - - 2 25,d6f8 e8f8 f6f8 f1f8,843,fork mate mateIn2 middlegame short xRayAttack,20
JQEnm,2r2bk1/ppr2ppp/1q2p3/3p2P1/3P4/1PP2Q1P/PR4PK/5R2 b - - 0 28,c7c3 f3f7 g8h8 f7f8 c8f8 f1f8,844,backRankMate deflection long mate mateIn3 middlegame,23
K3jsi,1r1q1rk1/pbp2pp1/1pnbp3/6NQ/3P4/2P5/PP3PPP/R1B1R1K1 b - - 3 14,f7f6 h5h7,844,mate mateIn1 oneMove opening,26
XH4n4,3r3k/p2r1p2/8/3N1p1p/2P5/1P4PP/1R3PK1/8 b - - 0 33,d8e8 d5f6 e8d8 f6d7,844,crushing endgame fork master short,15
dO4O4,rnbq1b1r/pp3k1p/5np1/2p2pB1/2B4Q/8/PPP2PPP/R3K1NR b KQ - 1 12,f7g7 g5h6,845,mate mateIn1 oneMove opening,27
0QKEg,2rr2k1/6p1/pq2p2p/1p1b1p2/1P1NB3/P2RP3/1Q3PPP/3R2K1 b - - 0 25,d5e4 d4e6 b6e6 d3d8 c8d8 d1d8,846,crushing deflection discoveredAttack kingsideAttack long middlegame,23
9NfIq,6k1/5ppp/1r1p4/4p3/2QnP1Pq/P6P/1P6/1K3R2 b - - 1 29,h4d8 c4f7 g8h8 f7f8 d8f8 f1f8,846,backRankMate endgame long mate mateIn3,17
P1W5F,r4rk1/ppq2ppp/8/5Q2/2P2nP1/5P2/P1P2KB1/4R2R b - - 4 26,f4g2 f5h7,846,mate mateIn1 middlegame oneMove,20
g8xHO,8/1p5p/1P6/4b1p1/2Q1krP1/3n3P/5P2/6K1 b - - 45 60,e4f3 c4d3,846,endgame epauletteMate hangingPiece mate mateIn1 oneMove,13
wCyri,1r2k3/1P3p1p/n1R3p1/p7/P5P1/5P2/7P/6K1 b - - 4 33,a6b4 c6c8 e8d7 c8b8,846,crushing endgame short,14
VHTDa,6k1/1p4p1/2p1p1N1/1p5P/4n1p1/P3r3/8/5RK1 b - - 0 30,e3a3 f1f8 g8h7 f8h8,847,endgame hookMate master mate mateIn2 short,14
1VriF,4q1k1/3nb1p1/4prP1/p2p1p1Q/Pp1P1P2/1Pr1B3/2P3R1/2K3R1 b - - 8 29,c3e3 h5h7 g8f8 h7h8,848,kingsideAttack mate mateIn2 middlegame short,23
Oy18d,r3k2r/pp2nppp/2n1b3/qBp5/3pN3/3P4/PPP1QPPP/R4KNR b kq - 3 11,a5b5 e4d6 e8d7 d6b5,848,crushing fork middlegame short,28
UmyUN,r2q1rk1/pp1nbpp1/4p2Q/2pp4/3PnP2/2PBP1R1/PP1N2PP/R1B3K1 b - - 0 14,e4g3 h6h7,848,mate mateIn1 middlegame oneMove,29
fUgge,r1q1r1k1/p3bppp/2p1N3/3p4/3Q2nB/2N1R3/PPP2PPP/4R1K1 b - - 0 18,g4e3 d4g7,848,kingsideAttack mate mateIn1 middlegame oneMove,25
MAqUt,R7/P5k1/5p1p/4p2P/5r2/4K1p1/8/8 b - - 0 45,g3g2 a8g8 g7g8 a7a8q,849,advancedPawn attraction crushing endgame promotion rookEndgame short,10
icGYd,1k1r1b1r/pp4pp/3q1p2/8/1pBNb3/1P2P3/P4PPP/2RQ1RK1 b - - 2 17,d6e5 d4c6 b7c6 d1d8,849,crushing discoveredAttack master middlegame queensideAttack short,24
PVzPm,6k1/pq4bp/b3N1p1/Q3P3/P2p1p2/5P1P/6P1/7K b - - 0 29,d4d3 a5d8 g7f8 d8f8,850,endgame master mate mateIn2 short,17
sweCe,r1bq1rk1/2pp1p2/p4P1p/1p2P1p1/7B/2P5/PP3PPP/nN1Q1RK1 b - - 0 15,g5h4 d1g4 g8h7 g4g7,851,kingsideAttack mate mateIn2 middlegame short,26
aPr3m,8/8/8/2p5/2k4P/4NKP1/8/q7 b - - 1 56,c4d4 e3c2 d4c3 c2a1,852,crushing endgame fork master short,7
kAm0q,6k1/5pbp/6p1/P2K4/r1Q2P2/6P1/7P/8 b - - 0 45,a4c4 d5c4 g7f6 a5a6,852,crushing endgame short,12
4S7sE,1r4k1/5p1p/4p1p1/3qP3/1b1PN3/1P2P1P1/2Q2K2/8 b - - 1 41,b4f8 e4f6 g8g7 f6d5,853,advantage endgame fork short,16
V4Dur,4r2k/3n1p1n/3p1B2/2p1pP1N/b1PqP1Q1/3P3P/6BK/5R2 b - - 2 28,h7f6 g4g7,853,mate mateIn1 middlegame oneMove,21
zMnST,6Q1/2r2p2/5N1p/q4bpk/2p5/7P/6PK/8 b - - 9 45,h5h4 g2g3,853,endgame mate mateIn1 oneMove,13
TSQyt,r4r1k/4q1p1/3bB3/1pp4n/5P1P/1PBP4/n2KQ3/1N1R2R1 b - - 0 25,a2c3 e2h5,854,hangingPiece kingsideAttack mate mateIn1 middlegame oneMove,21
WBUf8,3r1r1k/ppp1R1p1/1n5p/7P/2q3b1/4P1B1/PQ3PP1/3B1RK1 b - - 8 27,d8d7 b2g7,854,kingsideAttack mate mateIn1 middlegame oneMove,22
x8OId,2rQ3k/1q2P1pp/8/4n3/2B5/7P/1P3PP1/6K1 b - - 1 33,c8d8 e7d8q,854,advancedPawn backRankMate endgame mate mateIn1 oneMove promotion,14
7LMsU,r1bqkb1r/pp2pppp/2n5/8/2B1PQ2/8/PP3PPP/R1B1K1NR b KQkq - 2 9,e7e5 f4f7,855,attackingF2F7 mate mateIn1 oneMove opening,26
dHFVh,3Qkb1r/p4ppp/3p1qn1/4p3/4P3/5N2/PP3PPP/R1B1K2R b KQk - 0 16,e8d8 c1g5 d8d7 g5f6,855,advantage middlegame pin short,23
ijnJ3,8/4kb2/2p2p1p/1p2p3/4P1PP/PP1BNP2/K7/6r1 b - - 0 31,g1g3 e3f5 e7f8 f5g3,855,crushing endgame fork short,17
ibU68,1k1r1b1r/Npp1qppp/5n2/3P1b2/8/2P1BP2/PP1Q1P1P/R4RK1 b - - 0 16,b7b6 a7c6 b8b7 c6e7,856,crushing fork middlegame short,25
ZVfkP,r3k2r/p3Rpp1/1pnp1q1p/1B1p1b2/8/2P4P/P1P2PP1/R1BQ2K1 b kq - 0 17,f6e7 b5c6 e8d8 c6a8,857,advantage fork hangingPiece middlegame short,25
xPfXk,8/8/8/4K3/6k1/5p2/5P2/8 b - - 2 67,g4h3 e5f4 h3h4 f4f3,857,crushing endgame master pawnEndgame short,4
2cyt5,r4rk1/2pb3p/3p1b2/p1pPpN2/2P1Ppq1/1PNQ2P1/P4PK1/R4R2 b - - 1 24,h7h5 f5h6 g8g7 h6g4,858,crushing fork middlegame short,26
UMMU3,1r6/4kp2/4p1p1/2KpN1P1/5PPR/1r2P3/8/8 b - - 2 44,b3e3 e5c6 e7d7 c6b8,858,advantage endgame fork short,14
UZ3Rt,5r2/k1Q3pp/r1pNp3/4P3/Pn1P3q/8/5PPP/1R4K1 b - - 2 31,a7a8 c7b7,859,mate mateIn1 middlegame oneMove,19
YmaF2,r4qrk/3b1p2/p1n1pPp1/3pP1NQ/3P2P1/2pB3R/7P/R5K1 b - - 0 27,g6h5 h3h5 f8h6 h5h6,859,kingsideAttack mate mateIn2 middlegame short,23
04m1a,4r1k1/pb6/1p6/3N2p1/2P4p/1P2b3/P3NpPP/3R1K2 b - - 3 31,e3c5 d5f6 g8f7 f6e8,860,advantage endgame fork short,18
Kjldm,r2qkb1r/pp1bnpp1/3p3p/1Np5/Q3P3/2N5/PPP2PPP/R1B2RK1 b kq - 3 13,a7a6 b5d6,860,mate mateIn1 oneMove opening smotheredMate,28
zYYRu,5k2/p3rpr1/2p3RQ/1p4P1/8/PBP5/1P2q1P1/6K1 b - - 0 33,f7g6 h6h8 g7g8 h8g8,860,endgame mate mateIn2 short,17
F3jCB,2r4k/pp1bq1p1/1b2p1B1/3pP3/5P2/1P5Q/P5PP/2N4K b - - 1 28,h8g8 h3h7 g8f8 h7h8,861,kingsideAttack mate mateIn2 middlegame short,20
HFd24,5r1k/3q2pp/8/8/5N1P/6P1/6K1/R7 b - - 7 55,f8f4 a1a8 d7d8 a8d8 f4f8 d8f8,861,backRankMate endgame long mate mateIn3 queenRookEndgame,10
rdUdy,R7/6p1/2k2p2/4pP2/4P1P1/4b2P/2r5/7K b - - 1 44,e3f4 a8c8 c6d7 c8c2,861,advantage endgame master short skewer,12
u2Wll,1qR1r1k1/1P3pp1/7p/p2P1Q2/8/6P1/5PKP/8 b - - 8 38,b8b7 c8e8,861,endgame hangingPiece mate mateIn1 oneMove,15
6Mlwo,8/8/4pk1p/p1p3p1/P1P1K1P1/7P/8/8 b - - 5 40,f6g7 e4e5 g7f7 e5d6 f7f6 d6c5,862,crushing endgame long pawnEndgame,11
HfAMc,r1bq1rk1/2bn1pp1/p3p3/1p1pP1NQ/5B1P/2P5/PP3PP1/R3K2R b KQ - 3 17,f7f6 h5h7,862,mate mateIn1 middlegame oneMove,26
LmXcn,5r1k/pb3Npp/1bp2r2/1pn5/8/PB3Q1P/1PP2nP1/R3R1K1 b - - 8 24,f8f7 e1e8 f7f8 e8f8 f6f8 f3f8,862,kingsideAttack long mate mateIn3 middlegame xRayAttack,23
WRHHr,4r2k/ppp2p2/n2p2bP/5PN1/8/8/PPP4P/1K4R1 b - - 0 24,g6f5 g5f7 h8h7 g1g7,862,endgame mate mateIn2 short vukovicMate,18
ad0cm,7k/5pbp/p5p1/1p2p3/5BPQ/1B3q1P/Pn6/4R1K1 b - - 0 28,f3f4 h4d8 g7f8 d8f8,862,endgame mate mateIn2 short,18
88s6V,r1bq2kr/pp2p1b1/2p3Bp/3nP3/8/5Q2/PPP2PPP/R1B2RK1 b - - 0 13,g7e5 f3f7,863,mate mateIn1 oneMove opening,25
nr9LW,r1bq1rk1/pp2b1pp/2p1N3/3nQp2/3P4/2PB1N2/PP4PP/R4RK1 b - - 2 15,e7d6 e5g7,863,kingsideAttack mate mateIn1 middlegame oneMove,26
LQww7,r1b2rk1/pp2bp2/2n4p/3qp1p1/3p4/P5B1/1PPNBPPP/R2Q1RK1 b - - 2 15,f7f5 e2c4 d5c4 d2c4,864,advantage opening pin short,27
PvXOr,r1b2rk1/pp2p2p/1q4p1/3Qb3/8/NB5P/PP3PP1/2R1K2R b K - 0 16,c8e6 d5e6 b6e6 b3e6,864,advantage fork middlegame short,22
czXea,r3k3/1p3prp/p7/2pN4/6b1/8/PPP3P1/2K2BR1 b q - 1 19,g4e6 d5c7 e8d7 c7a8,864,advantage endgame fork short,17
rXniD,r1b1r1k1/ppp1np2/3q1B2/2bpn2Q/4P3/1BP5/P5PP/RN3R1K b - - 2 19,e5g4 h5h8,864,mate mateIn1 oneMove opening,25
ssORM,r2qr1k1/ppp2ppp/5N2/4Q3/2Pp4/1P1b3P/1P3PP1/R1B1R1K1 b - - 0 18,d8f6 e5e8 a8e8 e1e8,864,backRankMate mate mateIn2 middlegame short,24
7R0VX,8/5p1p/7k/p6p/3q1p1P/1Pp5/P1K3Q1/8 b - - 0 39,f4f3 g2g5,865,endgame master mate mateIn1 oneMove queenEndgame,13
TUjMj,r1bq1rk1/1p2npp1/p1n1p3/2bpP1NQ/5P2/P1N5/1PP3PP/R1B1K2R b KQ - 3 12,f7f6 h5h7,865,mate mateIn1 oneMove opening,28
sj07h,r4r2/4q1kp/p1b2pp1/1pN1p3/3P1PP1/1P5Q/1P5P/4R1K1 b - - 0 28,e7d8 c5e6 g7g8 e6d8,865,advantage fork middlegame short,21
ffiAo,3k1r2/pp2b1QR/1q1pB3/6p1/2p1P3/1PPn4/P4P2/1K6 b - - 1 34,c4b3 g7e7,866,mate mateIn1 middlegame oneMove,19
wiNuU,8/3k3r/3P1p2/pp1R3P/6K1/P7/8/8 b - - 3 43,d7c6 d6d7 c6d5 d7d8q,866,advancedPawn crushing endgame promotion rookEndgame short,10
1qBHB,r2n3k/1pr3Qp/3N2p1/PP3p2/2B5/7P/R4PP1/6K1 b - - 0 38,h8g7 d6e8 g7f8 e8c7,867,crushing endgame fork short,18
4tGml,8/8/7K/p5pP/P5k1/8/8/8 b - - 0 46,g4h4 h6g6 g5g4 h5h6 g4g3 h6h7 g3g2 h7h8q,867,advancedPawn crushing endgame pawnEndgame promotion veryLong,6
hTZ2b,r1r4k/p4pp1/2n1pN1p/1pp4q/2pPP2B/P1Pb1PQ1/6P1/R4RK1 b - - 1 22,g7f6 h4f6 h8h7 g3g7,867,kingsideAttack mate mateIn2 middlegame short,26
sN9cR,3rqrk1/ppp2pp1/3bb2p/3Nn3/4Pp2/1B3N1P/PPP1QPP1/R3R1K1 b - - 2 17,g7g5 d5f6 g8g7 f6e8,867,crushing fork master middlegame short,28
Rifrz,r2qr1k1/pb1n1ppp/1p6/3p1QPP/8/B1P5/P1B2P2/R2R2K1 b - - 0 20,e8e5 f5h7,868,kingsideAttack mate mateIn1 middlegame oneMove,23
Gky93,1rQ4k/4P1pp/p7/8/8/5b2/P4P1P/3R2K1 b - - 0 32,b8c8 d1d8 c8d8 e7d8q,869,advancedPawn backRankMate endgame mate mateIn2 promotion short,13
h99GP,r1kr4/pb1B2p1/1pq3Qp/2b5/5B2/8/PPP2PPP/3R1RK1 b - - 0 20,d8d7 g6e8 d7d8 e8d8,869,mate mateIn2 middlegame queensideAttack short,22
HgqdI,rnb2rk1/2q3pp/p2bpp1B/1pp5/2B3R1/2P2NP1/P1P2P1P/R2Q2K1 b - - 1 14,b5c4 g4g7 c7g7 h6g7 g8g7 d1d6,870,advantage fork long middlegame,27
VdAtw,r3k2r/pq2n1pb/2n1pp1p/1N1pN3/3P1PPP/2P5/PP2QP2/R3K2R b KQkq - 1 17,f6e5 b5d6 e8f8 d6b7,870,advantage fork middlegame short,27
YVv2n,r2qk2r/pbpp1N1p/1pn1p1pb/8/3PPn2/1NPB4/PP4PP/R1BQK2R b KQkq - 0 10,f4d3 d1d3 d8h4 g2g3,870,advantage middlegame short,30
bOsTB,8/1p2r1k1/1q5p/2p5/P7/K1PB2R1/1P6/8 b - - 2 47,g7f6 g3g6 f6e5 g6b6,870,endgame,12
ew6QA,6qk/ppp1b1pp/3p4/3Pp3/2P2rnN/2NQ4/PP3PP1/6KR b - - 1 25,g4f2 h4g6,870,mate mateIn1 middlegame oneMove pin smotheredMate,23
eEmxH,r1b3k1/p1p2ppp/2q5/1N5Q/1b6/3Br1P1/PPP4P/R4RK1 b - - 1 15,h7h6 h5f7 g8h8 f7f8 b4f8 f1f8,871,kingsideAttack long mate mateIn3 middlegame pillsburysMate sacrifice,22
SH56z,5r2/pp6/3p4/2p1n1k1/4N3/2P4P/PP4K1/R7 b - - 3 34,g5f4 a1f1 f4e4 f1f8,873,advantage endgame short skewer,14
X6rAu,2rqrk2/pp3p2/1n2pPp1/3p1nQ1/3P4/6N1/PP3PPP/R3R1K1 b - - 0 21,f5g3 g5h6 f8g8 h6g7,873,mate mateIn2 middlegame short,24
m6b3I,6k1/1pp4p/3b1ppB/4p3/p1q4N/Pn4PP/1P3PB1/3R2K1 b - - 4 38,b7b6 g2d5 c4d5 d1d5,873,advantage fork middlegame short,21
zq8Rz,5r1k/pp2pqbr/3p3p/2n5/1P3NQ1/4B3/P5PP/4R2K b - - 0 30,g7e5 f4g6 f7g6 g4g6,873,advantage fork master middlegame short,20
SEMCx,r4r1k/1p2Npb1/p3N2p/4q3/4P1p1/1Q5P/PPP3P1/1K5R b - - 0 24,f7e6 e7g6 h8g8 g6e5,874,crushing fork middlegame short,21
vPasi,r4rk1/p2b1ppp/2q5/2bNPP2/2Qp4/4pN2/PP5P/R4RK1 b - - 3 20,d7f5 d5e7 c5e7 c4c6,874,advantage middlegame short,23
wFbWq,r1bq3k/1pppnQp1/2n4B/p3P3/3b4/3B4/PP3PPP/RN3RK1 b - - 0 14,g7h6 f7h7,874,mate mateIn1 oneMove opening,25
Hbe1x,r5rk/pb3p2/1p2pNpp/2p1P2P/2P2PQ1/1P1P2R1/q5PK/8 b - - 0 25,g6h5 g4g8 a8g8 g3g8,875,arabianMate kingsideAttack mate mateIn2 middlegame short,23
mnkXG,1r5k/6p1/7p/p3q3/Q7/1P5P/6P1/5R1K b - - 1 36,e5b5 f1f8 b8f8 a4b5,875,endgame,12
xFkks,8/1p3r1p/2p3pk/3p1q2/8/1P4QP/P2R1PP1/6K1 b - - 13 50,f7e7 g3h4 h6g7 h4e7,875,crushing endgame fork short,16
2o0tp,r1b3k1/ppp2ppp/7q/4b3/4B3/3r2P1/PP1N1Q1P/R4R1K b - - 2 18,d3d2 f2f7 g8h8 f7e8,876,kingsideAttack mate mateIn2 middlegame short,22
5vVWS,2k2b1r/ppp3pp/4p3/1N3b2/2p5/4B3/PPP2PPP/2KR4 b - - 3 15,a7a6 b5a7 c8b8 d1d8,876,endgame mate mateIn2 queensideAttack short,21
8XoVZ,5n2/8/4k1p1/2K1NpP1/5P2/8/8/8 b - - 17 59,f8d7 e5d7 e6d7 c5d5 d7e7 d5e5,876,crushing endgame knightEndgame long master zugzwang,8
8gMiE,2R5/8/2p1r1p1/1p1k1p1p/2pP1P2/2P2KP1/7P/8 b - - 7 37,e6e1 c8d8 d5e6 d8e8 e6d6 e8e1,876,crushing endgame long rookEndgame skewer,15
pN6Lu,r2qk2r/pQ3ppp/2nbpn2/3pNb2/3P1B2/2N5/PP2PPPP/R3KB1R b KQkq - 0 9,c6d4 b7f7,876,attackingF2F7 mate mateIn1 oneMove opening,29
PxTQw,r4r2/1pqk3p/p3Q1p1/2PB4/8/P2P4/6PP/5RK1 b - - 2 24,d7d8 f1f8,877,endgame hangingPiece mate mateIn1 oneMove,17
e3KX7,6k1/5Rp1/1q2p1Qp/b2pP3/p1rP3P/6P1/1P4K1/6B1 b - - 3 38,c4c7 g6g7,878,endgame mate mateIn1 oneMove,18
x5q9O,1brq1r2/1p1n1ppk/2p1p2Q/3p2P1/p1P2P2/1P2P2R/PB1PN2P/2R3K1 b - - 0 19,g7h6 h3h6 h7g8 h6h8,878,mate mateIn2 middlegame operaMate short,27
XS7vY,r5k1/3q1bp1/p1r2p2/3P1N1p/3B1R2/2P3P1/P2Q3P/6K1 b - - 0 36,d7d5 f5e7 g8f8 e7d5,879,crushing fork middlegame short,19
r8AC3,6k1/6R1/2pN3P/5p2/4p1b1/8/5KP1/7r b - - 5 50,g8h8 d6f7,879,endgame master masterVsMaster mate mateIn1 oneMove,11
FuXZI,r2qn1kr/1p2Qp2/p2p4/3PRpN1/2P4P/5PP1/PP4B1/3R2K1 b - - 0 26,d6e5 e7f7,880,kingsideAttack master mate mateIn1 middlegame oneMove,23
JKFtv,r6k/2p2Qp1/p2q3p/1p6/1P6/P5RP/B1b2PPK/8 b - - 4 25,a8f8 f7g7,880,endgame mate mateIn1 oneMove,18
Qy6hC,r2q1r1k/1b2n2p/ppnp1N1Q/2p1p2p/2B1P3/3P3P/PPP2PP1/R3R1K1 b - - 0 18,f8f6 h6f6,880,hangingPiece kingsideAttack mate mateIn1 middlegame oneMove,28
Xmqke,1r5r/3n1p1k/1qp1pP1Q/p1p3B1/4p3/1PPb4/P2N1RPP/R5K1 b - - 0 24,h7g8 h6g7,880,master mate mateIn1 middlegame oneMove,24
aAMLT,5r1k/7R/3qpQpP/6P1/5P2/1P1P4/2P4K/r7 b - - 0 34,h8h7 f6g7,880,endgame mate mateIn1 oneMove,15
9el5l,6kr/p5p1/1p2q1bp/3n4/3Bp3/8/PPP2QPP/1K3R2 b - - 7 32,e4e3 f2f8 g8h7 f8g7,883,epauletteMate master mate mateIn2 middlegame short,19
0Uc5J,r2q3r/1Q4pp/pp1kpp2/2ppN3/3Pn3/2P1P1B1/PP3PPP/R4RK1 b - - 0 17,f6e5 g3e5,884,mate mateIn1 middlegame oneMove,27
ZJ1lU,r1b2rk1/ppp2Qpp/8/8/2B3n1/8/PPq2PPP/RNB1R1K1 b - - 0 14,f8f7 e1e8,884,mate mateIn1 middlegame oneMove pin,23
ae9y1,r6r/pp4kp/1q1p1nb1/4p3/2Bn3P/4QP2/PPPB2P1/2KR3R b - - 2 18,d4c2 e3h6,884,mate mateIn1 middlegame oneMove,24
mBR9M,rn3rk1/p1p1nq1p/2b1p1p1/1NQ1b1B1/4P3/8/PP3PPP/R3KB1R b KQ - 3 15,f7f2 c5f2 f8f2 e1f2,884,advantage middlegame short,26
8VkPm,rn2kb1r/ppq2ppp/4p3/3Q1b2/8/5N2/PPP1BPPP/R1B1R1K1 b kq - 0 11,e6d5 e2b5 e8d8 e1e8,885,discoveredCheck doubleCheck mate mateIn2 opening operaMate short,26
MBACh,r1b1r1k1/ppp2ppp/8/2nP4/2BQ1p2/P1n2N2/2q3PP/3RR1K1 b - - 1 21,c3d1 e1e8,885,hangingPiece kingsideAttack mate mateIn1 middlegame oneMove,24
73skl,8/7p/6p1/7P/4kr2/R7/8/6K1 b - - 0 54,f4h4 a3a4 e4f5 a4h4,886,crushing endgame rookEndgame short skewer,7
CJzkU,5rk1/pp3Rpb/8/7P/8/PB4Q1/1q3PPK/8 b - - 0 34,f8f7 g3b8,886,endgame mate mateIn1 oneMove pin,15
1hK2b,r2qkb1r/p3p1p1/npp1pn1p/4N3/3P4/3Q3P/PP3PP1/RNB1K2R b KQkq - 3 12,a6b4 d3g6,887,master mate mateIn1 oneMove opening,27
oHUht,8/5p1p/6p1/R2k1b2/2rp4/3N1P2/6PP/6K1 b - - 11 37,d5c6 d3e5 c6b7 e5c4,887,crushing endgame fork short,13
o9zx9,1b6/1P3rk1/5q1p/7P/6Q1/6P1/5P2/5RK1 b - - 1 58,g7f8 g4c8 f8g7 c8b8,888,crushing endgame fork master short,12
AEnDp,6k1/6pp/1p6/3N1R2/2P5/1P5P/r2r1PP1/6K1 b - - 0 32,b6b5 d5e7 g8h8 f5f8,889,backRankMate endgame mate mateIn2 short,14
PHqXd,r5k1/p4ppp/2p5/8/4r3/1Q2B3/P5PP/q4RK1 b - - 1 22,a1e5 b3f7 g8h8 f7f8 a8f8 f1f8,889,backRankMate endgame long mate mateIn3 sacrifice,16
Qm3de,8/p7/b3pk2/2p2ppp/8/P1P1KPP1/1PB4P/8 b - - 2 34,f6e5 f3f4 g5f4 g3f4,889,bishopEndgame crushing endgame short,16
jf73n,5rk1/1p3pp1/p1q4p/P1b1pP2/1PB3Pr/2R2P2/6K1/3Q1R2 b - - 0 31,c5d4 c4f7 f8f7 c3c6,889,advantage discoveredAttack middlegame short,21
UsKaN,5k2/1n3p2/p1br1p1p/1p3p2/1P6/8/P4PPP/2R1R1K1 b - - 0 30,d6e6 e1e6 f7e6 c1c6,890,capturingDefender crushing endgame short,18
mIfNJ,3r2k1/1pQ2ppp/5b2/1Np5/P2p4/1P3P2/2q2P1P/4R1K1 b - - 2 25,c2b3 c7d8 f6d8 e1e8,890,backRankMate endgame mate mateIn2 sacrifice short,19
xiqxK,b3r1k1/p1R2p1p/1pn3p1/3B1p2/3P4/P5N1/6PP/6K1 b - - 0 30,c6d4 d5f7 g8f8 f7e8,890,advantage endgame fork short,18
yKSAy,r5k1/pppb1ppp/8/3N1P2/8/8/PPP3PP/4R2K b - - 0 20,d7f5 d5e7 g8f8 e7f5,890,advantage endgame fork short,18
DLRBw,r2q1rk1/2p2p1p/3b1P2/p2PnP2/1p1B4/8/PPP1N1QP/2KR4 b - - 0 23,g8h8 g2g7,891,mate mateIn1 middlegame oneMove,23
mycLw,r2q1rk1/pppbb1pp/5n2/3Ppp2/2B5/2N5/PPP2PPP/R1BQ1RK1 b - - 1 13,a7a6 d5d6 g8h8 d6e7,891,advancedPawn advantage discoveredAttack discoveredCheck kingsideAttack opening short,28
s7ykC,3Rrk2/p4ppp/1pqQ4/2p5/5BPn/2P4P/P1P5/6K1 b - - 2 31,c6d6 f4d6 f8g8 d8e8,891,backRankMate endgame mate mateIn2 short,19
npuwp,r1bqr1k1/pp1p1p1p/2n1p1p1/2b5/2P1N3/1P6/PB1Q1PPP/R4RK1 b - - 7 15,c5f8 e4f6 d8f6 b2f6,892,advantage fork middlegame short,26
trKZ4,4rrk1/1ppn1ppp/pq1b1n2/3P2N1/P1P1Np2/3Q3P/1P4P1/R1B2R1K b - - 5 19,d7e5 e4f6 g7f6 d3h7,892,discoveredAttack kingsideAttack mate mateIn2 middlegame short,27
z4fBv,8/8/p3p2k/7P/2pP4/P1P2rp1/3KR3/8 b - - 3 43,f3f2 e2f2 g3f2 d2e2 f2f1b e2f1,892,crushing endgame long rookEndgame,12
BLVt4,r2qr1kQ/pb3p1p/1p2p1p1/2np2P1/2P2P2/1P2P2R/P3KPB1/7R b - - 2 20,g8h8 h3h7 h8g8 h7h8 g8g7 h1h7,894,blindSwineMate kingsideAttack long mate mateIn3 middlegame,25
ZCGAT,3r2k1/p3bpp1/2n1p2p/2p1P3/3qPP2/3R2PP/P2B4/1B1Q1K2 b - - 4 29,d4e4 d3d8 e7d8 b1e4,894,crushing discoveredAttack middlegame short,22
yRMVp,8/1r3n2/r3Rk2/3p1Np1/3N4/1p5P/P1P2PP1/2K1R3 b - - 1 46,a6e6 e1e6,894,endgame epauletteMate mate mateIn1 oneMove,17
Mpn10,5Q2/pp2N1pk/2p2p1p/3p1P2/8/P3q3/1P4K1/8 b - - 4 41,d5d4 f8g8,895,endgame mate mateIn1 oneMove,15
QWH6R,r1b2rk1/1pp3p1/p2p3p/2b1ppq1/P1N1P3/2PP1N1P/1P3PPK/R2Q1R2 b - - 3 15,g5f4 g2g3 f4f3 d1f3,895,advantage defensiveMove middlegame short trappedPiece,28
WX7b8,1R6/8/r7/2P5/k7/p1K5/8/8 b - - 7 60,a6a5 b8b4,895,endgame mate mateIn1 oneMove rookEndgame,6
fwGxn,3R4/8/3p2R1/2pP1p1p/7k/8/r5PK/2r5 b - - 2 53,a2a1 g2g3,895,endgame master mate mateIn1 oneMove rookEndgame,12
8cxYa,r3r1k1/pb2qnpQ/1p2p1B1/3p1p2/3P4/2P2PP1/PP5R/4R1K1 b - - 3 27,g8f8 h7h8 f7h8 h2h8,896,mate mateIn2 middlegame pillsburysMate sacrifice short,23
UtTAY,r1bqk2r/pppp1p1p/2nB4/3n4/2B1P3/2PP1Q2/PP4PP/R4R1K b kq - 0 13,c7d6 f3f7,896,attackingF2F7 mate mateIn1 middlegame oneMove,26
baPsu,6k1/4ppb1/3p1q2/p1p5/P5QP/2P5/KPB5/8 b - - 1 42,g8f8 g4c8,896,backRankMate endgame master mate mateIn1 oneMove,15
NZO4v,8/p7/7k/4N3/P1K1Pn2/5r2/1P6/8 b - - 3 59,f3e3 e5g4 h6g5 g4e3,897,crushing endgame fork master short,9
cvEoa,r1b3k1/5rpR/p2q1pN1/1pp1pP2/3n4/1P1P4/PBP2QPP/R5K1 b - - 0 21,g8h7 f2h4 h7g8 h4h8,898,mate mateIn2 middlegame short,25
lZceN,8/4r1k1/Q1Bq4/3Pp1pp/4Pp2/5P1P/6PK/8 b - - 1 39,g7g6 c6e8 g6h7 a6d6,898,crushing discoveredAttack endgame short,15
qKKfB,rnbqkb1r/pp2p3/2p2n1p/5pp1/2PPp3/2N4N/PP2BPPP/R1BQK2R b KQkq - 1 8,b8d7 e2h5 f6h5 d1h5,898,mate mateIn2 opening short,31
71FaL,rBbqk1nr/pp3ppp/4p3/2bp4/8/3Q4/PPP1PPPP/RN2KBNR b KQkq - 0 5,a8b8 d3b5 c8d7 b5c5,899,advantage fork opening short,29
MN1uW,r4r1k/3b1pp1/p1p4R/6N1/7Q/2qP3P/6P1/4R2K b - - 0 26,g7h6 h4h6 h8g8 h6h7,899,mate mateIn2 middlegame short,17
pdO8h,r1bkQr2/2qnb3/2pN4/pp2p3/4P3/PBnP3P/1PP3P1/R4RK1 b - - 3 18,f8e8 d6f7,899,mate mateIn1 middlegame oneMove smotheredMate,25
1dp1f,8/R4pkp/4p1p1/2N1P3/5P1P/P4rr1/1P2K3/8 b - - 3 40,f3f4 c5e6 g7h6 e6f4,901,crushing endgame pin short,15
2eeL2,4k1r1/1R6/p3p1P1/1p1p4/1P1b1P2/n2B4/4K3/8 b - - 2 44,a3c4 b7b8 e8e7 b8g8,901,advantage endgame short skewer,14
92p0m,1r1q1rk1/1pp1nppp/1N1p4/p2P4/P2P4/1Q3b1P/1P3PP1/R1B2RK1 b - - 0 16,f3d5 b6d5 e7d5 b3d5,901,advantage middlegame short,26
9kvV2,5rk1/5pp1/8/1R1N4/4P2p/3RnP1P/4r3/7K b - - 3 32,e3f1 d5e7 g8h7 b5h5,901,anastasiaMate endgame mate mateIn2 short,14
TzoYv,r1bqkb1r/pp1ppp1p/2n1P1p1/8/2B3n1/2Q5/PPP2PPP/RNB1K1NR b KQkq - 0 7,g4f6 e6f7,901,advancedPawn attackingF2F7 mate mateIn1 oneMove opening,30
rRs9e,8/7Q/3p4/1p2p3/1P2P1pk/2N5/K1n5/2q5 b - - 3 63,h4g3 c3e2 g3f3 e2c1,901,crushing endgame fork short,12
GCRVq,6k1/5ppp/p3p3/1p6/2r1PQ1P/3q4/PP4P1/K6R b - - 2 24,c4e4 f4b8 d3d8 b8d8,902,backRankMate endgame mate mateIn2 short,17
DKoLu,r3q1k1/ppp2p1p/2pb2p1/3n4/3PN1b1/2PQB3/PP3PPP/RN4K1 b - - 1 16,d5e3 e4f6 g8f8 f6e8,904,advantage fork middlegame short,26
hXOrg,2r1r1k1/1p1nqp1p/p3b2P/3pPB2/3p4/6Q1/PP1N2P1/1K3R1R b - - 1 26,g8h8 g3g7,906,mate mateIn1 middlegame oneMove,23
i5rGj,2k5/1p3q1p/p1p3p1/P1QnB3/3P4/7P/6P1/6K1 b - - 1 30,c8d7 c5d6 d7e8 d6b8,906,crushing endgame master short,15
x4QHv,8/8/p3p2p/1p3kp1/r2bNp2/5P1P/P1R1K1P1/8 b - - 6 37,a4c4 e4d6 f5e5 d6c4,906,crushing endgame fork short,16
Cdlhk,rn2r3/p2bqkpp/1bp2p2/8/P1N3P1/2P1P2P/3P1P2/R2QK1NR b KQ - 0 15,e7e4 c4d6 f7f8 d6e4,907,crushing fork middlegame short,25
URk4l,4r1k1/1R4pp/6r1/8/1ppP4/2qbP1PP/3N1Q2/4R1K1 b - - 1 40,b4b3 f2f7 g8h8 f7e8,907,fork mate mateIn2 middlegame short,18
WK09y,1k1r4/ppRq1p2/3P2p1/1p1QB2r/8/P6P/5PP1/6K1 b - - 2 32,h5e5 d5b7,907,endgame master mate mateIn1 oneMove,18
lhd9R,r1bqr1k1/1pp2ppp/p3pn2/3n2N1/3P4/B1PBP3/P1Q2PPP/R4RK1 b - - 1 12,h7h6 d3h7 f6h7 c2h7,907,kingsideAttack mate mateIn2 middlegame short,28
upILg,r7/p7/1p2p3/2n1N3/5kP1/4RP2/4K3/8 b - - 2 33,a8h8 e5g6 f4g5 g6h8,907,advantage endgame fork short,11
Gndmx,5rk1/3n2p1/1qp1pnQ1/3p2NR/3P1P2/4P1P1/6PK/8 b - - 0 29,f6h5 g6h7,909,endgame mate mateIn1 oneMove,18
LMSo3,1rn3k1/q4pb1/3p2pp/NB1Pp3/NP2P3/7P/4QPPK/8 b - - 7 28,a7d4 a5c6 d4a1 c6b8,910,crushing fork middlegame short,21
ZuQ3G,3k2r1/pR6/3p4/3Pp3/2N1Kb1p/1P4rP/P7/1R6 b - - 2 33,g3h3 b7b8 d8e7 b8g8,910,crushing endgame short skewer,16
3JXwc,5k2/5ppp/2R1p3/pB1nP3/3P4/8/4r1PP/5K2 b - - 3 29,e2b2 c6c8 f8e7 c8e8,911,endgame mate mateIn2 operaMate short,15
lhjXl,8/1P6/3r4/8/1R6/2Kppk2/8/8 b - - 1 52,d6d8 b7b8q d8b8 b4b8,911,advancedPawn crushing endgame promotion short,7
mr3j2,4rk1r/ppp3p1/2np1nQp/3Bq3/4P3/2N1P3/P5PP/R5K1 b - - 4 18,e5c3 g6f7,912,mate mateIn1 middlegame oneMove,22
nzQ7t,2rqkbnr/3n1ppp/p3p3/4P3/1pPQN3/5N2/PP4PP/R1B1R2K b k - 2 15,g8e7 e4d6,912,mate mateIn1 oneMove opening smotheredMate,26
7kBZm,5rk1/pQ2pp1p/2p2qpB/5b2/8/7P/P4PP1/b2R2K1 b - - 3 22,f8c8 b7c8 f5c8 d1d8,913,mate mateIn2 middlegame pillsburysMate sacrifice short,19
QbfYK,3r2k1/p4ppp/2p5/3r4/7Q/P2BqP2/1P4PP/1K1R4 b - - 6 24,d5d3 h4d8 d3d8 d1d8 e3e8 d8e8,913,backRankMate endgame long master mate mateIn3 xRayAttack,18
dlaUk,8/4k3/6pp/p4p2/1q6/2N2PP1/1P1R1PK1/8 b - - 1 41,a5a4 c3d5 e7f8 d5b4,913,crushing endgame fork short,13
A63xk,r3kb1r/pb2pppp/1qp1P3/1p5n/2p2B2/2N3P1/PP2PPBP/R2Q1RK1 b kq - 0 11,h5f4 d1d7,914,mate mateIn1 oneMove opening,29
3gLbJ,r1bq4/1p2R1kB/3p4/p2p3Q/5P1N/7P/PP1n2P1/6K1 b - - 0 28,d8e7 h5g6 g7h8 g6g8,915,mate mateIn2 middlegame short,19
pkwFD,r2q1b1r/ppp1kBpp/2n2n2/8/3P2b1/1Q3N1P/PP3PP1/RNB1K2R b KQ - 0 9,g4f3 b3e6,915,mate mateIn1 oneMove opening,27
uY4jW,r1b2rk1/pp3pp1/2p1pn1p/4N3/2PP4/3B4/Pq3PPP/R2Q1RK1 b - - 2 15,b2d4 d3h7 f6h7 d1d4,915,crushing discoveredAttack middlegame short,25
FO4qQ,r2r3k/8/6q1/1pP1b1p1/8/pQP1R1NP/5P1K/1B6 b - - 0 43,d8d2 b1g6 d2f2 h2g1,916,crushing middlegame short,17
waRAx,R4bk1/6p1/p1N2pP1/1pnn4/8/5K2/8/8 b - - 1 39,d5b6 c6e7 g8h8 a8f8,916,deflection endgame mate mateIn2 pin short,12
jit5g,r2qkbnr/2p2pp1/p1np4/1p2p3/4P3/1B1P1Q2/PPP2PP1/RNB2RK1 b kq - 0 10,d8h4 f3f7 e8d8 f7f8,917,attackingF2F7 crushing deflection middlegame short,28
2x34O,2r5/4R3/8/5r2/1P3p2/1K2k1p1/1P6/5R2 b - - 8 47,e3d3 f1d1,918,endgame master mate mateIn1 oneMove rookEndgame,10
iim5J,rnbq1rk1/p7/2p1pP1Q/1p1n4/3P4/2PB1N2/P4PPP/R3K2R b KQ - 0 14,d8f6 h6h7,918,mate mateIn1 middlegame oneMove,24
k13EF,8/1ppR1k1p/p5p1/5r2/8/Pq6/4QPPP/6K1 b - - 1 28,f7f6 e2e7,918,dovetailMate endgame mate mateIn1 oneMove,15
PrKpn,8/r6p/6p1/7k/5Q1P/8/6PK/r7 b - - 2 70,g6g5 f4g5,919,endgame master masterVsMaster mate mateIn1 oneMove queenRookEndgame,9
cIvOn,r3k2r/ppp1bppp/2n1p3/3q1b2/3P4/P3P3/1P1BNPPP/R2QKB1R b KQkq - 2 9,f5d3 e2f4 d3f1 f4d5,920,crushing fork middlegame short,28
kTiVE,8/pk1p1p2/1p5p/5n2/2R1N3/1P3P2/PKP1r2P/8 b - - 6 33,f5e3 e4d6 b7a6 c4a4,920,anastasiaMate endgame mate mateIn2 short,16
lJboR,2r4k/1bq1r3/3pB1RP/pp6/4P3/P1N3Q1/1KP5/8 b - - 0 35,b5b4 g6g8 c8g8 g3g8,920,mate mateIn2 middlegame short,17
lj92Y,rnbqk2r/ppp2ppp/5n2/4p3/8/2NBP3/PPPQ2PP/2KR2NR b kq - 0 8,e8g8 d3h7 g8h7 d2d8 f8d8 d1d8,920,advantage discoveredAttack kingsideAttack long opening,27
Ddhhn,rn1q1rQk/3p2bp/6pN/pp2P3/3P4/2B5/P5PP/R3K2R b KQ - 3 22,f8g8 h6f7,921,mate mateIn1 middlegame oneMove smotheredMate,22
zzXbs,2n3rk/1p2q1p1/p2bN2N/3P2Q1/1P5R/P5P1/7P/6K1 b - - 0 31,e7g5 h6f7,921,doubleCheck mate mateIn1 middlegame oneMove,18
H1fBS,1r3rk1/R4Rb1/3p2p1/2q4p/4P3/2P4P/Q5P1/1N5K b - - 0 29,f8f7 a2f7 g8h8 f7g7,922,mate mateIn2 middlegame short,17
cydgG,8/1Q2k2p/1p1qN3/3p4/4b1BP/4b2K/4P3/8 b - - 2 35,e7f6 b7g7,922,endgame mate mateIn1 oneMove,13
ksW43,8/8/1P3k2/1NK5/2P3p1/1r6/8/8 b - - 1 50,b3b5 c5b5 g4g3 b6b7 g3g2 b7b8q,922,advancedPawn crushing endgame hangingPiece long promotion,7
C5E8S,r1q1kb1r/pbpnpQ1p/1p1p1np1/6N1/3P1P2/4P3/PPP3PP/RNB1K2R b KQ - 7 10,e8d8 g5e6,923,mate mateIn1 middlegame oneMove,30
QiqlH,8/8/5k1p/8/2prB3/4K1P1/5P2/8 b - - 1 55,f6e5 f2f4 e5f6 e3d4,923,crushing deflection endgame short,8
t2Q8n,r4rk1/pq3ppp/2ppN3/8/3Q4/2n5/PPP2PPP/2KRR3 b - - 0 15,c3d1 d4g7,923,kingsideAttack mate mateIn1 middlegame oneMove,22
LH5Va,rR2r1k1/P2R4/3p3p/4p1p1/2P1Pp2/5P1P/6P1/7K b - - 1 58,a8a7 b8e8,924,endgame hangingPiece mate mateIn1 oneMove rookEndgame,17
1uaSJ,6k1/1b3p2/2pqr1p1/1p5Q/p1n5/P1B2P2/1P5P/6RK b - - 0 50,c6c5 h5h8,925,mate mateIn1 middlegame oneMove,18
7XM17,3rq1k1/pb2r1pp/1p6/2p2N2/1PPp2Q1/8/P4PPP/2R2RK1 b - - 6 19,e7e4 g4g7,925,kingsideAttack mate mateIn1 middlegame oneMove,22
QHUfZ,2rqr1k1/1b3p1Q/p1np1b2/1pp1p1N1/4P3/P1PP3P/1P2BPP1/R3K2R b KQ - 1 18,g8f8 h7f7,925,mate mateIn1 middlegame oneMove,27
S19rn,r1r3k1/p2N1pp1/1pp1p2p/3b4/8/6Q1/4qPPP/1R1R2K1 b - - 5 24,e2e4 d7f6 g8h8 f6e4,925,advantage middlegame pin short,20
UCwy8,8/8/1p5p/p1p1k1p1/P1P3P1/1P2K2P/8/8 b - - 3 39,e5e6 e3e4 e6f6 e4d5,925,crushing endgame pawnEndgame short zugzwang,12
jC0V3,5r2/p1pk1r2/1pnp4/1N1Qp3/2P1P1qp/6p1/PPPN1bP1/1K1R1R2 b - - 3 27,f2c5 f1f7 f8f7 d5f7,925,crushing master middlegame short,25
OODsb,1n3rk1/5Npp/8/3p1RP1/3P4/4P3/r3n2P/1R3K2 b - - 0 30,f8f7 b1b8 f7f8 f5f8,926,endgame hangingPiece mate mateIn2 short,16
OgkB3,5r1k/pp1bq3/6QP/4R2R/2rp4/6P1/PP6/3K4 b - - 1 30,e7b4 g6g7,926,master mate mateIn1 middlegame oneMove,16
ZPSfZ,r1bq3r/ppp1n1k1/1b5p/3PB1pQ/4P3/8/PP3PPP/RN3RK1 b - - 0 15,g7h7 h5f7,926,epauletteMate mate mateIn1 oneMove opening,25
f2UcP,r1bqr3/pp2n3/2n1kQ2/3pP3/3P4/B1P5/5PPP/1N2K2R b K - 0 16,e6d7 f6d6,926,mate mateIn1 middlegame oneMove,21
1miF4,rn1qkbnr/4p1p1/5p2/1pp5/3pQB2/P2P4/BP3PPP/R4RK1 b kq - 0 16,b8d7 e4g6,927,mate mateIn1 middlegame oneMove,25
hav3l,rnb1kb1r/2q2pp1/pp2p3/2P1P1B1/4p3/6P1/PPPQ1P1P/2KR1B1R b kq - 0 13,b6c5 d2d8 c7d8 d1d8,927,mate mateIn2 opening operaMate short,27
fG8Qe,8/p3R1k1/5rp1/2p3pp/2n5/2P2BKP/P4P2/8 b - - 1 32,f6f7 e7f7 g7f7 f3d5 f7e7 d5c4,928,attraction crushing endgame fork long,15
y7b9J,3q1rk1/pp1bp1np/3p2p1/6P1/2r1PP2/2N5/PPPQ4/2KR3R b - - 0 18,g7h5 d2d5 f8f7 d5c4,928,advantage fork middlegame pin short,23
Q6qud,4r3/1p1q1knQ/5pp1/p6p/P6P/1P4P1/5P2/2R3K1 b - - 10 42,d7d2 c1c7 f7e6 h7g7,929,advantage deflection endgame master short,17
QRkZo,rnb1kbnr/ppp2pp1/3p3p/8/3P4/5NP1/PPP1B3/RNB1R1K1 b kq - 1 10,g7g6 e2b5 e8d8 e1e8,929,discoveredCheck doubleCheck mate mateIn2 opening operaMate short,26
frhcV,3R4/5qk1/6pp/1P2N3/4np2/7P/5BP1/6K1 b - - 0 36,f7c7 d8d7 c7d7 e5d7,929,crushing endgame fork short,13
DUvD2,r1bq3r/pp2b1kp/2n3p1/5Q1N/2B5/7P/PP3P2/R1B1R1K1 b - - 2 20,g6h5 f5f7,930,mate mateIn1 middlegame oneMove,22
VPMPJ,rn1qkb1r/pp4pp/5p2/2pbN3/8/6P1/PPPP1PBP/R1BQ1RK1 b kq - 0 9,f6e5 d1h5 d5f7 h5e5,930,advantage opening short,27
x8bAQ,r4q1k/ppb4p/8/1b1Bp3/8/1PQ5/PBP2P1r/R2K4 b - - 3 33,f8f2 c3e5 c7e5 b2e5 f2f6 e5f6,930,doubleBishopMate fork long mate mateIn3 middlegame sacrifice,19
URTMw,r2r2k1/1Rp2p2/4p2p/p4P1P/2P2b1R/3B4/P2P4/3K4 b - - 0 27,f4g3 h4g4 g8h8 g4g3,931,crushing endgame fork short,18
XLhRU,1r3rk1/p2n1ppp/5q2/2p1p3/8/2QB1P2/PP3P1P/R4RK1 b - - 0 21,f6f3 d3h7 g8h7 c3f3,931,crushing discoveredAttack master middlegame short,21
uGx9i,r1br2k1/1pq1bp2/p1n1p2Q/8/8/P1PB1N1P/2P2PP1/R3K2R b KQ - 0 16,e7f8 h6h7,931,mate mateIn1 middlegame oneMove,23
CB6sc,3r2k1/1b3ppp/pp2p3/8/P4P2/1BbP4/3B2PP/3R2K1 b - - 0 24,d8d3 d2c3 d3d1 b3d1,932,advantage endgame short,19
UKnPi,rn2r1Qk/ppq1b1pp/2p2n1N/8/P2P4/2N5/1P3PPP/R1B1R1K1 b - - 8 18,e8g8 h6f7,932,mate mateIn1 oneMove opening smotheredMate,25
yTmEy,8/3b1pp1/8/p2Np3/2k1PbPp/5P1P/2B5/3K4 b - - 3 36,f4g5 d5b6 c4d4 b6d7,932,advantage endgame fork master short,15
WVhfI,6k1/2p2p1p/p1p3p1/1r2P2P/5P2/P2R4/6r1/K6R b - - 0 32,b5b2 d3d8 g8g7 h5h6,933,endgame mate mateIn2 rookEndgame short,16
faUcS,6k1/pp3R1p/2p3P1/6b1/3pr3/6Pq/PPP4P/5RK1 b - - 0 30,h7g6 f7f8 g8h7 f1f7 h7h6 f8h8,933,endgame exposedKing long mate mateIn3,18
rxQeI,8/3q4/8/8/8/4K3/Q7/5k2 b - - 11 55,d7d1 a2f2,933,endgame mate mateIn1 oneMove queenEndgame,4
7duH6,rq1r2k1/5ppp/4pb2/2Pb4/1B1Np3/P6P/3Q1PP1/2R1R1K1 b - - 2 21,d5c6 d4c6 d8d2 c6b8,934,advantage fork hangingPiece middlegame short,22
bBYqF,r4Bk1/pp1b2pp/2p1p3/4P3/2P1B3/1P2q1P1/P1Q4P/5R1K b - - 0 23,a8f8 e4h7 g8h8 f1f8,934,deflection endgame kingsideAttack mate mateIn2 short,21
hlH7T,r1b1k1nr/ppp1qppp/1b1p4/6B1/2B1P3/2P2Q2/PP3PPP/RN3RK1 b kq - 0 9,e7g5 f3f7 e8d8 f7f8,934,advantage attackingF2F7 master opening short,28
vmNNp,8/8/5k2/5b2/5P1P/2K5/2B5/8 b - - 0 47,f5c2 c3c2 f6f5 h4h5,934,crushing defensiveMove endgame short,6
35E0V,2r2r2/1pq1p1kp/p5p1/3b1p2/2nN4/2P4P/PPQ1BPP1/2R2RK1 b - - 2 23,d5e4 d4e6 g7f6 e6c7,935,crushing fork middlegame short,24
Ch400,6k1/5pp1/8/1R3PKp/1B6/p5P1/r6r/8 b - - 1 36,f7f6 g5g6 a2c2 b5b8 c2c8 b8c8,935,endgame long mate mateIn3,12
Jkswn,r1b1kb1r/pp3ppp/2q5/1B1Np3/4P3/8/PP3PPP/R2QK2R b KQkq - 2 12,c6b5 d5c7 e8e7 c7b5,935,crushing fork middlegame short,24
YyZSW,r2qr1k1/ppp2p1Q/2np2n1/2b1p1N1/2P1P3/8/PPP2PPP/RN3RK1 b - - 4 13,g8f8 h7f7,935,mate mateIn1 oneMove opening,27
dLJPO,r5k1/p1pp1rBQ/1p2pPR1/4n3/3q4/5P2/2P2P1P/3RK3 b - - 0 23,g8h7 g6h6 h7g8 h6h8,936,mate mateIn2 middlegame operaMate short,20
dOcvR,6rk/p4R1p/1p4pQ/3rB3/4b1P1/3q3P/PP6/4R1K1 b - - 0 29,d5e5 h6h7,936,master mate mateIn1 middlegame oneMove,18
3quvn,r1bq1r1k/ppp1b1pp/2n5/5p1Q/2B1pN2/1P6/PBPP1PPP/2KR3R b - - 3 14,e7f6 f4g6,937,mate mateIn1 middlegame oneMove pin,28
8UOUp,r2q1rk1/1bp2p2/p3p1Np/1p1nP1B1/3P4/3Q1P2/P1B3PP/R4RK1 b - - 0 20,d8g5 g6e7 d5e7 d3h7,937,clearance kingsideAttack mate mateIn2 middlegame sacrifice short,25
YkLLp,2k5/1pp3Rp/1b6/5p2/8/7P/3r1rPK/R7 b - - 8 32,c7c6 a1a8,937,endgame master mate mateIn1 oneMove,13
BdyCn,r1bq1rk1/p4p2/4p1nQ/3pb1N1/8/2N5/PP3PPP/R4RK1 b - - 1 18,f8e8 h6h7 g8f8 h7f7,938,kingsideAttack mate mateIn2 middlegame short,22
CPX9D,1r3r1Q/bpp2k2/p1b1pBB1/2q2p2/8/1P5P/P4P2/3R1K2 b - - 0 33,f7g6 h8g7 g6h5 g7g5,939,mate mateIn2 middlegame short,20
9vOAC,r4Q1k/1b1p2bp/p1q1p3/2p1Q3/8/4B3/PPP3PP/5RK1 b - - 0 22,a8f8 f1f8,940,master mate mateIn1 middlegame oneMove pin,20
HPMex,1r3rk1/1R1Q1pp1/1p5p/2q5/8/8/5PPP/1R4K1 b - - 4 23,f8d8 d7f7 g8h8 f7g7,940,endgame mate mateIn2 short,15
04t4Q,3r2r1/1b2nk2/p4p1p/1p1P4/1P5P/P4BP1/2PR1P2/3R2K1 b - - 0 29,e7d5 f3d5 d8d5 d2d5 b7d5 d1d5,941,crushing long middlegame,20
5DTWB,3b4/1k6/2p1p3/2p2pPp/K1P2P2/2BP4/2P5/8 b - - 1 45,h5h4 g5g6 h4h3 g6g7 h3h2 g7g8q,941,advancedPawn bishopEndgame crushing endgame long promotion,14
A9Uno,8/4k3/5RK1/5PP1/6q1/8/8/8 b - - 0 65,g4e4 f6e6 e4e6 f5e6,941,crushing endgame fork master queenRookEndgame short,6
GSyxF,r1b1R1k1/bppq2r1/p1n2p2/P2p3Q/1P1P4/2P2N2/2B2PPP/5RK1 b - - 3 22,d7e8 h5e8,941,hangingPiece kingsideAttack mate mateIn1 middlegame oneMove,25
aA5o4,3k4/3P4/4K1p1/R6p/3r4/8/8/8 b - - 5 69,d4d7 a5a8 d8c7 a8a7 c7c6 a7d7,941,crushing endgame exposedKing long rookEndgame,7
tw63j,8/1r6/k1Q5/1p1p4/p2Pp1P1/2P1K3/5Pr1/8 b - - 0 47,b7b6 c6a8,941,endgame mate mateIn1 oneMove queenRookEndgame,13
7ZLMn,r2qk1nr/1bp1bppp/pp2p3/4P3/3P1B2/5N2/PP1N1PPP/R2QR1K1 b kq - 0 12,e7b4 d1a4 d8d7 a4b4,942,advantage fork opening short,28
GqHAw,8/5kP1/2b5/1pBNp2p/1Pr1P2P/3K4/8/8 b - - 2 68,f7g8 d5e7 g8g7 e7c6,942,crushing endgame fork master masterVsMaster short,13
43PaU,8/p1pp1qkp/np4p1/7N/2P2P2/4r3/PP4PP/R2Q2K1 b - - 0 22,g6h5 d1d4 g7f8 d4e3,943,crushing endgame fork short,20
dlEi1,r5k1/1p1R1p1p/1p4pB/1P2r2n/8/8/P4PPP/R5K1 b - - 1 22,a8a2 d7d8 e5e8 d8e8,943,endgame mate mateIn2 pillsburysMate short,18
s5thN,r1b2rk1/ppq1npp1/2n4p/3p4/8/P1BB1N2/1PQ2PPP/4RRK1 b - - 1 15,c8f5 d3f5 e7f5 c2f5,943,advantage middlegame short,25
z4FNx,rnb2rk1/1pp1bp2/p3qn1Q/3pN3/3P4/2NB4/PPP2PPP/2KR3R b - - 4 12,f6g4 h6h7,943,mate mateIn1 middlegame oneMove,27
6o1Uw,3r3r/pkp2pp1/2p1p1q1/4P2p/Q1P5/4P2P/PP4P1/R4RK1 b - - 0 18,d8d2 a4b4 b7c8 b4d2,944,crushing endgame fork short,22
WehTo,r2qrk2/pppb1pbB/2n1p2Q/4P1N1/3P4/P6P/1PP3P1/R4RK1 b - - 2 18,g7h6 f1f7,944,mate mateIn1 middlegame oneMove pillsburysMate,25
qum4Y,r1b1k2r/pp3ppp/2n2b2/qBP5/3pN3/2P2P2/PP4PP/R2QK1NR b KQkq - 0 11,a5b5 e4d6 e8e7 d6b5,944,advantage fork opening short,27
PXt0J,r1bqk1nr/2pp2pp/p2b1p2/1p1Q4/4P3/1B6/PPP2PPP/RNB1K2R b KQkq - 3 9,a8b8 d5f7,945,mate mateIn1 middlegame oneMove,28
iVnLR,r2qkbr1/pp1nnp2/2p1p3/3pPNBp/1P1P2p1/2N5/P1P1BPPP/R2Q1RK1 b q - 0 12,g8g5 f5d6,945,mate mateIn1 oneMove opening smotheredMate,31
YhRmJ,1r4k1/2p2pp1/2p4p/4P3/5r2/5P1q/PRQ2P1P/3R2K1 b - - 0 25,b8b2 d1d8,946,endgame master mate mateIn1 oneMove,18
kdDNX,r1b2Q1N/pppk2pp/2npB3/4p3/8/8/PPP3KP/RNB1q2n b - - 5 15,d7e6 f8f7,946,dovetailMate mate mateIn1 middlegame oneMove,24
cOzJo,k2r4/P1Nqb3/1Q1p1n1p/3Pp1p1/2r1Pp2/R4P1P/5P2/1R4K1 b - - 1 27,c4c7 b6b8 d8b8 a7b8q,947,advancedPawn doubleCheck mate mateIn2 middlegame promotion queensideAttack short,22
rarF8,8/p7/1p6/1Pk1p1Bp/2P1P2P/3K4/5b2/8 b - - 5 54,f2g3 g5e7,947,bishopEndgame endgame master mate mateIn1 oneMove,12
PzUxM,1n3rk1/4npp1/b3p2B/q3P3/1bp1N3/5N2/1PQ1BPPP/5RK1 b - - 0 19,g7h6 e4f6 g8g7 c2h7,948,kingsideAttack mate mateIn2 middlegame short,23
WtwtX,3qr3/r4pk1/1p2pRp1/p2nP1QR/3p4/2P5/PP4PP/6K1 b - - 0 24,d5f6 g5h6 g7g8 h6h8,948,endgame mate mateIn2 short,21
n7MSn,r1bq1rk1/pppp1pp1/2n2n1p/2b1P1N1/2B2P2/8/PPQ3PP/RNB2R1K b - - 0 10,f6g4 c2h7,948,mate mateIn1 oneMove opening,29
2u1Sk,4r1rk/ppp1np2/1b1p1q1R/5P2/3PP1R1/1b1B4/PP1Q2PP/7K b - - 0 25,f6h6 d2h6,949,hangingPiece kingsideAttack master mate mateIn1 middlegame oneMove,24
EjefS,r2q1rk1/3n1pp1/p2p3p/1pp5/4P1b1/1P1P1NQ1/PBP3PP/R4R1K b - - 4 19,g4f3 g3g7,949,kingsideAttack mate mateIn1 middlegame oneMove,26
UTUkO,8/2q2k1p/ppr5/3p1Q1K/1P1P2P1/P6P/8/8 b - - 0 42,c6f6 f5h7 f7e8 h7c7,949,endgame master,14
dKn18,r1b1k2r/pp1n1ppp/4p3/3q4/3PNn2/4Q3/P3BK1P/R5NR b kq - 3 16,d5f5 e4d6 e8f8 d6f5,949,crushing fork middlegame short,23
f1ilB,8/5B1p/5p2/p7/8/P2rkPPP/1PR3K1/4r3 b - - 4 41,e1e2 c2e2 e3e2 f7c4,949,crushing endgame pin short,14
3pOFn,3r2k1/p2P1pp1/7p/4P3/1q1R1PrP/8/P4QBK/8 b - - 2 29,g4h4 f2h4 b4d4 h4d8,951,advantage endgame hangingPiece master short,17
Z9LqM,r2qkb1r/pp1npppp/2pp1n2/6N1/2B1P1b1/2NP4/PPP2PPP/R1BQK2R b KQkq - 2 6,g4d1 c4f7,951,attackingF2F7 mate mateIn1 oneMove opening,32
xJRLi,r3kb1r/pb2p1pp/2p1P3/qB1Q4/5P2/1P6/P2n2PP/R1B1K1NR b KQkq - 0 15,a5b5 d5d7,951,master mate mateIn1 middlegame oneMove,25
35iKG,8/8/p4N2/4p3/nPr1k3/P1p4R/2K5/8 b - - 10 55,e4f4 h3h4 f4f5 h4c4,953,crushing endgame short skewer,11
SanUK,8/8/1K4pR/1P1kBp2/5P2/8/6r1/3r4 b - - 0 45,g6g5 h6d6 d5e4 d6d1,953,crushing endgame short skewer,10
hk0cM,3r4/1p3pkp/2p1P1p1/P7/1Q3P2/6PK/1pr4P/8 b - - 0 41,f7e6 b4e7 g7g8 e7d8,953,crushing endgame fork master queenRookEndgame short,16
k5bdV,r4r1k/ppp1B1pp/3p4/4qP1Q/2Bb3N/8/P5PP/5R1K b - - 0 20,e5e7 h4g6,953,mate mateIn1 middlegame oneMove pin,21
Nhk8U,5rRk/1b3B1p/pp1p1n2/2p1pP2/PnP1Pq2/2NP2QP/1P6/6RK b - - 4 35,f8g8 g3g8 f6g8 g1g8,954,kingsideAttack mate mateIn2 middlegame operaMate short,25
M55RU,rn5k/p3bpp1/1p2p3/7p/5q2/P2B2N1/1PQ2P1P/5RK1 b - - 1 22,h5h4 c2c8 e7f8 c8f8,955,kingsideAttack mate mateIn2 middlegame short,20
b1Txw,2b4R/p5n1/5kP1/1pn1pP2/1B1pP1K1/P2P3B/2r5/8 b - - 4 47,c5d3 h8f8,955,master mate mateIn1 middlegame oneMove pillsburysMate,18
igrwE,r4n1k/pp4p1/4pN2/2bp2Nb/8/1P1B2P1/P3RP1P/4R1K1 b - - 0 27,h5e2 g5f7,955,master mate mateIn1 middlegame oneMove,21
isFDt,rnb1qb1r/pp2pNk1/1nppP1pp/3P4/3Q4/8/PPP2PPP/RNB1K2R b KQ - 1 11,g7h7 d4h8,955,mate mateIn1 oneMove opening,30
51jGX,r2q1rk1/pb3ppp/1pn1pb2/2p5/8/P1PP1NP1/1P3PBP/R1BQR1K1 b - - 0 13,c6e5 f3e5 b7g2 g1g2 f6e5 e1e5,956,advantage long opening,28
I1JW0,r4rk1/ppp2Bpp/8/8/6n1/1QPPq1b1/PP2P3/RN3R1K b - - 0 17,f8f7 b3f7 g8h8 f7f8 a8f8 f1f8,956,backRankMate long mate mateIn3 middlegame,22
My7Sl,2kr3r/R7/p4p2/3np2p/3p4/5N2/PP3PPP/4K2R b K - 0 21,d8d6 a7a8 c8c7 a8h8,956,advantage endgame short skewer,18
ScHFY,r1bqk1nr/2ppbppp/p7/3QN3/p3P3/8/PPP2PPP/RNB1K2R b KQkq - 1 8,c7c6 d5f7,956,attackingF2F7 mate mateIn1 oneMove opening,28
zscY1,1bR2nk1/5ppp/3q4/p4N2/Pp6/4P1PP/1P3P2/3NB1K1 b - - 0 32,d6d1 f5e7 g8h8 c8f8,956,backRankMate deflection endgame mate mateIn2 short,20
cWxzU,r2q1bnr/1bp1k1p1/pp1ppn1p/6B1/2B1P3/2NP3Q/PPP2PPP/R4RK1 b - - 5 11,h6g5 h3e6,957,mate mateIn1 middlegame oneMove swallowstailMate,30
2CN65,4k3/8/2p3P1/pp6/4PR2/2r4P/8/5K2 b - - 4 31,c3h3 g6g7 h3g3 f4f8,958,advancedPawn crushing endgame rookEndgame short,10
GL0fg,rn1qk2r/1p1nbpp1/p1p1N3/3pP3/3P3p/3B1Q1P/PPP2PP1/R1B2RK1 b kq - 0 12,f7e6 d3g6,958,mate mateIn1 oneMove opening,29
gWyvH,8/5p2/1N3k2/3Pp2p/4P1p1/1n2K1P1/7P/8 b - - 4 35,b3d4 b6d7 f6e7 d7e5,958,advantage deflection endgame knightEndgame short,12
iZGBt,4r1k1/pr2nqpp/1p3p2/4p3/4R3/B7/P1Q2PPP/3R2K1 b - - 3 28,e8c8 c2c8 e7c8 d1d8 f7e8 d8e8,958,crushing fork long middlegame sacrifice,20
mbFV6,2kr3r/1pb2ppp/N1n1pn2/8/3P4/4B2P/PP2NPP1/2R2RK1 b - - 0 18,c6d4 c1c7,958,mate mateIn1 middlegame oneMove queensideAttack,23
jDvKo,r1bqk2r/ppp1pp1p/1n4p1/2nP4/2PQ2N1/8/PP3PPP/RN2KB1R b KQkq - 4 11,e8g8 g4h6,959,mate mateIn1 oneMove opening,28
lvF7S,rnbk1b1r/1p1pq2p/2p2p1n/p3p1pQ/2B1P3/3PB2N/PPP2PPP/RN2K2R b KQ - 3 9,b7b5 e3b6,959,mate mateIn1 oneMove opening,32
vIEAw,8/2p5/1kr5/2PK4/p3R3/Pn6/8/8 b - - 0 53,b3c5 e4b4 b6a7 d5c6,959,crushing deflection endgame short,9
Jclf4,8/5B2/3b4/3p3p/1p2b1kP/7P/P4B2/6K1 b - - 0 44,g4h3 f7e6 e4f5 e6f5,960,bishopEndgame endgame mate mateIn2 short,12
oZy1v,2rr2k1/pp2pp1p/6pQ/3q2N1/8/8/PP3PPP/5RK1 b - - 2 22,e7e6 h6h7 g8f8 h7f7,960,endgame mate mateIn2 short,19
89Ce5,5k2/1pq1r1pQ/p1p1RbBp/2P5/3r1P2/8/PP4PP/2R3K1 b - - 0 25,e7e6 h7h8 f8e7 h8e8,961,mate mateIn2 middlegame short,21
Aj2TG,6k1/R4p1p/4p1p1/p2pP1PP/r7/1r6/4BK2/8 b - - 2 36,a4a2 a7a8 b3b8 a8b8 g8g7 h5h6,961,endgame long master mate mateIn3,15
kDEay,r2q1rk1/6p1/3pb2p/p1pN4/4Q2P/1P1P2P1/P1P5/1K1R3B b - - 1 23,e6d5 e4d5 g8h8 d5a8 d8a8 h1a8,961,advantage long middlegame,21
0Ldhy,3r1rk1/1bq3p1/4B2p/3p4/p1p5/2Q1P2R/P5PP/3R2K1 b - - 3 33,g8h8 h3h6,962,mate mateIn1 middlegame oneMove pillsburysMate pin,19
WHd1c,k5r1/P1p5/1p2p3/5p1p/Q6P/5P2/1r6/7K b - - 1 36,g8d8 a4c6 a8a7 c6c7 a7a6 c7d8,962,advantage endgame exposedKing fork long queenRookEndgame,13
27vuS,r4r2/pp4R1/2p3k1/2b2ppp/2P2Pn1/1P6/PB2N1PP/5R1K b - - 4 22,g6h6 f4g5,964,mate mateIn1 middlegame oneMove,22
FgHeG,Q3kb1r/4pppp/2bP4/1p6/4q3/4B3/PPP2PPP/2KR3R b k - 0 15,c6a8 d6d7 e8d8 e3b6,964,advancedPawn mate mateIn2 middlegame short,22
ttXmS,r1bq1bkr/pp2pQpp/1n1pP3/4n1N1/3p4/2P5/PP3PPP/RNB1K2R b KQ - 4 11,e5f7 e6f7,964,advancedPawn kingsideAttack master mate mateIn1 oneMove opening,29
Ip3Vn,r6k/pp2Q2p/6p1/4p1Bn/2B5/5P2/P4PKP/3q4 b - - 3 27,d1d4 g5f6 h5f6 e7f6,965,endgame mate mateIn2 short,17
aROGW,rnbqk2r/ppp3pp/3bp1B1/4N3/3P4/2P5/P1Q2PPP/R1B1K2R b KQkq - 2 12,h7g6 c2g6 e8f8 g6f7,965,mate mateIn2 opening short,26
mgB5n,r3k2r/3nppbp/1R1p2p1/1Bp5/3P4/P1P2P2/2K2P1P/2B4R b kq - 0 16,a8a7 b6b8,965,mate mateIn1 middlegame oneMove pin,22
33sy5,2kr4/pppqbprp/2n5/8/2P3b1/2PpBNP1/P2N1P2/R2QR1K1 b - - 4 16,c6e5 f3e5 g4d1 e5d7,966,advantage hangingPiece middlegame short,25
AN7sM,5k2/1R6/1p1r1p1p/p3p2r/4P3/3P4/4K3/2R5 b - - 1 49,h5h3 c1c8 d6d8 c8d8,966,endgame mate mateIn2 rookEndgame short,13
IVedW,8/8/2R2p1p/6k1/8/4n3/3K4/8 b - - 2 48,e3d5 c6c5 g5f4 c5d5,967,crushing endgame pin short,6
kquv9,r3q1k1/2p3p1/1bnppr1p/p3p3/QP2P3/2PP1N1P/3N1PP1/R4RK1 b - - 1 18,a5b4 a4a8 e8a8 a1a8,967,crushing middlegame short,26
r6WKZ,2k4r/2p4p/p5pb/1p1Np3/8/P4P2/1PP2P1P/1K1R4 b - - 2 23,h8d8 d5e7 c8b7 d1d8,968,crushing deflection discoveredAttack endgame queensideAttack short,18
UBPJu,1r2r1k1/6pp/4p3/p4p2/3Pp1n1/q3P3/P2N1PPP/R2Q1RK1 b - - 1 21,b8b2 d2c4 a3b4 c4b2,970,advantage fork middlegame short,22
qGEbJ,4Q3/p4ppk/1p5r/3p4/3R4/4P1P1/4KP2/7q b - - 9 33,h6f6 d4h4 h1h4 g3h4,970,crushing endgame fork master short,14
WDbSL,8/pp5p/6p1/1PPp2k1/P2Pp3/7K/8/8 b - - 0 41,g5f4 c5c6 b7c6 b5c6 f4f3 c6c7 e4e3 c7c8q,971,advancedPawn crushing endgame pawnEndgame promotion veryLong,12
Aumdn,3R2k1/p1p2r1p/1p2p3/4npBP/2P4K/4P3/P7/8 b - - 1 32,g8g7 h5h6 g7g6 d8g8 f7g7 g8g7,972,endgame long mate mateIn3 pillsburysMate,16
CJIgk,k7/q7/2QNpn2/3p1p2/1P1P4/6P1/6K1/8 b - - 2 47,a8b8 c6c8,972,endgame mate mateIn1 oneMove,12
HFF2Y,8/6pk/5p2/1p6/1B3q2/P6P/4R1P1/6K1 b - - 3 43,h7h6 b4d2 f4d2 e2d2,972,crushing endgame pin short,11
7gj9x,2b5/6p1/p3p2p/1n2P2k/1p1PB2B/1P4PK/7P/8 b - - 3 41,g7g5 g3g4,973,endgame mate mateIn1 oneMove,16
BRAyE,1k6/7r/PPRKp3/3p1b2/5P2/8/8/8 b - - 2 56,f5d3 a6a7 h7a7 b6a7,973,advancedPawn crushing endgame short,10
YFilV,r1b1k2r/1p1p1p2/p1n1p3/2p1P1q1/2B1N1p1/3P4/PPP2PP1/R2Q1RK1 b kq - 1 13,g5h5 e4f6 e8f8 f6h5,973,crushing fork middlegame short,26
g8TGb,r2qkb1r/pp2pppp/2n2n2/4N3/2BP2b1/8/PP3PPP/RNBQK2R b KQkq - 2 8,g4d1 c4f7,973,attackingF2F7 mate mateIn1 oneMove opening,28
OoYUf,8/p7/1p4k1/1R4bb/2B5/PPP5/3r2P1/5K2 b - - 0 51,d2c2 c4d3 g6h6 d3c2,974,advantage endgame fork short,13
Tu8WA,2r4k/pp2r1pB/4p3/3p1R2/7R/6PP/P7/7K b - - 0 37,e6f5 h7f5 h8g8 f5c8,974,advantage discoveredAttack discoveredCheck endgame master short,15
B0KOC,2R5/5k1p/1R4pr/8/1P6/6K1/1r4P1/8 b - - 3 44,h6h5 c8c7 f7g8 b6b8,975,endgame mate mateIn2 rookEndgame short,10
fqJKX,r1bq1k1r/p1pn1p1p/1p1pp3/6NQ/3P4/2N5/PPP1PPP1/2KR1B2 b - - 1 14,d7f6 h5f7,975,mate mateIn1 middlegame oneMove,26
u9nyu,2br3q/1pb1kp2/2p1p1p1/2PN2Q1/1P1P4/7P/5PP1/R5K1 b - - 13 30,e7d7 g5e7,975,mate mateIn1 middlegame oneMove,20
8gRXW,rnbkQr2/pp1p2pp/2qN1p2/3N4/2BpPB2/8/PPP2KPP/R7 b - - 1 17,f8e8 d6f7,976,mate mateIn1 middlegame oneMove,26
HAP2D,3R2nk/p1p2ppp/2p5/8/5r2/1PNQ3P/P1P3PK/4q3 b - - 4 27,f4f1 d8g8 h8g8 d3d8 e1e8 d8e8,976,attraction endgame long mate mateIn3 sacrifice,19
e1E0g,6k1/1p4p1/r1q2b1p/2p1NQ2/1nP5/1n2P2P/4BPP1/3R2K1 b - - 2 31,f6e5 d1d8 c6e8 d8e8,976,mate mateIn2 middlegame short,20
nHuc5,r3k2r/1pp2pp1/p3p2p/3N2nP/3P2P1/P4Pq1/1PP1Q3/R4K1R b kq - 2 19,g3f3 e2f3 g5f3 d5c7,976,advantage middlegame short,24
DOThn,4Q3/1p4p1/p1pq1k2/3p1Pp1/3P2P1/P1P4K/1P6/8 b - - 7 43,d6f4 e8e6,977,endgame mate mateIn1 oneMove queenEndgame,16
bEoX3,8/p4q1k/r5pp/8/3Q4/2B3P1/5P2/6K1 b - - 2 39,f7g8 d4d7 g8f7 d7f7,977,endgame mate mateIn2 short,11
oemRS,5r2/pb1R2kp/1p4p1/5p2/5n2/P4P2/1P5P/2R3K1 b - - 2 26,f8f7 d7f7 g7f7 c1c7 f7e6 c7b7,977,advantage attraction endgame fork long,16
Fr2AD,4rrk1/1b3ppp/pp6/2p5/P6Q/1P1P1N1q/R3BP2/4R1K1 b - - 1 30,h3f3 e2f3 e8e1 g1g2 b7f3 g2f3,978,crushing long middlegame,21
eKgVc,rnbqkb1r/pp2n1pp/5B2/3N4/6P1/1Q6/PP2pPBP/R3K1NR b KQkq - 0 10,g7f6 d5f6,978,mate mateIn1 oneMove opening,26
Yi9yh,r1bq1rk1/p1p2ppp/2pb1n2/3pp2N/8/1P2P3/PBPP1PPP/RN1QK2R b KQ - 5 8,c8g4 h5f6 d8f6 d1g4,979,advantage kingsideAttack opening short,30
hRgWs,8/5rB1/6kP/8/p3KP2/Pp6/1P6/8 b - - 0 71,f7f5 h6h7 f5f4 e4f4,979,advancedPawn crushing endgame short,10
sVYsP,6r1/pp5k/3q3b/2p5/2Pp1Np1/3P2r1/PP3QBK/R5R1 b - - 0 32,h6f4 g2e4 h7g7 g1g3 f4g3 f2g3,979,advantage discoveredAttack long middlegame,20
xSlTH,3r2k1/1p1P1p1p/p5p1/8/3Q4/8/qP4PP/4R2K b - - 0 33,a2a5 e1e8 d8e8 d7e8q,979,advancedPawn endgame mate mateIn2 promotion short,15
2u99e,b7/P7/5KP1/7k/3n4/8/8/8 b - - 0 65,d4c6 g6g7 c6e7 f6e7,980,advancedPawn crushing endgame short,6
8IQxE,r1b4r/2qn1kpp/p4b2/3p1QN1/3p3P/8/PPP2PP1/R4RK1 b - - 3 17,f7e7 f5e6 e7f8 e6f7,980,mate mateIn2 middlegame short,23
P6pVp,8/5p2/7p/8/5rkp/4R3/4K3/5B2 b - - 3 58,f4f5 f1h3 g4g5 h3f5,980,advantage endgame master short skewer,8
XKTM6,3qr1k1/p6p/2p3PB/2p3b1/8/P1PP1Q2/1r5P/R4RK1 b - - 0 22,g5h6 f3f7 g8h8 f7h7,980,mate mateIn2 middlegame short,19
ecq59,kn1r3r/1N1b4/pP2p1p1/P2pPn1p/8/8/5PPP/1RR3K1 b - - 0 29,a8b7 c1c7 b7a8 c7a7,980,mate mateIn2 middlegame short,21
rnm5i,r3kb1r/1bpp1ppp/p1n2q2/1p1Q2B1/4P3/1BN5/PPP2PPP/R3K2R b KQkq - 7 11,f6e5 d5f7,980,attackingF2F7 mate mateIn1 middlegame oneMove,28
GIFwE,3R4/6rk/1p3Np1/p3p2p/PqP5/1P3N1P/5PP1/6K1 b - - 4 34,h7h6 d8h8 g7h7 h8h7,981,endgame mate mateIn2 short,18
iMuDL,8/2rb2kp/5qn1/1p3p2/1Q2p3/4P1N1/6P1/3R2K1 b - - 11 46,g6e5 g3h5 g7g6 h5f6,982,crushing fork master middlegame short,15
nsH3F,5rk1/p4Rpp/2B5/8/2PQp1n1/1PP1P3/P3K1P1/7q b - - 3 25,f8f7 d4d8 f7f8 c6d5 g8h8 d8f8,982,deflection endgame long mate mateIn3,18
pEiPm,8/8/Rn5p/6pk/p1P5/7P/1r3PP1/6K1 b - - 0 36,b6c4 g2g4 h5h4 a6h6,982,deflection endgame mate mateIn2 short,12
UG6t8,6k1/3n3r/8/1p1q3p/5Qp1/2B3P1/PPr2P1P/4R1K1 b - - 1 32,b5b4 e1e8 d7f8 f4f8,983,mate mateIn2 middlegame short,17
shrPI,8/8/5k1p/5p1P/1P6/2r1p1P1/K7/3R4 b - - 0 40,c3d3 d1d3 e3e2 d3e3 e2e1q e3e1,983,crushing endgame hangingPiece long rookEndgame,10
o30Md,2Q5/1p6/2p3pp/p7/2P4B/1P4k1/q3r3/5RK1 b - - 3 40,g3h4 f1f4 h4g3 c8g4,984,endgame mate mateIn2 short,14
9aGy5,rr4k1/5ppp/4p3/3pP3/p2P1P2/RNq4P/5QP1/1R5K b - - 0 31,b8b3 b1b3 c3b3 a3b3,986,crushing endgame short,20
A8XML,8/1p1R1pkp/p5p1/6P1/3Nr1nP/PP6/1KP5/8 b - - 1 34,g4e5 d4e6 g7h8 d7d8,986,endgame mate mateIn2 pin short,16
LsJam,r1bq1nk1/ppp2ppp/8/3pr3/2N5/2PBP2P/PP3PP1/R2QR1K1 b - - 1 15,d5c4 d3h7 f8h7 d1d8,986,crushing discoveredAttack kingsideAttack middlegame short,26
iZ0wQ,4Q3/2p2rpk/pp6/2bpR2q/8/P2P1P1P/1PP3P1/7K b - - 7 36,h5h6 e8f7 h6c1 h1h2,986,advantage endgame hangingPiece short,19
FBBF6,8/4k2P/R7/8/3K2P1/8/p7/4r3 b - - 2 48,a2a1q a6a1 e1a1 h7h8q,987,advancedPawn crushing endgame promotion short,7
PECmO,r2q1rk1/ppp1b1pp/5p2/2P1p3/1PQnR2N/P7/5PPP/R4BK1 b - - 4 18,g8h8 h4g6 h7g6 e4h4,987,clearance kingsideAttack mate mateIn2 middlegame sacrifice short,25
i7V4L,5r2/1p3pk1/pq2pNp1/1b1p4/3Pn1NQ/bP5P/P1r2PP1/R3R1K1 b - - 3 25,e4f6 h4h6 g7g8 g4f6,987,deflection mate mateIn2 middlegame short,25
5G59f,8/8/2p1r3/pp1p1kP1/5P1p/2R2K1P/PP6/8 b - - 3 33,d5d4 c3c5 f5g6 f4f5 g6g5 f5e6,988,crushing discoveredAttack discoveredCheck endgame fork long rookEndgame,14
WxcCV,r1b2r2/3nqpk1/p2pp2p/1p5P/3P3N/8/PPP1Q1P1/1K1R3R b - - 5 21,d7f6 h4f5 e6f5 e2e7,988,advantage middlegame short,23
6yO7Z,1r1qr1k1/2n4p/3p2P1/2pP2b1/2B1R1PP/5Q2/8/7K b - - 0 30,e8e4 f3f7 g8h8 f7h7,989,master mate mateIn2 middlegame short,17
Gt7Ma,5rrk/2qb2p1/1p2p1Qp/3pP3/p2N4/7R/5PPP/5RK1 b - - 5 34,c7e5 h3h6 g7h6 g6h6,989,mate mateIn2 middlegame sacrifice short,20
TCBXv,2r2rk1/1p3ppp/p5q1/4P3/3PN3/3Q4/PP4P1/K6R b - - 4 26,g6g2 e4f6 g7f6 d3h7,989,discoveredAttack endgame mate mateIn2 sacrifice short,18
bL6lW,2r3k1/5pp1/7p/p2BR3/Pp1n4/8/2P2PPP/6K1 b - - 0 29,c8c2 e5e8 g8h7 d5e4 g7g6 e4c2,989,advantage endgame fork long,16
2lWtR,3rr1k1/p4pbp/1p2b1p1/8/3qNP2/Q4P2/PP2R1KP/4R3 b - - 1 24,e6c4 e4f6 g7f6 e2e8 d8e8 e1e8 g8g7 a3f8,990,discoveredAttack kingsideAttack mate mateIn4 middlegame veryLong,21
3Ag8u,7r/1p3R2/1P6/3nq1k1/6p1/3QP1P1/3P2K1/8 b - - 5 39,d5f6 f7g7 g5h6 d3g6,990,endgame mate mateIn2 short,13
fyG8g,1R5k/5r1p/4rqpQ/5p2/8/4p1NP/5PPK/8 b - - 3 46,f7f8 b8f8 f6f8 h6f8,990,endgame fork mate mateIn2 short,15
47ps6,3Q1b1r/p1p4p/4p1pk/4PPR1/3P2b1/3KBq2/PP5P/8 b - - 0 32,g4f5 g5f5 f3e3 d3e3,991,crushing discoveredAttack discoveredCheck middlegame short,20
KjryM,4q1k1/pbr3pp/1p2p1n1/3pP3/1B1P2PP/P4Q2/1P3RBK/8 b - - 0 30,g6h4 f3f8 e8f8 f2f8,991,kingsideAttack mate mateIn2 middlegame operaMate short,22
RxTu9,2r3k1/1pq1bpp1/4b3/pB2p1P1/P7/2P1BP2/2Q5/1K5R b - - 2 26,c7c3 c2h7 g8f8 h7h8,991,mate mateIn2 middlegame short,19
i7txe,r7/4qpk1/p2p1npr/2pPpNN1/2P5/5P2/PP3KQ1/6R1 b - - 4 27,g6f5 g5e6 g7h8 g2g7,991,doubleCheck mate mateIn2 middlegame short,21
iHm8B,1nkr1bnr/1pp1q3/p3b1pp/3pP3/N2P4/3B1N2/PPQ3PP/R1B1K2R b KQ - 2 16,e7d7 a4b6,991,mate mateIn1 oneMove opening pin smotheredMate,28
HZSSL,5k2/NR1b1ppp/8/r7/p7/4P2P/5PP1/6K1 b - - 3 34,d7e6 b7b8 f8e7 a7c6 e7d6 c6a5,992,advantage endgame fork long,14
P0LeF,4r1k1/p4ppp/1p1P4/8/8/4PK2/6PP/2R5 b - - 0 29,g7g6 d6d7 e8d8 c1c8 g8f8 c8d8,992,advancedPawn crushing endgame long pin rookEndgame,13
SdZFc,2k5/Q6p/p2pb3/N2p4/2p5/8/PPPKN1qP/R4r2 b - - 8 30,f1a1 a7b7 c8d8 a5c6 d8e8 b7e7,992,endgame exposedKing long mate mateIn3,18
372Oh,1r4k1/R4p1p/4r3/1p1bB2p/5P2/6P1/5K1P/2R5 b - - 1 30,b8a8 a7a8 d5a8 c1c8 e6e8 c8e8,993,endgame fork long mate mateIn3 pillsburysMate,15
VgqQL,5r2/1pk2pb1/2q3pp/Q1p1P3/7P/P7/P1P3P1/2KR4 b - - 4 29,c6b6 d1d7 c7d7 a5b6,993,advantage deflection endgame master short,18
QJqMv,r2q1rk1/p2b1p2/n1p5/1p1pN1bQ/1P1Pn3/P1NB1P1P/2P3P1/R3K2R b KQ - 2 16,e4g3 h5h7,994,mate mateIn1 middlegame oneMove,27
oImhE,2R3k1/5pp1/7p/8/7P/4rQ2/qr4P1/5RK1 b - - 1 33,g8h7 f3f5 g7g6 f5f7 a2f7 f1f7,994,endgame long mate mateIn3,13
1lSMA,r1b1kbnr/ppp2ppp/8/4p3/2P4q/2NP1P2/PP1KB2P/R1BQ3R b kq - 2 10,f8b4 d1a4 c8d7 a4b4,996,advantage fork opening short,27
Cl5qf,r3kbnr/pp3ppp/1qn1p3/3pP3/3P4/P4N2/1P2QPPP/RNB2RK1 b kq - 2 10,c6d4 f3d4 b6d4 e2b5,996,advantage opening short,28
FeRRv,2k5/ppp5/4P3/3P4/1Q4K1/2P2PP1/PP5r/2q5 b - - 3 37,b7b6 b4f8 c8b7 e6e7,996,advancedPawn crushing endgame short,15
HyLmg,5r1k/1b1p2b1/p5Qp/1p3P2/4Pp2/P4q2/BPr1N3/4R1KR b - - 1 28,c2e2 h1h6 g7h6 g6h6,996,kingsideAttack mate mateIn2 middlegame short,21
d9BaO,8/pp1k1N2/3n1PK1/2p5/8/8/P7/8 b - - 1 40,d6e4 f7e5 d7e6 f6f7 e4d6 f7f8q,996,endgame,9
2AXUV,r4rk1/3R1Rbp/p5p1/1p4q1/8/1QP1P1P1/PP3PP1/2K5 b - - 0 24,f8f7 b3f7 g8h8 f7g7,997,endgame mate mateIn2 short,20
oH2I9,1Q2r2k/6pp/3Q4/3p4/4q3/2P4P/4p1PK/8 b - - 0 40,e2e1q d6f8 e8f8 b8f8,997,endgame mate mateIn2 sacrifice short xRayAttack,13
z4NDT,8/5Rpk/2N4p/3p3n/3Bb3/3r4/4K3/8 b - - 7 42,h7g6 c6e5 g6h7 e5d3,997,advantage endgame fork master short,11
PtyHn,8/1p4p1/3K2k1/pr4p1/4P2P/1P4R1/8/8 b - - 0 36,g6h5 g3g5 b5g5 h4g5 h5g5 e4e5,998,crushing defensiveMove endgame long rookEndgame,11
IApZp,7r/1p1k4/p2N4/3r1P2/5Bn1/3p3P/PP2n1P1/3R1R1K b - - 8 27,d5d6 f4d6 d7d6 d1d3,999,attraction capturingDefender crushing middlegame short,18
JLL28,1r1q3k/pb2rBbp/1p1Q1Bp1/4p3/2P5/7P/PP3RP1/5RK1 b - - 0 23,g7f6 d6f6,999,kingsideAttack mate mateIn1 middlegame oneMove,22
kGVbV,r1bN1b1r/pk2n1pp/1q6/1B1p4/4nB2/2P5/PP2QPPP/RN2K2R b KQ - 4 14,b6d8 b5a6 b7c6 e2b5,999,mate mateIn2 opening short,26
U5IfH,1b6/1P6/2K5/2P5/R2k4/2r5/8/8 b - - 4 58,d4e5 a4a8 e5d4 a8b8,1000,crushing endgame short trappedPiece,7
ipOrW,2rq1r1k/6pp/p2p1p2/1ppBnP2/4PR2/2P4Q/P5PP/R5K1 b - - 3 22,c8c7 h3h7 h8h7 f4h4,1000,attraction kingsideAttack mate mateIn2 middlegame pillsburysMate sacrifice short,23
v77MV,r1bqkb1r/pp3ppp/2n1pn2/8/2pP1P2/6P1/PPP1P1BP/R1BQK1NR b KQkq - 1 8,d8d4 g2c6 c8d7 d1d4,1000,crushing intermezzo opening short,30
BbGLt,k1r2b1r/pp5p/1q3p2/2p1pnp1/6Q1/1PP1P1B1/P4PPP/3R1RK1 b - - 2 20,f5g3 g4c8,1001,hangingPiece mate mateIn1 middlegame oneMove queensideAttack,25
Mg7Xn,6rk/pp2rp1p/8/8/3Q1p2/8/PP3RP1/2q2BK1 b - - 1 26,g8g7 d4d8 g7g8 d8e7,1001,advantage endgame fork short,16
Qe0pM,6R1/8/P7/8/1P4p1/4K1kp/7r/8 b - - 2 52,h2h1 a6a7 h3h2 a7a8q,1001,advancedPawn crushing endgame master promotion rookEndgame short,8
XuGgs,4R2r/pp4p1/2np1bk1/3Q1bNp/2P2P1P/8/Pq4P1/5RK1 b - - 0 19,h8e8 d5f7 g6h6 f7e8,1001,advantage fork middlegame short,21
P7M5r,8/1r3p2/6p1/1p1KPk1p/1R5P/6P1/8/8 b - - 3 44,b7b8 b4f4,1002,endgame master mate mateIn1 oneMove rookEndgame,11
eX9oW,6k1/1p5p/p1p3p1/P7/3rP3/2N3PP/2B5/5K2 b - - 2 31,d4c4 c2b3 g8g7 b3c4,1002,crushing endgame master pin short,14
F9pJC,r4rk1/3bb1p1/ppNpp1PB/8/4P3/2Q2P2/qPP5/2KR3R b - - 3 22,e7f6 c6e7 f6e7 c3g7,1003,deflection kingsideAttack mate mateIn2 middlegame sacrifice short,22
izSIw,4rk1r/p6p/2R5/2p2bP1/1P6/8/P4K2/5B1R b - - 2 24,c5b4 c6f6 f8g7 f6f5,1003,crushing endgame fork short,14
0Dh6K,4rr1k/pBp3p1/7p/2p1np2/2Pp3P/3P2P1/PP3P2/3RR1K1 b - - 0 23,e5d3 e1e8 f8e8 d1d3,1004,advantage endgame intermezzo short,22
cfZ0R,8/1p2kpb1/p6p/5R1B/r7/8/1P4P1/1K6 b - - 0 29,a4d4 f5f7 e7d6 f7g7,1004,advantage endgame fork short,12
jPef0,k2r1b1r/1ppq2pp/1P3p2/2Pnp3/3P4/Q5B1/1P3PPP/5RK1 b - - 1 20,a8b8 a3a7 b8c8 a7a8,1005,mate mateIn2 middlegame queensideAttack short,23
Mc78S,r3k3/ppp2p1r/3b3p/3Q4/3P2P1/P7/1PP2PP1/4K3 b q - 0 22,e8c8 d5f5 d8d7 f5h7,1006,advantage endgame fork short,18
y2u6r,r2q1rk1/p1p2p2/4pP1p/3p2p1/Q6B/P3P3/5PPP/R4RK1 b - - 0 18,g5h4 a4g4 g8h7 g4g7,1006,endgame kingsideAttack master masterVsMaster mate mateIn2 short,22
9eBcw,r6k/p6p/b1n3p1/2ppqr2/1p2pN1Q/1P2P2P/P1PP2B1/1K1R3R b - - 3 23,g6g5 f4g6 h8g7 g6e5 g5h4 e5c6,1007,advantage long middlegame pin,25
Powij,8/pb6/1p6/3pkppp/3R3P/1P2K1P1/P7/8 b - - 0 38,f5f4 g3f4 g5f4 d4f4,1008,advantage endgame master short,14
8nBSk,r3k2r/1bq2ppp/p3nn2/4Bp2/8/8/PPB2PPP/R2QR1K1 b kq - 3 19,c7c6 c2a4 e8g8 a4c6,1009,advantage middlegame pin short,23
cZwkN,r2qk2r/1p2b1pp/p4p2/3b4/8/5N2/PP2QPPP/R1B1R1K1 b kq - 3 17,e8g8 e2e7 d8e7 e1e7,1009,crushing middlegame short,22
w9xa1,5rk1/p5p1/3q3p/2p2p2/8/3p3P/rP1N1PP1/3QR1K1 b - - 3 31,d6d4 d1b3 g8h7 b3a2,1009,advantage endgame fork short,18
XclpR,rn3rkb/p2q1N1p/1pp2Pp1/3p2Pn/2RP3P/4BN2/6Q1/1R4K1 b - - 0 24,d5c4 f7h6,1010,mate mateIn1 middlegame oneMove,24
fx1zM,3r4/3P1Pk1/4K1P1/p6P/2P1n3/8/P7/8 b - - 0 54,e4c5 e6e7 d8d7 e7e8 d7d8 e8d8,1010,crushing defensiveMove endgame long,11
sZpZ1,3k2Q1/ppb5/2p2qBp/2P5/7P/PP4P1/3r1PK1/8 b - - 1 48,d8e7 g8e8,1010,endgame mate mateIn1 oneMove,17
4HfLy,6rk/pp3prR/2q1bQ2/6R1/3p4/1PNP4/1PP3PP/7K b - - 0 26,h8h7 g5h5,1012,mate mateIn1 middlegame oneMove,20
KKps0,8/2R1n3/5k2/p3p1p1/1p3bP1/1B3P2/4K3/8 b - - 1 64,e7g6 c7f7,1012,endgame master masterVsMaster mate mateIn1 oneMove operaMate,12
NmOwM,r1bq3k/1pp2Qb1/2n1p1PR/p7/3PP3/2N1n3/PP4P1/1K3RN1 b - - 0 18,g7h6 f7h7,1012,mate mateIn1 middlegame oneMove,23
HGwJ6,6R1/8/8/5p2/5k2/r6p/7K/8 b - - 1 67,f4e3 g8g3 e3e4 g3a3,1013,crushing endgame rookEndgame short skewer,6
fGTbq,6Q1/7p/4k3/pq6/8/4K1PP/8/8 b - - 1 52,e6e5 g8g5 e5e6 g5b5,1013,crushing endgame queenEndgame short skewer,8
S3Ywx,r1k5/pp4pp/2p2pn1/8/4rB2/6PP/PP1R4/2KR4 b - - 1 27,b7b5 d2d8 c8b7 d1d7,1014,crushing endgame queensideAttack short,18
QBysh,4r3/1ppQ3k/p7/6np/P3p2q/1PP5/6R1/5RK1 b - - 5 37,h7h6 f1f6,1015,endgame mate mateIn1 oneMove,16
VnIdI,r4rk1/pbp1qppp/1pn1p3/7Q/3PN3/3B4/PPP2PPP/R4RK1 b - - 6 12,c6d4 e4f6 g7f6 h5h7,1015,kingsideAttack mate mateIn2 middlegame sacrifice short,26
fH5I9,rn2k2r/pQp1ppbp/6p1/4P3/2q5/2N4P/PP4P1/R1B1K2R b KQkq - 0 13,c4c6 b7c8,1015,mate mateIn1 middlegame oneMove,23
OaiNy,5r2/4ppk1/3p2n1/1q1P2P1/N2QP3/1P6/1Br3P1/5R1K b - - 0 37,g7h7 d4g7,1016,mate mateIn1 middlegame oneMove,18
QZwh5,r2q1rk1/1pp2np1/3p3p/p6Q/4P3/3PP2P/PPP2RP1/5RK1 b - - 1 17,f7e5 f2f8 d8f8 f1f8,1017,advantage fork middlegame short,23
xsijU,5R2/1r6/8/2r2B1k/p1P2Pp1/2K3P1/8/8 b - - 1 45,h5h6 f8h8 h6g7 h8h7,1017,crushing endgame short,11
cbTfb,8/1p4R1/p1kp1P1R/P1pbnK1B/1r6/8/8/8 b - - 6 46,e5d3 h5e8,1018,endgame mate mateIn1 oneMove,14
rCjJ7,rnbq4/pppkbQ2/4pn2/3p2r1/3P4/2N2N2/PPP2PPP/R3K2R b KQ - 3 16,g5g2 f3e5 d7d6 c3b5,1018,mate mateIn2 middlegame short,26
WsVwF,r4rk1/ppp1p2p/6p1/3Pn3/2PqQ3/4n3/PP2BNPP/R3K2R b KQ - 12 20,f8f2 e4d4 e3c2 e1f2,1019,advantage fork hangingPiece intermezzo middlegame short,24
XC2zg,r1bq2r1/1pk1b3/p2p4/2pQpP2/3P1p2/2P4N/PP4BP/R4RK1 b - - 4 25,c8f5 d5b7,1019,mate mateIn1 middlegame oneMove swallowstailMate,24
Gu5Zz,8/4pk2/5p2/2r2P2/6PK/8/4R3/8 b - - 0 37,c5e5 e2e5 f6e5 g4g5,1020,crushing defensiveMove endgame rookEndgame short,8
NH54U,k6q/1r2r3/Q7/8/2R5/1P2p3/P7/6K1 b - - 0 47,b7a7 c4c8 h8c8 a6c8,1021,endgame fork mate mateIn2 short,10
OiQve,r2q1r2/2p2pk1/p2p1n1p/1p1NbRB1/4P3/P1PP3Q/1P4PP/R5K1 b - - 0 23,h6g5 f5g5,1021,mate mateIn1 middlegame oneMove,25
lye3i,8/5p2/4b3/4r1k1/6p1/2K5/3Q4/8 b - - 3 57,g5h4 d2h2 h4g5 h2e5,1021,crushing endgame fork short,7
fehX6,8/1pkrRpp1/2p5/Q6p/6qP/8/PPP3P1/2K5 b - - 6 28,c7d6 a5e5,1022,endgame mate mateIn1 oneMove triangleMate,16
zbmOy,r2qrk2/1b1n1pb1/ppnQp1pp/1Bp1P3/2P5/2N2NB1/PP3PPP/R3R1K1 b - - 1 17,f8g8 b5c6 b7c6 d6c6,1022,crushing middlegame short,30
NEJfx,rn1qkbnr/pp2pppp/2p3b1/8/4NB2/3B1N2/PPP1QPPP/R3K2R b KQkq - 3 8,b8d7 e4d6,1023,mate mateIn1 middlegame oneMove pin smotheredMate,29
ucnC1,r3kb1r/pp1q1pp1/2p5/3pP2p/3P2b1/4B1QP/PP1N1PP1/R4RK1 b kq - 0 16,h5h4 g3g4 d7g4 h3g4,1024,crushing middlegame short,26
4XBsV,2kr3r/p2n1pb1/Q1p1pqpp/8/1B1P1P2/8/PPP3PP/R4RK1 b - - 1 15,c8b8 b4d6 b8a8 a6c6,1025,mate mateIn2 middlegame queensideAttack short,24
nXNDO,Nnbk2nr/pp2pq1p/3p2p1/b7/4P3/8/2QB1PPP/1R3K1R b - - 3 17,a5d2 c2c7 d8e8 c7c8,1025,deflection fork mate mateIn2 middlegame short,23
vQxhH,r2qkb1r/ppp2ppp/1n2p3/4Pn2/2P5/5N2/PP1B2PP/RN1QK2R b KQkq - 1 11,b6c4 d1a4 c7c6 a4c4,1025,advantage fork opening short,27
y0F46,8/2r3k1/6p1/pB3pNp/3R2bP/1P4P1/1KP5/4r3 b - - 0 38,e1g1 g5e6 g7f6 e6c7,1025,crushing endgame fork master short,16
5U86e,3r3k/p1p3pp/1pRq4/3P1p2/1P1Q4/4P3/P5PP/6K1 b - - 4 31,d6c6 d5c6 d8d4 e3d4,1026,crushing endgame short,18
9T6lO,3r3k/3P2pp/p3Q3/Pp6/1B6/K2P4/5qn1/8 b - - 2 45,f2d4 e6e8 d8e8 d7e8q,1026,advancedPawn backRankMate endgame mate mateIn2 promotion short,14
Esos6,r3r1k1/pp3p1p/bq2pb2/3p2N1/P6P/2P1P3/1PQN1P2/R3K2R b KQ - 1 20,h7h6 c2h7 g8f8 h7f7,1026,kingsideAttack mate mateIn2 middlegame short,24
HFfCC,6k1/pp6/5pKp/3pb3/2pq4/P1P2Q1P/1P4P1/5N2 b - - 0 36,d4h4 f3d5 g8h8 d5d8,1026,endgame mate mateIn2 short,17
B2rHb,4r1rk/1pRR3p/p4N2/6n1/8/4p2P/PP6/7K b - - 3 30,e3e2 d7h7 g5h7 c7h7,1027,arabianMate endgame mate mateIn2 short,15
DCEH9,r2qk2r/ppp5/2nbpp1p/3pN1pQ/3Pb3/P3P1BP/1PP2PP1/R3KB1R b KQkq - 1 12,e8e7 h5f7,1027,mate mateIn1 middlegame oneMove,30
MeHZZ,2r3k1/3R1pb1/6pp/3Q4/4q1P1/4BN1P/1r3PK1/8 b - - 4 36,e4e3 d5f7 g8h8 f7g7,1027,master mate mateIn2 middlegame short,16
Q5P3c,4k1r1/1p1bPp1p/p1qp3Q/4p3/2P5/8/PBP4P/1K3R2 b - - 2 28,e8e7 h6f6 e7e8 f6f7 e8d8 f7g8,1027,advantage attackingF2F7 endgame fork long master,19
49wi2,8/ppp3pk/2p4p/3q4/3r1r2/2P3QP/PP4P1/R3R2K b - - 0 22,d4d3 g3f4 d3h3 h1g1,1028,crushing endgame short,19
mjI1m,1k6/pp2q1R1/4Np2/3Pb3/6K1/P2Q3r/1PR4r/8 b - - 5 31,h3d3 g7g8 e7f8 g8f8,1028,mate mateIn2 middlegame short,16
DxIRt,5rk1/p1pRPpqp/1p4p1/2b5/P1Q2P2/7P/6PK/8 b - - 0 33,f8e8 d7d8 c5e7 d8e8,1029,advantage endgame pin short,18
mHQBp,6k1/1pp1qpp1/pb4r1/8/3p4/PB1P1Q1P/1BP2P2/5K2 b - - 4 29,e7g5 f3f7 g8h7 f7g8 h7h6 g8h8,1029,endgame long mate mateIn3,19
ppW0Y,2r3k1/5pp1/p4n1p/1p2q3/2PR4/PPQ1PP1P/6P1/5K2 b - - 3 32,b5c4 d4d8 c8d8 c3e5,1029,advantage discoveredAttack endgame short,19
rcRhx,2r5/b7/p4k2/2p3p1/2Np4/1P1R2P1/P4K1P/8 b - - 0 34,f6f5 c4d6 f5e5 d6c8,1029,crushing endgame fork master short,14
MU5am,4rrk1/ppp2p2/1b4Rp/4Q3/q7/2PP1P2/PP3P1P/6RK b - - 0 22,f7g6 g1g6 g8f7 e5f6,1030,endgame kingsideAttack mate mateIn2 short,21
apFiA,6rk/p5B1/1q4Qp/2p5/1P1p4/P1n4P/5PP1/4R1K1 b - - 0 31,g8g7 e1e8 g7g8 e8g8,1030,endgame mate mateIn2 short,17
iwagk,2kr2nr/ppq2pp1/4p1p1/3p4/8/1PP1P1P1/P3B2P/R2Q1RK1 b - - 0 17,c7c3 a1c1 c3c1 d1c1,1030,crushing middlegame pin short,23
666Gf,8/5p1p/5p2/8/p1k2P1P/P2pKNP1/1P6/5b2 b - - 2 40,c4b3 f3d2 b3b2 d2f1,1031,crushing endgame fork master short,14
6SI9n,6k1/1p3pp1/p3p2p/3p4/1r1q3P/3B2P1/3Q1P2/5RK1 b - - 0 40,b4b2 d3h7 g8h7 d2d4,1031,crushing discoveredAttack endgame short,17
L8Tuq,2rQ2kb/pp2p2p/q3b1pB/4p3/2r5/1N3P2/PPP3P1/1K1R3R b - - 2 22,c8d8 d1d8 g8f7 d8f8,1031,kingsideAttack mate mateIn2 middlegame operaMate short,23
prXq3,rnbr2k1/ppq2pp1/7p/8/8/2nBQN2/P4PPP/R1B1R1K1 b - - 1 14,c3d5 e3e8 d8e8 e1e8,1031,kingsideAttack mate mateIn2 opening pillsburysMate sacrifice short,23
7fiRq,3r4/5pk1/4n1pp/1P6/4N3/4PQPP/1r6/6K1 b - - 4 35,d8a8 f3f6 g7g8 f6b2,1032,crushing endgame fork short,14
Lc30q,5k2/5b2/2p1q2p/p1PpP1pP/Pp1Q2P1/1P6/2B3K1/8 b - - 8 44,f8e7 c2f5 f7g8 f5e6,1032,crushing endgame short trappedPiece,18
dxfrY,r5r1/ppp3pk/3p1qPp/4pP2/4P3/2PPQ3/PP2KP2/7R b - - 0 22,h7h8 h1h6 g7h6 e3h6,1033,endgame kingsideAttack mate mateIn2 sacrifice short,22
42l0m,2k4r/1b1rq1b1/4N3/2p2Q2/P7/7P/4p1PB/2K1R3 b - - 1 32,e7f6 f5c5 b7c6 c5c6 d7c7 c6c7,1034,exposedKing long mate mateIn3 middlegame,16
8hMIz,r2qkbnr/p2bp2p/2p2pN1/3p3Q/3P4/8/PPP2PPP/RNB1K2R b KQkq - 0 9,h7g6 h5g6,1034,master masterVsMaster mate mateIn1 oneMove opening,27
JI5wA,1r2rbk1/4pp1p/p2p1np1/1ppP4/2P1RP2/1PQ3PP/qB3PB1/R5K1 b - - 3 21,f6e4 c3h8,1034,master mate mateIn1 middlegame oneMove,27
pFRJn,2r2bk1/p4p1p/1p2p1p1/3pP3/3P2P1/q1P1Q3/2R1BPKP/8 b - - 7 32,f8b4 c3b4 c8c2 e3a3,1034,advantage capturingDefender discoveredAttack endgame short,21
tu4DB,r2qkb1r/ppp2ppp/2n5/1B1np3/6b1/P3PN2/1PQP1PPP/RNB1K2R b KQkq - 3 7,f8d6 b5c6 b7c6 c2c6 g4d7 c6d5,1034,crushing fork long opening,30
uwhMR,r6k/p1p3pp/1p1p2q1/2n2Nb1/3BP3/2Pn3P/P1QN2P1/5RK1 b - - 5 25,a8f8 d4g7 g6g7 f5g7,1034,advantage fork middlegame short,23
HMIS7,7r/1bpk3r/pp4RP/6pR/3p4/3Nb3/PPP1N3/3K4 b - - 1 29,b7f3 d3e5 d7c8 e5f3,1035,advantage fork master middlegame short,19
vpgF8,6k1/R4pp1/1p5p/8/3b2N1/1P4PP/P1r2PK1/3r1B2 b - - 4 29,d1a1 a7a8 g8h7 f1d3,1035,endgame,17
DVHSM,r2q2k1/ppp2ppp/5R2/4r3/7Q/2PB3P/P1P3P1/R5K1 b - - 0 17,d8f6 h4h7 g8f8 h7h8 f8e7 h8a8,1036,crushing endgame long skewer,20
Vd4L5,4rr2/3qN2k/p5pp/8/2p1Q2N/2P5/PP3bPP/R6K b - - 1 27,f2h4 e4g6 h7h8 g6h6,1036,deflection mate mateIn2 middlegame short,19
fXdOL,rn1q2k1/ppp1b1pp/8/3pP1B1/3P2b1/8/PPP2QPP/RN3RK1 b - - 4 13,e7g5 f2f7 g8h8 f7f8 d8f8 f1f8,1036,backRankMate long mate mateIn3 middlegame,25
pcXz1,5r2/ppp5/8/7p/5k2/2R4P/PP3NPK/4r3 b - - 12 35,f4e5 f2d3 e5d5 d3e1,1036,advantage endgame fork short,14
RL4xb,6k1/pp3p1p/2p1nqp1/8/PPQ3N1/7P/3r1PP1/4R1K1 b - - 10 37,f6f5 g4h6 g8f8 h6f5,1037,crushing endgame fork short,19
ReEjb,6k1/p2r1pbp/1p1p2p1/8/3pN3/1P6/P4PPP/2R3K1 b - - 0 25,d6d5 c1c8 g7f8 e4f6 g8g7 f6d7,1037,crushing endgame fork long,18
SDCeb,rn1qk1nr/1b2b1p1/p2pB2p/1pp5/4PP2/P2P4/1PP3PP/RNBQK2R b KQkq - 0 10,e7f6 d1h5 g7g6 h5g6 e8f8 g6f7,1037,exposedKing long mate mateIn3 middlegame,29
kMxPf,r3k2r/ppq1npp1/4p2p/2B1P2P/2P5/3Q2P1/PP4P1/2KR3R b kq - 0 19,c7c5 d3d7 e8f8 d7d8 a8d8 d1d8,1037,backRankMate long mate mateIn3 middlegame sacrifice,23
u1Ix1,r3k2r/pp2ppbp/1qp3p1/5b2/1Q1Pn3/5N2/PPPB1PPP/2K1RB1R b kq - 7 14,e4d2 b4e7,1037,master mate mateIn1 middlegame oneMove,28
uBGqc,8/1Q1krp2/3p4/2b5/8/7P/4qPP1/3R2K1 b - - 3 45,d7e8 b7c8,1037,endgame mate mateIn1 oneMove,12
Wdy5d,r2qkb1r/pp2pbpp/2p2p2/3n4/Q1pP1B2/2N3P1/PP2PPBP/R4RK1 b kq - 3 12,d5f4 g2c6 b7c6 a4c6 d8d7 c6a8,1038,crushing deflection long middlegame,29
WPuHN,8/8/pkp5/4B3/PP2P1Kp/2R5/r4r2/8 b - - 2 38,a2a4 e5d4 b6c7 d4f2,1039,advantage endgame fork short,12
ggcfC,r2q2k1/p4rb1/2pp3p/2p1p3/2P1N1Q1/1P6/PB1PPP2/2KR4 b - - 1 17,d8d7 e4f6 f7f6 g4d7,1039,crushing deflection master middlegame pin short,22
x5QTe,r2r4/ppq1kppp/3bpnb1/1B4P1/8/2N1R2P/PP1P1P2/R1BQ2K1 b - - 0 15,f6d7 c3d5 e7f8 d5c7,1039,advantage middlegame pin short,26
oWLKc,3rr2k/pp1q1p1p/2np1P1B/2p3Q1/8/5P2/PbP3PP/R4RK1 b - - 0 18,e8g8 h6g7 g8g7 g5g7,1040,kingsideAttack mate mateIn2 middlegame short,23
nGiLs,r3kb1r/pp3ppp/2q5/2p1n3/3p2b1/1PN2N2/PB3PPP/R2QR1K1 b kq - 3 14,f7f6 f3e5 g4d1 e5c6,1041,advantage discoveredAttack discoveredCheck opening short,26
9gmdP,5r2/2k1n3/2pqn2p/pp6/2PPP1B1/7P/P3Q1P1/2R3K1 b - - 0 33,c7b6 c4c5 e6c5 d4c5 d6c5 c1c5,1042,crushing fork long middlegame,19
YtgMd,4k3/7r/1pp1P1p1/p2p4/P2P1Q2/1qP4P/6PK/8 b - - 0 46,h7e7 f4b8,1042,endgame mate mateIn1 oneMove,16
gMJUx,r1b1k1r1/pppN1p2/4p3/3pQ3/1b1q2p1/2NB4/PPP2PPP/R3K2R b KQq - 1 13,b4c3 b2c3 d4e5 d7e5,1042,advantage middlegame short,26
1wX75,r1b2rk1/2p4p/4p1p1/1pq5/6N1/1Q6/6PP/1R2R2K b - - 1 24,c5f5 g4h6 g8g7 h6f5,1043,crushing fork middlegame short,17
830D5,3k4/1r6/7R/5p2/8/8/3r2P1/2R3K1 b - - 0 56,f5f4 h6h8 d8d7 h8h7 d7d6 h7b7,1043,crushing endgame exposedKing long rookEndgame skewer,8
RTiwP,r3k2r/1p1bbppp/q2ppn2/1N6/2n1P3/1QN1B3/PPP2PPP/2KR3R b kq - 8 16,c4e3 b5c7 e8f8 c7a6,1043,advantage fork middlegame short,28
1Y1HS,3q2k1/1p5p/6b1/2rB1p2/PN6/1P2P1P1/3Q1K1P/8 b - - 0 38,g8g7 d2d4 d8f6 d4c5,1044,crushing endgame fork master short,16
ZkWAS,rn1qkbnr/1p2ppp1/p2p3p/2p1N3/P1B1P1b1/2N5/1PPP1PPP/R1BQK2R b KQkq - 1 6,g4d1 c4f7,1044,attackingF2F7 mate mateIn1 oneMove opening,32
uKYAe,8/p1p5/1k2q1p1/2pp1p1p/P2PrP2/1PPQR1P1/5PK1/8 b - - 0 33,c5d4 d3b5,1044,endgame master mate mateIn1 oneMove swallowstailMate,20
hlGPF,1k5r/pp2Qppp/7n/3qP3/8/5N2/P5PP/2R3K1 b - - 3 21,d5e4 e7c7 b8a8 c7c8 h8c8 c1c8,1045,backRankMate endgame long mate mateIn3 sacrifice,17
4CWAx,8/4kp2/1pq5/8/4NR2/4PPP1/6K1/8 b - - 0 60,e7e6 f4f6 e6d7 f6c6,1046,crushing endgame master short skewer,10
qqX2R,r1b1rk2/2p3p1/p2b4/1p5B/6nq/2P2Q1P/PP1P1PP1/RNB3K1 b - - 0 18,f8e7 f3f7 e7d8 f7e8,1046,mate mateIn2 middlegame short,24
BQQFB,3r1r1k/p3pP1p/2p3p1/5b2/2Bq4/2N1Q2P/PPP3P1/4R2K b - - 2 22,d4c4 e3e5,1047,master mate mateIn1 middlegame oneMove,21
Q7UTc,2k4r/1p2b1N1/8/R6p/8/P4n2/1PP5/2K5 b - - 0 32,h5h4 a5a8 c8d7 a8h8,1047,advantage endgame short skewer,12
bWXpX,r3q1k1/p1p1b3/1p1pP2Q/3P3b/2BB2pP/2N5/PPPK2P1/5r2 b - - 0 26,e8g6 h6h8,1047,mate mateIn1 middlegame oneMove,23
eqGiQ,r3k2r/pp3pp1/1qn1pnp1/1N1p4/P2P2P1/1Q2PPbP/1P1BK3/R4B1R b kq - 0 17,a7a6 b5d6 g3d6 b3b6,1047,advantage discoveredAttack middlegame short,28
tJogo,4R3/8/8/8/5p2/4k1p1/2r3P1/5K2 b - - 3 73,e3d2 e8e2 d2d3 e2c2 d3c2 f1e2 c2c3 e2f3,1047,crushing endgame rookEndgame veryLong,7
8qjCN,8/8/p6p/6p1/P1p3P1/3k2P1/1Pr1p1P1/1K2R3 b - - 3 41,d3d2 e1e2 d2e2 b1c2 e2f2 c2c3 f2g2 c3c4,1048,crushing deflection endgame rookEndgame veryLong,14
g5a3Q,r1r3k1/p3Bp1p/4p3/8/2pR4/6P1/P5KP/8 b - - 1 31,c4c3 d4g4 g8h8 e7f6,1048,endgame mate mateIn2 morphysMate short,14
8aNnD,1nr3k1/3p1ppp/2qPpn1b/1R6/8/3B1P1P/P3QP2/3R3K b - - 9 30,c6d6 d3h7 g8h7 d1d6,1049,crushing discoveredAttack kingsideAttack middlegame short,21
HJror,4r1k1/2pq1pp1/1p1P3p/p7/3Q4/7P/PP3PP1/3R2K1 b - - 1 28,e8d8 d6c7 d7c7 d4d8 c7d8 d1d8,1049,advancedPawn crushing discoveredAttack endgame long,18
IGrRX,6k1/1pr2p1p/p1b1pBp1/3rP3/7P/2R5/PP3PP1/2R3K1 b - - 0 26,c7d7 c3c6 b7c6 c1c6 d7d8 f6d8,1049,advantage endgame long,20
NGbSA,4q1R1/p2b2Qk/1pr1n2p/3pPr2/2pP1P1B/2P5/PP5P/6RK b - - 4 31,e6g7 g1g7,1049,blindSwineMate master mate mateIn1 middlegame oneMove,23
UKfaW,5rk1/pp4pp/2p1pr2/8/2BP2b1/2P1RPK1/P1P5/R7 b - - 5 22,f6f3 e3f3 f8f3 g3g4,1049,advantage endgame master pin short,19
co8k0,1R3n1k/p2n1Qbp/2q3p1/4Bp2/8/4P1PP/P4P1K/8 b - - 6 31,d7e5 b8f8 g7f8 f7f8,1049,endgame mate mateIn2 short,18
DcvK5,r1b1kb1r/pp3ppp/1qN1p3/3n4/Q2P4/3B4/PP3PPP/RNB2RK1 b kq - 0 11,b6c6 d3b5 c8d7 b5c6,1051,crushing opening pin short,27
OT8TH,r2qr3/pp3pBk/4pnp1/8/8/2pP2P1/PPP1RPK1/2Q4R b - - 0 23,h7g7 c1h6 g7g8 h6h8,1051,mate mateIn2 middlegame short,22
toABd,r1b2rk1/1pppq1pp/pb3p2/4p3/4P3/2PP4/PP1BBPPP/R2Q1RK1 b - - 2 12,c7c6 d1b3 g8h8 b3b6,1051,crushing fork middlegame short,28
LEHds,4k3/p4pp1/1qp1p3/4PPP1/r7/3R1K2/2p5/7R b - - 6 36,b6b1 h1h8 e8e7 f5f6 g7f6 e5f6,1052,endgame long mate mateIn3 queenRookEndgame,15
PqOVX,2rk1Qr1/ppp1n3/2nb4/2N1p2p/3pP3/3P4/PPP4K/R1B2R2 b - - 1 27,g8f8 f1f8,1052,master mate mateIn1 middlegame oneMove,23
eYFPe,r2qr2k/3Q2pp/p7/1p1pN3/P1pn4/8/1P2BPPP/3RK2R b K - 0 21,d4e2 e5f7 h8g8 f7d8,1053,advantage fork middlegame short,22
fGnqn,r1bqkbnr/p4p1p/2pp2p1/4N3/3QP3/7P/PPP2PP1/RNB1K2R b KQkq - 0 8,d6e5 d4e5 d8e7 e5h8,1054,advantage fork opening short,27
ZWMhA,2r1r1k1/pb1N1p1p/1p4p1/2b4q/3p4/2PQ2P1/PPB2P1P/R3R1K1 b - - 2 27,h5d5 d7f6 g8g7 f6d5,1055,crushing fork middlegame short,24
fCxJd,2r1q1k1/p4p2/bp1rpBpQ/7p/4pP2/P5PP/6BK/1R6 b - - 3 41,e8f8 h6h8,1055,mate mateIn1 middlegame oneMove,21
gfgjw,8/1Q4kp/p5p1/1p3p2/b4PP1/4P2P/4K3/2qr4 b - - 1 44,g7h6 g4g5 h6h5 b7h7,1055,deflection endgame mate mateIn2 short,15
iIMFm,3r1nk1/pp3pp1/1bp4p/2P5/3B2B1/7P/P4PP1/3R2K1 b - - 0 25,b6c5 d4c5 d8d1 g4d1,1055,advantage endgame hangingPiece short,19
mYdnT,5k2/4bp2/3r3p/8/1P6/PB2Qp2/7r/5K2 b - - 1 33,d6e6 b3e6 h2h1 f1f2,1056,advantage endgame short,12
Kxq4N,4q1k1/1B3p1p/pQ2p1p1/1p4b1/1P3B2/1b4P1/3R1K1P/2r5 b - - 16 40,g5f4 d2d8 c1c2 f2f3 e8d8 b6d8,1058,advantage defensiveMove long middlegame pin,19
MRWT4,1k6/p7/4pP1R/2p2qP1/2p5/6P1/P5K1/8 b - - 3 33,f5g5 h6h8 b8b7 f6f7,1058,advancedPawn advantage endgame queenRookEndgame short,12
sNDNL,r1bq1rk1/pp6/7p/2pNPpp1/1b6/3BP3/PPQ1N1PP/2K4R b - - 0 16,d8d5 d3c4 c8e6 c4d5,1058,advantage middlegame pin short,24
8HLOU,r5k1/2qp1pp1/pp3n1p/8/P1PRr3/5Q2/1BP2PPP/5RK1 b - - 0 20,e4d4 f3a8 g8h7 b2d4,1059,crushing hangingPiece intermezzo middlegame short,22
93TaS,2kr1b1r/1pqn1ppp/p2p4/3Pp1Bb/2BN4/5P2/PPP1Q1PP/R4RK1 b - - 2 13,f7f6 d4e6 f6g5 e6c7,1059,advantage fork middlegame short,28
AVU2w,1r4k1/p4ppp/8/4q3/1PP1B2r/6Q1/7P/R5RK b - - 0 36,e5e4 g1g2 g7g6 g3b8,1059,advantage defensiveMove endgame short,16
pc90U,7k/2q1r1p1/p1r4p/P2ppQ1P/1P1P4/2P1R3/6P1/2R3K1 b - - 0 34,e5d4 f5f8 h8h7 e3e7 c7e7 f8e7,1059,crushing endgame long,19
PKzWw,8/2pk1p2/6p1/7p/2qPp3/2N4P/1P3PP1/1R4K1 b - - 0 26,c4d4 b1d1 d4d1 c3d1,1060,advantage endgame pin short,15
kQtk5,r1bq3r/pp1n1k1p/2p1pnp1/2b3B1/2B1p3/3P4/PPP1QPPP/RN2K2R b KQ - 2 10,e4d3 e2e6 f7f8 e6f7,1060,mate mateIn2 opening short,29
nfqOO,r4brk/3q4/p1pp1n2/5pB1/3P4/2N4Q/PPP2PPP/4R1K1 b - - 6 21,h8g7 h3h6 g7f7 h6f6,1061,mate mateIn2 middlegame short,22
zGPmz,8/b1p1N3/1p5p/1k2p3/8/3K4/5PPP/8 b - - 3 36,b5a4 e7c6 b6b5 c6a7,1061,crushing endgame short trappedPiece,11
ASyHU,8/1p5k/p1q3p1/P1Bp3p/5P2/1Q5P/5PK1/8 b - - 0 37,c6c5 b3b7 h7h6 b7a6,1062,crushing endgame master queenEndgame short,14
zvYsT,2rq2k1/pp1n1p2/4r3/3pBQ2/2pPn3/2P1P3/P5PP/R4RK1 b - - 5 24,d8g5 f5f7,1062,kingsideAttack mate mateIn1 middlegame oneMove,22
6RAip,1r3k2/7R/8/2p2rR1/2P1pP1P/1PKp4/8/8 b - - 7 45,f5f4 h7h8 f8e7 h8b8,1063,crushing endgame rookEndgame short skewer,13
7LR1u,8/1p3p2/1p3P2/r1p1Pr2/3p1PR1/P4K2/1P2R3/2k5 b - - 14 35,d4d3 g4g1,1063,endgame mate mateIn1 oneMove rookEndgame,16
0saGN,r3k1nr/pp2pp1p/3p2p1/q1p5/4PP1Q/1PPB3R/P5PP/n1B4K b kq - 0 14,a5c3 d3b5 e8f8 h3c3,1064,crushing discoveredAttack middlegame short,26
3v8MY,r7/p6k/np6/2pq4/2p2R2/3P4/PPP3RP/7K b - - 5 26,a8g8 f4h4 d5h5 h4h5,1064,endgame mate mateIn2 short,16
6W5YP,8/8/p5p1/P4P1p/6kP/1r4P1/R6K/8 b - - 0 45,g6f5 a2a4 g4f3 a4f4 f3e3 f4f5,1064,crushing endgame long rookEndgame,11
BmAJO,8/2p1p3/3pPp1k/p6R/P4Pp1/3Q4/8/1rq2NK1 b - - 0 37,h6h5 d3h7,1064,endgame mate mateIn1 oneMove,16
C1mLZ,4rrk1/1bq2pp1/p1n2b1p/5Q2/1p2N3/1N1B4/PPP3PP/R4RK1 b - - 0 21,e8e5 e4f6 g7f6 f5h7,1064,kingsideAttack mate mateIn2 middlegame short,24
CdtBU,8/ppk3Q1/2p1q1p1/P2p4/8/4r3/1PP5/1K4R1 b - - 6 36,c7d6 g1g6 e3e1 b1a2 e6g6 g7g6,1064,advantage endgame long pin,14
UGQIg,8/2k3p1/1P3pp1/p1P1p3/N2pb3/1r6/1P3P2/K1R5 b - - 0 36,c7b7 c5c6 e4c6 a4c5 b7b6 c5b3,1064,advantage endgame exposedKing fork long,16
XoLD8,r2qkbnr/2pp2pp/p1b5/1p2p2Q/4P3/2NP4/PPP2PPP/R1B1K2R b KQkq - 1 9,g7g6 h5e5 d8e7 e5h8,1065,advantage fork middlegame short,28
sEzac,r4r2/4R1pp/n1pk4/p2p2n1/p2P3P/P1P2P2/2P3P1/4R1K1 b - - 0 23,g5f7 e1e6,1065,blindSwineMate endgame mate mateIn1 oneMove,21
slPiK,r5r1/2qnbpkQ/p2p1np1/2p1p1N1/1pP1P3/3PB3/PP2N1PP/R4RK1 b - - 1 18,f6h7 f1f7 g7h8 f7h7,1065,fork mate mateIn2 middlegame short,28
x2GHp,1rb2rk1/3q1pp1/4P2p/p1p3Nn/1p1pB3/3P3P/PPP2R2/R5K1 b - - 0 25,f7e6 e4h7 g8h8 f2f8,1065,deflection kingsideAttack mate mateIn2 middlegame short,24
MmJQ1,2r2rk1/pp2Rppp/2p5/8/P1B5/2B3P1/6PP/5nK1 b - - 1 24,c8e8 c4f7 f8f7 e7e8,1066,advantage deflection endgame fork master short,18
YW6Lw,6r1/pp6/2pp3n/4pP2/4P2p/3P1K1k/PPP4p/5N1R b - - 3 33,g8g1 h1h2,1066,endgame mate mateIn1 oneMove,19
bLpqS,2kr3r/pppq1pb1/2n1b1p1/1B1p2Pp/3P1B2/P4P2/1PPQ3P/2K1R1NR b - - 0 14,g7d4 b5c6 d4b2 c1b2,1067,advantage middlegame short,28
rs47U,r1bqk2r/1p1pb1pp/8/1ppQ2N1/2n5/8/PPP2PPP/RN2R1K1 b kq - 0 13,a8a6 d5f7,1067,mate mateIn1 oneMove opening pin,25
u2uLh,r4r1k/1bp2q1p/pp3N1Q/3ppP2/4P3/3P3R/PP4PP/n5K1 b - - 0 23,f7g7 h6h7 g7h7 h3h7,1067,arabianMate kingsideAttack mate mateIn2 middlegame short,23
IOskD,8/8/2k2p2/3p1pp1/2PP1P2/2K3P1/8/8 b - - 0 43,g5f4 g3f4 d5c4 c3c4,1068,crushing endgame pawnEndgame short,10
OmOo0,8/7p/4Qpp1/8/3p2Pk/5P2/4P1KP/4q3 b - - 3 43,d4d3 e6f6 g6g5 f6h6,1068,endgame master mate mateIn2 queenEndgame short,12
xvP7U,6k1/8/p7/1p4B1/2p1b1p1/P1P1K3/8/8 b - - 1 46,g4g3 e3e4 g3g2 g5e3,1068,bishopEndgame crushing defensiveMove endgame hangingPiece master short,10
8aWBX,5r1k/4b1p1/6Pp/p3p2P/1pBpPr2/1P3P1R/P1P5/1K3R2 b - - 4 40,f4e4 f3e4 f8f1 c4f1,1070,crushing endgame hangingPiece short,21
NuAR7,2r3k1/1b4pp/p3p3/1p1n1pq1/3P4/P2Q1N2/1P3PPP/1B2R1K1 b - - 1 20,d5f4 f3g5 f4d3 b1d3,1070,crushing middlegame short,22
TrYGo,r1Q1k2r/3q1p2/8/p2pP1Q1/1p5B/8/5PP1/2R3K1 b kq - 0 34,a8c8 c1c8 d7c8 g5e7,1070,endgame mate mateIn2 short,16
Yx2JA,5R2/8/p1p3p1/Pp4k1/2nrp2N/6PP/8/6K1 b - - 1 39,e4e3 h4f3 g5h6 f3d4,1070,advantage endgame fork short,14
Ohekf,rn1qkb1r/1pp1pppp/p4n2/4N3/2B3b1/2N5/PPPP1PPP/R1BQK2R b KQkq - 0 6,g4d1 c4f7,1071,attackingF2F7 mate mateIn1 oneMove opening,30
qr7Qd,r1b1R1k1/ppp3p1/2nq2Np/3p2rQ/3P4/8/PP3PPP/R5K1 b - - 1 17,g8h7 e8h8,1071,mate mateIn1 middlegame oneMove,23
DqivM,1k1r3r/ppp3pp/2nbq3/4Np2/R2p1P2/1P1P4/1PP1Q1PP/2B1R1K1 b - - 5 17,h8e8 e5c6 b7c6 e2e6 e8e6 e1e6,1072,crushing discoveredAttack long middlegame queensideAttack,26
Opvf5,1rb2k2/p4p2/2pb1N1p/3p1P2/8/2PB1K2/PP4P1/1R6 b - - 3 26,f8g7 f6e8 g7f8 e8d6,1072,crushing endgame fork master short,18
k07lL,r3q3/1bp1Nkr1/4ppNp/bP1P2p1/P3n3/1Q2P1B1/5PPP/R2R2K1 b - - 0 28,e4g3 d5e6,1072,mate mateIn1 middlegame oneMove,26
kCpKx,2kr1b1r/ppp1q1pp/5n2/3pn1B1/3p4/3B3P/PPP3P1/RN2RQK1 b - - 5 13,e7e6 d3f5 e6f5 f1f5,1073,advantage opening pin short,26
DlDTb,r3k2r/pp1qbppp/2n1pn2/1B6/4N3/P7/1B3PPP/1R1QR1K1 b kq - 1 16,e8g8 e4f6 e7f6 d1d7,1074,crushing kingsideAttack middlegame short,24
MEzjp,8/2Rq2k1/p2Prpp1/P6p/8/4p2P/5PP1/3R2K1 b - - 1 30,e3f2 g1f2 d7c7 d6c7 e6c6 d1d7,1074,advancedPawn crushing endgame long pin queenRookEndgame,16
OVcKT,r6r/ppp1kRpp/3p4/3np3/4N3/3N4/PPK3PP/5R2 b - - 1 23,e7e6 e4g5,1074,mate mateIn1 middlegame oneMove,20
cm3cU,r4rk1/pR3pp1/7p/8/3P2P1/5Q1P/2q2P2/3R2K1 b - - 0 27,f8b8 f3f7 g8h8 f7g7,1074,endgame mate mateIn2 short,16
gJsfX,2k5/pp5r/2p1b3/2P2pp1/1P2p1p1/P6r/1B1R2N1/3R2K1 b - - 0 30,g4g3 d2d8 c8c7 b2e5,1074,mate mateIn2 middlegame queensideAttack short,19
qYhDB,rnb1k2r/ppp2pp1/3bpq2/3p4/3P4/4PNP1/PPPN2BP/R2QK2R b KQkq - 2 9,d6g3 h2g3 h8h1 g2h1,1074,crushing hangingPiece opening short,28
AaNnP,6R1/ppq2p1k/2p1b2p/4p2P/4P2r/2P2Q1B/PP3P2/R6K b - - 0 28,h7g8 f3g3 g8f8 g3h4,1075,crushing endgame fork short,21
tOtA8,r1b2k1r/1pqpb1p1/p1n1p1Qp/7B/8/2P5/P1P2PPP/R1B2RK1 b - - 3 15,c6e5 g6e8,1075,mate mateIn1 oneMove opening,25
sMJ0q,8/1p2RRk1/2b3p1/P1r4p/8/5PK1/6P1/7r b - - 0 41,g7h6 f7h7 h6g5 f3f4 g5f6 h7f7,1076,blindSwineMate endgame long mate mateIn3,13
4zPhk,2kr2nr/ppp2p2/5b2/3PP2p/1q6/2N1BQ2/PPP5/R4R1K b - - 0 19,f6e5 f3f5 d8d7 f5e5,1077,crushing fork middlegame short,22
XnQl3,r2Qnk2/pb3ppp/2p5/2B1q3/2P5/8/PP3PPP/R3R1K1 b - - 5 19,e5c5 e1e8,1077,mate mateIn1 middlegame oneMove,21
iXOCA,4r2k/4N1p1/p5P1/3p4/3Pn3/1r6/K7/5R2 b - - 12 43,b3g3 f1h1 g3h3 h1h3,1077,endgame mate mateIn2 short,12
lc7Zh,r3k2r/1p3ppp/p3pn2/3pNb2/1b1P4/2N1P3/PP1B1PPP/R3K2R b KQkq - 4 13,f6e4 c3e4 f5e4 d2b4,1077,advantage discoveredAttack middlegame short,26
4gUyU,8/8/8/P7/8/R3pk2/7r/3K4 b - - 4 58,f3f2 a3a2 e3e2 a2e2,1079,crushing endgame rookEndgame short,6
QrImL,4Q2k/2q3p1/3b2Pp/7P/1p1p1r2/pPrP4/K1P2R2/2R5 b - - 2 40,d6f8 e8f8 f4f8 f2f8,1079,mate mateIn2 middlegame short xRayAttack,19
Reoff,R2k1b1r/2r2ppp/3p4/1B1N1P2/5Pn1/1P3n2/1PP2B1P/7K b - - 5 30,c7c8 f2b6,1079,mate mateIn1 middlegame oneMove pin,21
r7REG,2r5/3b1pk1/p3p3/1p1p3p/3P4/PB3Pnq/1PPQ4/1K4R1 b - - 3 31,f7f5 d2g5 g7f7 g1g3 h3g3 g5g3,1079,advantage long middlegame,20
RwH3b,5r2/6k1/3p2R1/2p2P2/p1P5/q7/1p3K2/1R6 b - - 0 41,g7h8 b1h1 a3h3 h1h3,1080,endgame mate mateIn2 queenRookEndgame short,12
IFKHw,rn3rk1/pp3ppp/2p5/4q3/6b1/PQPP2P1/4NR1P/R1B1K3 b Q - 2 18,f8e8 b3f7 g8h8 f7f8 e8f8 f2f8,1081,backRankMate long mate mateIn3 middlegame sacrifice,23
YtM1w,8/2k5/2P4p/5Kp1/5p2/6P1/7P/8 b - - 1 40,f4g3 h2g3 c7c6 f5g6 g5g4 g6h6,1081,crushing endgame long pawnEndgame,8
o414U,5Q2/1pkr2r1/8/5p2/1P2p3/Pq5P/4KPP1/2R5 b - - 0 34,c7b6 f8c5 b6a6 c5a5,1081,endgame mate mateIn2 short,15
5Z0jl,1n4q1/8/2p5/2Pp1B2/6Pk/6Q1/3B1bKP/8 b - - 1 46,f2g3 h2g3,1082,endgame master mate mateIn1 oneMove,13
DhK6r,1k4r1/1p3p2/2p1p1bp/2N1b3/2P5/2P2pN1/PP3PPP/3R2K1 b - - 1 25,f3g2 c5d7 b8c7 d7e5,1082,advantage endgame fork short,21
QZjnY,1r4k1/3Q1pp1/2R2q1p/8/1p6/1r2P1P1/5P1P/5RK1 b - - 1 33,f6f3 c6c8 b8c8 d7c8 g8h7 c8c2 f7f5 c2b3,1082,crushing endgame fork master veryLong,16
p8Gvn,r6k/bp1qr1p1/p1np3p/5p2/1P1N3Q/P3P2P/1B4P1/R3KB1R b KQ - 0 22,c6d4 b2d4 a7d4 h4d4,1082,advantage middlegame short,24
LbyjL,5Rk1/2r2ppp/1pB1p2n/4P3/1P6/7P/P5P1/3R2K1 b - - 0 31,g8f8 d1d8 f8e7 d8e8,1083,endgame mate mateIn2 operaMate short,17
Xrn0j,3rk3/5p1Q/1r1p1p2/p1qB1N2/Pp2P3/8/2P3PP/5K2 b - - 2 30,d8d7 h7g8,1083,endgame mate mateIn1 oneMove,18
sycxJ,7r/p4kR1/1pp1p3/5p1r/3P4/P1P5/1P4R1/2K5 b - - 1 43,f7f6 g2g6,1083,blindSwineMate endgame master mate mateIn1 oneMove rookEndgame,15
U0XDn,r1r2k1Q/ppb2pp1/4p1n1/3pP1B1/3P4/5BP1/2q2PK1/3R3R b - - 9 30,g6h8 h1h8,1085,master mate mateIn1 middlegame oneMove pillsburysMate,22
kEeWk,8/1b2n1k1/p2p4/1p1Pp3/8/P1N1p3/1P6/5KR1 b - - 1 33,g7f6 c3e4 f6f7 e4d6,1085,advantage endgame master short,14
1Y4oD,r1bqk2r/p4ppp/2p1p3/2bP4/1p6/1B1Q4/PP3PPP/R3K1NR b KQkq - 0 13,c6d5 d3b5 c8d7 b5c5,1086,advantage fork middlegame short,25
ZhKlq,2r2rk1/pp1b1ppN/2nqpn2/3p4/3P4/PP2P1P1/2QNBPP1/2R1K2R b K - 0 17,c6d4 h7f6 g7f6 c2h7,1086,clearance kingsideAttack mate mateIn2 middlegame short,27
ag88c,rn2k2r/pQpq1ppp/4p3/4P1B1/2pP4/2n2N2/P4PPP/R3K2R b KQkq - 0 13,d7c6 b7c8,1086,mate mateIn1 middlegame oneMove,25
VULV4,2r3k1/1p4pp/p7/3p4/2qNn3/2P2Q2/PP4PP/2K2R2 b - - 2 21,c4d4 f3f7 g8h8 f7f8 c8f8 f1f8,1088,backRankMate endgame long mate mateIn3 sacrifice,18
Sm956,5r2/p5p1/2pk2r1/1p2n3/5P2/2P4P/P3K1BB/4R3 b - - 3 38,e5c4 f4f5 d6d7 f5g6,1089,advantage discoveredAttack discoveredCheck endgame short,16
YgSqm,8/1p1k1p2/3p4/p3p3/6Q1/6R1/5qPK/2r5 b - - 3 40,d7e7 g4g5 e7d7 g5c1,1089,advantage endgame fork master masterVsMaster short,12
lYfcg,r5k1/2R4p/6pQ/3r4/8/2K2P2/1PP3P1/3q4 b - - 1 31,d1d2 h6d2 d5d2 c3d2,1089,advantage endgame master short,13
uD0i9,2r1k2r/p1q2ppp/3bpn2/4n3/4P3/2N5/1P1QNPPP/R1BR2K1 b k - 4 18,c8d8 c3b5 e8g8 b5c7,1089,crushing middlegame short,24
43t4g,1r1r2k1/1p3pp1/p7/Q2pq3/3Rp2p/4P2P/PP3PP1/3R2K1 b - - 0 21,g7g5 d4d5 e5d5 d1d5 d8d5 a5d5,1090,crushing endgame long,21
HyCKB,3r2k1/6pp/3Pp3/1p1qP3/2p2QPP/8/8/5RK1 b - - 4 32,c4c3 f4f7 g8h8 f7f8 d8f8 f1f8,1090,backRankMate endgame long mate mateIn3 sacrifice,15
2gbLe,8/1kp1n3/p2p4/1N1P2rp/4P2q/1Q5b/PPP2RBP/7K b - - 0 28,h4f2 b5d6 b7a8 b3b7,1091,discoveredCheck doubleCheck mate mateIn2 middlegame short,20
kG3Cl,5rk1/5ppp/p1r2q2/1p4P1/5B2/Q1P4P/P4P2/3RR1K1 b - - 0 22,f6f4 a3f8 g8f8 d1d8,1091,attraction endgame mate mateIn2 sacrifice short,19
mU2t3,r5k1/5N1p/2b1R1p1/3p4/6q1/8/p5B1/R5K1 b - - 0 42,d5d4 f7h6 g8g7 h6g4,1091,advantage fork middlegame short,13
z0JJS,5r1k/r5pp/7b/p3pR2/4q1BQ/8/6PP/5R1K b - - 0 34,f8f5 h4d8 f5f8 f1f8,1091,backRankMate mate mateIn2 middlegame short,16
ANgg5,8/5ppp/1k2p3/1P6/pR4PP/r4P2/6K1/8 b - - 0 33,b6c5 b5b6 c5b4 b6b7 b4c4 b7b8q,1092,advancedPawn advantage endgame long promotion rookEndgame sacrifice,13
Qlkpj,r1bk1r2/pppp2Qp/3b4/4p3/2B4q/3P3P/PPP1n1KP/RNB2R2 b - - 2 13,e2c1 f1f8 d6f8 g7f8,1092,mate mateIn2 middlegame short,26
Fe8MW,r1b1k1r1/ppp2p1Q/3p4/3Np1q1/4P1n1/1P1P2P1/1PP3PP/R3K2R b KQq - 6 17,g4f6 d5f6 g5f6 h7g8,1093,advantage middlegame short,25
QdkoF,1r1r2k1/2q2ppp/p1b1p3/8/1PR1n3/P3P3/2Q1BPPP/5RK1 b - - 4 25,e4d2 c4c6 c7c6 c2c6,1093,advantage middlegame short,22
ndKdK,r1r3k1/1p1R1ppp/8/5P2/4P3/1Q5P/1K1Rq3/8 b - - 8 33,e2e4 b3f7 g8h8 f7g7,1093,endgame mate mateIn2 short,15
CTjhJ,1r2r3/5Nk1/q1n3p1/1pp1P3/3pP2Q/2PP4/1P4PP/5RK1 b - - 0 29,c6e5 h4h6 g7g8 h6h8,1094,mate mateIn2 middlegame short,20
CGKDA,6r1/1R3p2/1p2pk2/p1b1Np2/2P2P1p/1P3K2/P4P1P/8 b - - 5 32,c5d4 b7f7,1095,endgame hookMate mate mateIn1 oneMove,18
lUYCS,1r3k2/2p1Rp2/2pr2p1/p5p1/P2P1p2/2P2P1P/1P2RKP1/8 b - - 4 31,b8b2 e7e8 f8g7 e2b2,1095,crushing endgame intermezzo rookEndgame short,20
6V6hP,8/p4q1k/1p1rRp2/2b2P1p/5P2/8/P3Q1PP/5K2 b - - 1 38,f7d7 e6e7 d7e7 e2e7,1096,advantage endgame fork master short,16
LVzno,r5r1/p4ppk/2pp1b2/2p5/4PN2/3PBPQ1/P1PR2KP/2q5 b - - 5 22,g7g5 g3h3 h7g7 f4h5 g7f8 h5f6,1096,crushing deflection exposedKing long middlegame,22
PyjTm,8/4k3/4P3/p2K4/p7/P7/8/8 b - - 8 59,e7d8 d5d6 d8e8 e6e7 e8f7 d6d7,1096,advancedPawn crushing defensiveMove endgame long pawnEndgame zugzwang,6
Z4h1m,r2q2rk/7p/5p2/1p1p3P/p2PbQ2/2P3P1/1P1R1P2/R5K1 b - - 2 28,d8e8 f4f6 g8g7 h5h6,1096,advantage kingsideAttack middlegame short,20
mULeY,5B2/5p1p/2pp2k1/1p5N/2n1K1PP/8/p7/8 b - - 1 47,a2a1q h5f4 g6f6 g4g5,1096,endgame mate mateIn2 short,13
8Toy9,8/p4pk1/5Qp1/4P2p/3b4/1q1N2P1/5PK1/8 b - - 1 35,g7g8 f6d8 g8g7 d8d4,1097,advantage endgame fork short,13
LnQxk,6q1/2p1n3/3pNQ1k/7p/4P3/2P4K/8/8 b - - 9 43,e7g6 f6g5 h6h7 g5h5,1097,deflection endgame mate mateIn2 short,11
NSt4z,5k1r/2q2pp1/2r4p/8/Q7/4b2P/PP2RPP1/R6K b - - 0 23,c6c1 a1c1 c7c1 h1h2,1097,advantage defensiveMove middlegame short,17
mpktu,8/p1Q5/8/1p1pk3/2p1p1q1/2P1P3/PP5K/8 b - - 7 43,e5e6 c7c8 e6f6 c8g4,1097,crushing endgame queenEndgame short skewer,13
CnH64,3r3k/p5pp/2n1q1b1/2P1B3/5Q2/P4P2/2P1K2P/3R4 b - - 8 30,d8d1 f4f8 e6g8 e5g7,1098,endgame mate mateIn2 short,17
Uz4uo,r1b5/pp3kp1/1b1q3p/n1p4Q/3P4/2PB3P/P4PP1/R5K1 b - - 1 23,f7g8 h5e8 d6f8 d3h7 g8h7 e8f8,1098,advantage deflection kingsideAttack long middlegame,21
a1m2v,r1b3k1/1pq2pp1/p3p2p/2P1P3/4B3/6P1/P6P/3Q3K b - - 0 32,c7c5 d1d8 c5f8 e4h7 g8h7 d8f8,1098,advantage deflection endgame long,18
trCxp,4r1k1/pp3p2/2p1r1pQ/3p1qP1/4nB2/P1P2R1P/2P5/5RK1 b - - 8 29,e4d2 f4d2 f5f3 f1f3,1098,crushing hangingPiece middlegame short,21
uehqo,7r/p6p/3p2pk/3Q4/5Pn1/qB6/Pr4PP/R4RK1 b - - 2 25,g4e3 d5g5 h6g7 g5e7,1098,crushing middlegame short,18
GqbQN,r2r3k/6p1/5p1p/p1q5/Pn1pRQ2/1P1B3P/5PPK/3R4 b - - 2 41,c5d6 e4e8 d8e8 f4d6,1099,crushing deflection middlegame short,20
bWdE1,8/5Kp1/5p2/4p3/3k2PN/4nP1P/8/8 b - - 2 46,g7g5 h4f5 e3f5 g4f5 d4e3 f7f6,1099,crushing endgame knightEndgame long,10
wOki0,rn1qk2r/p1ppb1Pp/1p2pn2/5p2/2P5/2N1P3/PP1PBPb1/R1BQK1NR b KQkq - 0 8,h8g8 e2h5 f6h5 d1h5,1099,mate mateIn2 opening short,30
JbelB,8/1q5p/6pk/2p2p1n/p1Pp1PP1/3P1N1P/P3Q2K/8 b - - 0 45,h5f4 g4g5 h6g7 e2e5,1100,advantage endgame short,18
N8h14,rnb2rk1/pp2n2p/4p1p1/2qpQ3/6N1/2NB4/PPP2PPP/R4RK1 b - - 3 16,b8c6 g4h6,1100,mate mateIn1 middlegame oneMove,26
Sgc6t,3r4/2pr1pk1/ppn2n2/2p1pPBp/8/2P2P1P/PPBNK1P1/3R4 b - - 0 22,c6e7 g5f6 g7f6 d2e4,1100,advantage attraction middlegame short,24
isXKK,2r1r2k/p5pp/1p1Q1p2/3qP3/3P2n1/P5N1/1P4PP/2R1R1K1 b - - 1 26,d5d6 e5d6 c8c1 e1c1,1101,advantage middlegame short,21
mi9Cf,r4rk1/p5b1/1p3qP1/2pQ4/8/3PpN2/PPP4P/n4RK1 b - - 2 24,g8h8 d5h5 g7h6 h5h6 h8g8 h6h7,1101,exposedKing kingsideAttack long mate mateIn3 middlegame,20
SbV0T,r2qkbnr/ppp1pppp/3p4/4N3/2BnP1b1/2N5/PPPP1PPP/R1BQK2R b KQkq - 7 5,g4d1 c4f7,1102,attackingF2F7 mate mateIn1 oneMove opening,32
fsnrY,r4r1k/4b3/p3p1Q1/1p6/5P2/P1R5/1P3PKP/3q4 b - - 0 25,f8g8 c3h3 e7h4 h3h4 d1h5 h4h5,1102,endgame exposedKing long mate mateIn3,16
mNJd2,2kr2nr/ppp1qppp/2nb4/3N4/4P3/5b2/PPP1BPPP/R1BQ1RK1 b - - 1 9,f3e2 d5e7 g8e7 d1e2,1102,advantage intermezzo opening short,28
w7NBf,2n2r2/p1R2Nbp/2p1k1p1/1p2p3/1Pp1P3/2P1r3/PB4PP/5R1K b - - 1 28,c8d6 f7g5,1102,mate mateIn1 middlegame oneMove,23
zJFFZ,5qk1/1p3p2/p1b3r1/8/4PQ2/P2P3R/1P4P1/6K1 b - - 6 38,f8g7 f4b8 g7f8 h3h8 g8h8 b8f8,1102,attraction crushing deflection endgame long,15
OcWY5,r2q1rk1/1b1nb2p/2p1pnBP/1p1p4/p2P1B2/2P1P3/PPQN1PP1/R3K2R b KQ - 0 14,h7g6 c2g6 g8h8 g6g7,1103,kingsideAttack mate mateIn2 middlegame short,29
Mp4uY,r3qr2/2pp2kp/p3pNp1/1p2Pn2/3n4/5P2/PPP2P2/R1Q1KB1R b KQ - 1 16,e8f7 h1h7,1104,hookMate mate mateIn1 middlegame oneMove,25
YQA5l,8/1K1k2p1/P3p2p/1P6/1n3p2/8/8/8 b - - 2 50,b4d5 a6a7 d5c7 b5b6 c7a8 b7a8,1104,advancedPawn crushing endgame knightEndgame long,9
nBW03,1r4k1/2q1Rpp1/2p4p/p1Q5/P1P5/6P1/5P1P/6K1 b - - 2 26,c7b6 e7e8 b8e8 c5b6,1104,crushing deflection endgame short,16
aF5Pi,4r2k/ppp4p/6pP/5pQ1/8/KPR5/b5P1/1q6 b - - 6 36,b1a1 g5f6 h8g8 f6g7,1105,endgame mate mateIn2 short,16
aFPnK,4r1k1/1P1Q1ppp/8/8/6P1/3p4/5PK1/1q6 b - - 2 36,e8b8 d7c8 b8c8 b7c8q,1105,advancedPawn backRankMate endgame mate mateIn2 promotion short,12
dI8EC,r3rk2/1b3p1p/1q2N1p1/pQbpPp2/2p2P2/2P1B3/PP4PP/R3R2K b - - 5 22,e8e6 e3c5 b6c5 b5c5,1105,crushing fork middlegame short,26
jAKoO,6k1/2p3pp/8/2q5/PR1p2r1/1K1P4/1Q4P1/8 b - - 6 33,g4g3 b4b8 g8f7 b2f2 f7e6 f2g3,1105,crushing endgame fork long,13
wiMzw,r1b1k1nr/3p1ppp/p4q2/3Qp3/4PB2/6P1/PPP1BK1P/R6R b kq - 0 12,a8b8 d5e5 f6e5 f4e5,1105,crushing fork middlegame short,24
zoqjA,r2qrn1k/1b3Q1B/ppp5/3pN3/3P1P2/2N1P1bP/PP4P1/R5K1 b - - 0 21,e8e5 f7g8,1106,mate mateIn1 middlegame oneMove,24
HcQf6,3r4/pp1nrRk1/4p1Pp/2bpP1q1/8/2P2Q1R/PPB3P1/7K b - - 8 30,e7f7 f3f7 g7h8 f7h7,1107,mate mateIn2 middlegame short,22
hjmOX,8/1p3qk1/1bpp2pr/1Pn2PR1/2PB4/4P3/2Q3P1/4K3 b - - 0 27,g7h7 f5g6 f7g6 g5g6,1107,crushing fork middlegame short,18
55P5N,1R6/5p2/4p3/1k1pP3/p2P4/2P2rp1/2K5/8 b - - 3 56,b5c4 b8b4,1108,endgame master masterVsMaster mate mateIn1 oneMove rookEndgame,12
BrSGT,r1bqr1k1/1p3p2/p1pbpn1Q/6N1/2PP4/3B4/PP3PPP/R4RK1 b - - 2 15,d6f8 d3h7 f6h7 h6h7,1108,kingsideAttack mate mateIn2 middlegame short,25
avzzJ,r5k1/pp3ppp/1q6/3pQ3/3P4/P6P/1P3PP1/4R1K1 b - - 2 22,g8f8 e5e7 f8g8 e7e8 a8e8 e1e8,1108,backRankMate endgame long mate mateIn3 sacrifice,18
DDg5T,1rbq1r1k/ppb3pn/7p/4N3/3p1nP1/1Q1P2NP/PP1B1PB1/4RRK1 b - - 0 23,f4g2 e5g6,1109,mate mateIn1 middlegame oneMove,27
MQiPF,6k1/p1pp1ppp/1p6/2bN4/5P2/P7/1PPBr1PP/4R2K b - - 3 22,e2d2 e1e8 c5f8 d5e7 g8h8 e8f8,1109,backRankMate deflection endgame long mate mateIn3,20
2pWYz,r7/ppN3pp/5k2/2P5/P1B5/4r1B1/6PP/6K1 b - - 4 28,e3c3 c7d5 f6e6 d5c3,1110,crushing discoveredAttack discoveredCheck endgame fork master short,15
mUmmw,2k5/1p4pp/1p6/8/6R1/7P/1Pr2rP1/3R2K1 b - - 2 35,c2b2 g4c4 c8b8 d1d8 b8a7 c4a4,1110,endgame long mate mateIn3 rookEndgame,13
ZUeie,r4rk1/1pq1bppp/3p1n2/3P4/3R1B2/pP1B1Q1P/P1P3P1/2K4R b - - 2 18,c7c3 d3h7 f6h7 f3c3,1111,advantage discoveredAttack middlegame short,24
ewH2J,r1b2r2/p1p2p1k/1p1p1R1p/2b3p1/8/P2Q2P1/1P4PP/7K b - - 3 27,h7h8 f6h6 h8g7 d3h7,1111,endgame kingsideAttack mate mateIn2 short,20
oYah9,2b2r2/p4Q1k/2pN2pp/4R3/2P5/6qP/Pr4B1/5R1K b - - 0 28,f8f7 f1f7 h7g8 e5e8,1111,mate mateIn2 middlegame short,18
ORS1K,r1bq1rk1/5pp1/2p1pN2/p3P1b1/5n2/3Q4/PPP3P1/1K1R1B1R b - - 3 17,g5f6 d3h7,1112,mate mateIn1 middlegame oneMove,23
GGca2,6rr/1p2k1q1/1PppPn2/p7/P3P1P1/1Q5p/7N/R4RK1 b - - 0 26,f6g4 f1f7 g7f7 e6f7,1113,advancedPawn advantage fork master middlegame short,20
NBfEH,8/4k1p1/p3bp2/2rp2p1/8/2N2P1P/PP1RK1P1/8 b - - 0 32,e7d6 c3e4 d6c6 e4c5,1113,crushing endgame pin short,16
SQHLT,8/B1p3R1/1p5p/3nrn1k/P6R/6PP/7K/8 b - - 2 32,f5h4 g3g4,1113,endgame mate mateIn1 oneMove,14
JdNlE,7k/pp2rq1N/3p3Q/4n3/8/7P/5PP1/5RK1 b - - 0 30,f7h7 h6f8 h7g8 f8e7,1114,crushing deflection endgame short,14
ihu7B,3R2k1/1p5p/4p1p1/2b1N1PP/4KP2/1r6/2r5/7R b - - 1 32,g8g7 h5h6,1114,endgame mate mateIn1 oneMove,15
kgarD,3qkR1r/1p2n1p1/p1rQ4/3pP2p/8/6P1/PPP4P/5RK1 b - - 0 23,h8f8 f1f8 e8f8 d6d8,1114,advantage attraction endgame master short,20
q7YOU,r1b1kb1r/pp1q1ppp/4pn2/2p5/2B5/2N5/PPPP1PPP/R1BQ1RK1 b kq - 1 8,f8d6 c4b5 e8g8 b5d7,1115,crushing opening pin short,28
xs8a6,2krr3/B1p2Qp1/2pb4/7p/4qn2/7P/PP4P1/3R1BK1 b - - 0 24,e4g6 f1a6,1115,mate mateIn1 middlegame oneMove,19
3fcip,8/6R1/5p2/2Bbpk1p/8/4K1P1/7r/8 b - - 3 45,h5h4 g3g4 f5e6 g7e7,1116,endgame mate mateIn2 operaMate short,10
kU6Gt,6k1/5p1p/p4Bp1/1pbK4/r4P2/6P1/7P/2R5 b - - 5 34,a4c4 c1c4 b5c4 d5c5,1116,advantage endgame short,14
pc5QU,r1b3k1/p2ppp1p/2p3pQ/8/1qB1P3/1Pb5/P1PN2PP/5RK1 b - - 7 16,c3d2 c4f7 g8h8 h6f8,1116,kingsideAttack mate mateIn2 middlegame short,23
9X6Xk,5rk1/4Q1pp/4p3/5p2/3Pq3/4P3/r4P1P/2R2RK1 b - - 5 30,f8f7 c1c8 f7f8 c8f8,1117,endgame mate mateIn2 short,16
3gGHN,6k1/p2r1ppp/1p4q1/8/3N4/1P1nPQ2/P5P1/5RK1 b - - 1 30,d3e5 f3a8 d7d8 a8d8,1118,endgame mate mateIn2 short,17
5OGDy,r2q3r/ppp2Q1p/3k1p1p/4pB2/1b1pP3/3P3P/PPP2PP1/R2K3R b - - 2 16,d8e7 f7d5,1118,mate mateIn1 middlegame oneMove swallowstailMate,26
iA8xx,r5k1/pp2Rr1p/n1p3bB/8/2Q5/1P3qP1/P6P/4R1K1 b - - 7 27,f3h5 e7e8 a8e8 e1e8,1118,mate mateIn2 middlegame pillsburysMate short,19
P5p9y,4r1k1/p3qp2/3p2p1/2pPrn1p/4NQ1P/2PP1R2/P7/1R4K1 b - - 1 28,f5h4 e4f6 e7f6 f4f6 h4f3 f6f3,1120,advantage fork long middlegame,21
DULaF,8/p1r1k2p/B4pp1/1p6/1pnRP3/8/P4P1P/5K2 b - - 3 33,c7d7 d4d7 e7d7 a6b5 d7d6 b5c4,1121,advantage attraction endgame fork long,16
MI985,5rQk/6p1/p3nN1N/2pbq3/3p3P/1P6/P1P3P1/5R1K b - - 4 33,f8g8 h6f7,1123,mate mateIn1 middlegame oneMove,19
3Urs5,1k1r3r/Rpp2ppp/5n2/4p3/2P5/1PP1BP2/5P1P/5RK1 b - - 2 18,d8d3 f1a1 b8c8 a7a8 c8d7 a8h8,1124,crushing endgame long quietMove skewer,20
HO5Dr,6k1/5Qbp/3p4/2pPp3/2P5/6P1/1q4BP/2q2RK1 b - - 0 37,g8h8 f7e8 g7f8 e8f8,1124,endgame mate mateIn2 short,16
dPeXP,r5r1/3kqp2/3pp3/2p5/1p2Q2b/4Nn2/PPPBNP2/R2K4 b - - 2 24,f3e5 e4b7 d7e8 b7a8,1124,advantage interference middlegame short,21
vIB6S,r5nr/2pk4/pp1p2pp/3P1pB1/1R2q3/2P5/P4PPP/R2Q2K1 b - - 1 23,e4e8 d1a4 b6b5 b4b5,1126,crushing middlegame short,23
whmDo,3r2k1/p3qppp/3Rp3/2p5/4Q3/1Pn2N2/P4PPP/3R2K1 b - - 0 25,d8d6 e4a8 e7f8 a8f8 g8f8 d1d6,1126,advantage endgame long,20
BVbWF,r2k1b1r/pp2nQpp/4p3/1q1pP3/3P4/8/R2B1PPP/R5K1 b - - 0 21,b5b6 d2a5 b6a5 a2a5,1127,crushing middlegame pin short,22
6fk8N,8/2Q1kp2/6p1/1p2P3/4qP2/p6K/6PP/8 b - - 3 45,e7e6 c7d6 e6f5 d6f6,1128,endgame mate mateIn2 queenEndgame short,12
r5RVw,r6r/p2k1ppp/3q4/3p4/Q2p4/8/PP1N1PPP/4R1K1 b - - 5 18,d6c6 e1e7 d7e7 a4c6,1128,crushing deflection endgame short,19
EkaXw,1k1n1b1r/1p3ppp/p4n2/QN2p2q/4P3/4Bb2/PP2pPPP/4K2R b K - 1 17,d8c6 a5c7 b8a8 c7c8 c6b8 b5c7,1129,long mate mateIn3 middlegame queensideAttack,25
uAduA,2k3nr/6pp/4pp2/pN6/4P3/P7/2KB3P/6N1 b - - 0 32,a5a4 b5d6 c8d7 d6f7 g8e7 f7h8,1129,advantage endgame long trappedPiece,15
XR7R3,4r1k1/pb3Qp1/1p5p/6q1/4p3/P1P4P/2Br2P1/2R2RK1 b - - 1 28,g8h8 f7e8 h8h7 c2e4 b7e4 e8e4,1130,crushing hangingPiece long middlegame,19
MIoB0,6k1/4R3/6p1/5p1p/2P5/1P3b1R/PK2p2P/3r4 b - - 3 35,e2e1q e7e1 d1e1 h3f3,1131,advantage endgame short,14
OrKEh,3rk1r1/p1Q2p2/4pB1p/1q1b4/6p1/P5P1/1P3P1K/4R3 b - - 6 35,d8d7 c7c8 d7d8 c8d8,1131,mate mateIn2 middlegame short,18
wfIfl,rnb2rk1/pppp1ppp/1b3n2/8/3P1p1q/P1PQ2P1/1P2PN1P/RNB1KB1R b KQ - 0 8,f4g3 h2g3 h4h1 f2h1,1131,advantage opening short trappedPiece,31
4NO5H,r1b2rk1/ppp1bppp/5n2/2n1P3/3q4/2NB4/PPP3PP/R1BQ1R1K b - - 1 11,f6g4 d3h7 g8h7 d1d4,1133,crushing discoveredAttack kingsideAttack opening short,27
jfA5K,R7/3bq1pk/2n5/1p1p1Pp1/1PpP2Pp/2P4P/2Q2K2/8 b - - 5 41,c6d8 f5f6 e7e4 c2e4,1133,crushing discoveredAttack discoveredCheck endgame short,19
okIpx,1Q6/6p1/2K4p/6p1/1k6/8/6PP/q7 b - - 0 47,b4c3 b8e5 c3d3 e5a1,1133,crushing endgame queenEndgame short skewer,9
AUL8S,4r2k/pp2q1pp/8/2p1nR2/3pN3/3P2Q1/PPP4P/6K1 b - - 2 33,h8g8 e4f6 g8h8 f6e8,1134,crushing endgame master pin short,19
Hrh3y,8/1p2k1Q1/1P2qn2/3pnp1P/8/5BP1/5PK1/8 b - - 6 50,e7d6 g7c7,1135,endgame master mate mateIn1 oneMove,14
OBl1N,r1b4r/p4kpp/2p1p3/3pPp2/P4P1Q/B1qP4/6PP/R4RK1 b - - 1 18,h8e8 h4h5 g7g6 h5h7,1135,mate mateIn2 middlegame short,23
uURC2,5rk1/1p1r1P2/3p2pp/pNpPp3/P1P1P3/1P3R2/2n3P1/5RK1 b - - 0 32,d7f7 f3f7 f8f7 f1f7 g8f7 b5d6 f7e7 d6b7,1136,attraction crushing endgame exposedKing kingsideAttack veryLong,22
3827I,8/pR6/8/p7/1k2K1P1/2r5/8/8 b - - 1 53,b4c5 b7c7 c5b4 c7c3 b4c3 g4g5 a5a4 g5g6 a4a3 g6g7 a3a2 g7g8q,1137,advancedPawn crushing endgame master promotion quietMove rookEndgame veryLong,7
6erzJ,6k1/p3qp1p/3n4/1ppBP3/5P2/2B3P1/P6P/4R1K1 b - - 0 29,d6f5 e5e6 g8f8 e6f7,1137,advancedPawn advantage endgame short,17
6r5yr,5r2/3q2pk/p5n1/1pR2pQp/3Pp2P/4P3/PP3PP1/6K1 b - - 1 31,d7e7 g5h5 h7g8 h5g6,1137,crushing deflection endgame short,20
8iSgD,1r1qr1k1/p3bp2/2n1pn1Q/1p1p2N1/3P4/2PB4/PP3PPP/R4RK1 b - - 2 16,e7f8 d3h7 f6h7 h6h7,1137,kingsideAttack mate mateIn2 middlegame short,25
UL2o1,8/1p2K3/4R3/3r4/2p5/3r4/3k4/4R3 b - - 9 55,c4c3 e6e2,1137,blindSwineMate endgame master mate mateIn1 oneMove rookEndgame,8
7s9DQ,6Q1/5p2/2p2q1p/1p1p2pk/5r2/P1P4P/1P2RPP1/5K2 b - - 11 40,f6f5 g2g4 f4g4 h3g4,1138,crushing endgame fork short,18
ZXAmv,3rr1k1/bpq2p2/p1p1bnnB/4N3/3Pp3/2P4P/PPBQ1PP1/R3R1K1 b - - 0 20,g6e5 d2g5 e5g6 g5f6 c7h2 g1h2,1138,crushing fork long middlegame,27
00d9q,1r1q1r2/Q2k3p/2pp1npb/2p2P2/8/2N5/PP3PPP/4RRK1 b - - 0 19,d8c7 e1e7 d7e7 a7c7,1139,attraction crushing deflection master middlegame short,22
Ck9Vi,5r1k/p6p/1p4pP/4Q3/4N2R/5P1K/q3r3/8 b - - 3 35,h8g8 e5g7,1139,endgame master mate mateIn1 oneMove,14
TYdZU,r4r2/5pk1/pp2p1p1/4n3/2Pp2Bq/8/PP1Q1N2/2K4R b - - 1 23,h4g3 d2h6 g7f6 f2e4 f6e7 e4g3,1139,advantage fork long middlegame,19
d0pEr,r2q1b1r/ppp1k1pp/4b3/3np3/3PN3/5Q2/PPP2PPP/R1B1K2R b KQ - 0 13,e5d4 c1g5 e7d7 g5d8,1139,crushing opening short skewer,26
urVeG,r2q1rk1/pp2b1p1/2npbnQP/2p1p3/4P3/2NP4/PPP2PP1/R1B1K2R b KQ - 0 15,d8e8 g6g7,1139,kingsideAttack mate mateIn1 oneMove opening,28
IlXmT,r1n2rk1/1b1q1ppp/p3p3/1p1nP3/2pPN3/5N2/PPQ2PPP/1BR1R1K1 b - - 10 20,d5b4 e4f6 g7f6 c2h7,1140,discoveredAttack kingsideAttack mate mateIn2 opening sacrifice short,28
4VG8b,2r3k1/p5bp/3p2p1/2pP4/4pq2/1P6/P1Q2PPP/3RN1K1 b - - 1 22,g7d4 d1d4 c5d4 c2c8,1141,crushing endgame short,20
k5dnV,r3k2r/5p2/n3ppp1/pNqp4/2P5/5P2/1P2Q1PP/1K1R3R b kq - 0 23,c5c4 b5d6 e8f8 d6c4,1141,crushing fork middlegame short,21
k8Y60,3r4/2Rnrk1P/1p5R/p2P1p2/4p3/P1K1P3/1P6/8 b - - 2 41,d8h8 d5d6 e7e6 c7d7,1141,crushing endgame short,16
wgIVA,3r1rk1/p4ppp/2pp2qn/8/2PNp2n/1P2P1P1/PB1RQP1P/3R2K1 b - - 0 20,h4f3 d4f3 e4f3 e2f3,1141,crushing middlegame short,26
M9PmS,2r1q1k1/1R4p1/Q3p2p/3p1p2/2nP3P/4PN2/5PP1/6K1 b - - 1 29,c8b8 b7b8 e8b8 a6e6,1142,crushing endgame master pin short,18
U8bYV,4rr2/1p1Q1N1k/p1n2Pp1/7p/8/7P/1P3PPK/q7 b - - 6 31,h7g8 f7h6 g8h8 d7g7,1142,endgame mate mateIn2 short,17
UjLFM,6rr/pp6/3kpp2/1P3p1p/P2N4/7P/5PP1/3R2K1 b - - 3 29,d6e5 d4f3 e5f4 d1d4,1142,endgame epauletteMate mate mateIn2 short,17
VNMil,5bk1/3P2p1/4R2p/5p2/4pP2/4P2P/6PK/q7 b - - 0 39,a1a8 e6e8 a8d5 d7d8q d5d8 e8d8,1142,advancedPawn advantage endgame long promotion,14
fK0Wi,4r1k1/ppR3pp/2p3n1/4q3/1P6/4R1PB/4PQKP/8 b - - 0 28,e5e3 f2f7 g8h8 f7g7,1142,endgame mate mateIn2 short,18
xBZHM,r1b1kbnr/pppp1ppp/8/6B1/3pq2P/8/PPPNBPP1/R2QK2R b KQkq - 1 8,e4g2 e2f3 g2h1 f3h1,1142,crushing opening short trappedPiece,28
Tex7f,1qk3r1/p1r2p2/3QbB2/2p3p1/8/2R5/P4P2/2R3K1 b - - 0 30,b8b5 c3c5 b5c5 c1c5 c7c5 d6c5,1143,crushing long middlegame,16
Z5DCu,3R2k1/8/2p3p1/2B4p/1P3b1P/5P2/2r5/5K2 b - - 1 43,g8f7 d8f8 f7e6 f8f4,1143,advantage endgame master masterVsMaster short skewer,12
wxov2,6rk/1b5p/p3B2Q/1p2qp2/3p4/3P2P1/2P3P1/5RK1 b - - 0 25,g8g7 f1f5 e5f5 e6f5,1143,crushing endgame master short,17
4tFdF,r4b1r/ppN1kppp/2nBpn2/2q2b2/8/2N5/PPPQ1PPP/2KR1B1R b - - 5 13,c5d6 d2d6,1144,mate mateIn1 middlegame oneMove,28
83FG7,r1bq1rk1/1p2bppp/p3p1n1/3B4/NP1N4/2P3B1/P5PP/R2Q1RK1 b - - 0 18,d8d5 a4b6 d5d8 b6a8,1144,advantage fork middlegame short,26
Frqny,1r1q1k2/pppn1n1p/3b4/1P1Q2p1/3B4/2N1P3/P2PKP1P/R7 b - - 6 19,d6c5 d4c5 d7c5 d5c5,1144,advantage middlegame short,22
cmE6f,3r2k1/p4ppp/1pp1rn2/8/1P1q4/P1N2RQP/2P3P1/5R1K b - - 1 24,d4c4 f3f6 e6f6 f1f6,1144,advantage middlegame pin short,21
d3G0k,r5k1/pp5p/2p3p1/2P2p2/8/1Q6/P2q2PP/5R1K b - - 1 24,g8g7 b3b7 g7h6 b7a8,1144,crushing endgame fork short,16
uSdTh,4Qrk1/4Rppp/pb6/2pP1q2/P1P5/6Pb/5P1P/4R1K1 b - - 2 30,f5f3 e8f8 g8f8 e7e8,1144,attraction kingsideAttack mate mateIn2 middlegame sacrifice short,20
2RXWu,2k5/1p2Q2p/p1b1p1pq/8/2Pr4/8/PP2BRP1/6K1 b - - 6 29,d4h4 f2f8 h6f8 e7f8,1145,advantage endgame short,17
PxrdC,r4k1r/1b2q3/n1p1p3/4Np2/1pQPpP2/8/P1P3PP/R4RK1 b - - 1 23,e7h4 e5g6 f8f7 g6h4,1145,crushing fork middlegame short,22
mtTwJ,r2r1k2/1bq2ppQ/p6p/1p1Nb3/8/P7/1P3PPP/1BR2RK1 b - - 1 21,c7c1 h7h8,1145,mate mateIn1 middlegame oneMove,22
sZpnZ,3r2k1/p1q2pbp/2p3p1/2Q2b2/N1P5/PP2R3/3r1B1P/4R1K1 b - - 2 32,d2f2 e3e8 d8e8 e1e8 g7f8 c5f8,1145,kingsideAttack long mate mateIn3 middlegame,21
zJdRO,r4rk1/5p2/3p2n1/1Q1P4/P2N1pq1/1P6/4RRp1/6K1 b - - 1 32,g6h4 f2g2 h4g2 e2g2,1145,crushing middlegame pin short,17
3DJzA,3q2k1/5p1p/2pp2p1/p1b2PP1/4Q3/1P6/1P2K3/5R2 b - - 0 27,d8g5 e4e8 g8g7 f5f6 g5f6 f1f6,1146,advantage endgame long,16
hkEX0,r3r3/4p1k1/2N2pp1/2nP4/8/P2q2P1/1Q3PBP/2R3K1 b - - 1 29,d3a3 b2a3 a8a3 c1c5,1146,advantage capturingDefender master middlegame short,18
ue0BI,r5k1/p1p3pp/3p2r1/8/7q/4PP2/P1P4P/1R1Q1R1K b - - 0 21,g6h6 d1d5 g8f8 d5a8 f8f7 a8d5,1146,advantage endgame fork long,18
2IR1z,4rk2/p2qrpp1/1pp1b2p/3p4/3P1PP1/2N1Q2P/PPP1R3/4R1K1 b - - 0 23,e6g4 e3e7 e8e7 e2e7 d7e7 e1e7 f8e7 h3g4,1147,advantage middlegame veryLong,24
7jIDQ,8/2p5/r7/2pk2R1/8/3P4/2PK4/8 b - - 3 56,d5d4 c2c3,1147,endgame master mate mateIn1 oneMove rookEndgame,8
Am6cf,6K1/1r3P2/8/8/4R3/kp6/8/8 b - - 1 55,b7b8 e4e8 b8e8 f7e8q,1147,advancedPawn crushing defensiveMove endgame promotion rookEndgame short,6
CDVar,3r1rkR/ppp2pp1/1bn5/6N1/1P1P4/Pq2P2P/5QP1/4R1K1 b - - 1 25,g8h8 f2h4 h8g8 h4h7,1147,kingsideAttack mate mateIn2 middlegame short,22
Gy4ic,5k2/4P3/5P2/8/7r/1bp1KB2/8/8 b - - 0 47,f8e8 f3c6 e8f7 e7e8q,1147,advancedPawn crushing endgame master promotion short,8
ZB6dP,2r2r1k/4bBpp/p3P3/1p6/8/P2n1P2/3B2K1/R6R b - - 5 31,d3e5 h1h7 h8h7 a1h1 e7h4 h1h4,1147,attraction long mate mateIn3 middlegame pillsburysMate sacrifice,17
nTISW,r1bk3r/1p1nbQpp/p4n2/1B6/q4B2/8/PP3PPP/2RR2K1 b - - 1 18,a4b5 f4c7,1147,mate mateIn1 middlegame oneMove,23
vRqhs,2r2rk1/3q1ppp/p3p3/1p1nN3/1P1P4/P4Q2/5PPP/2R1R1K1 b - - 9 25,d7d6 c1c8 f8c8 f3f7,1147,crushing middlegame short,22
KPx7m,8/1p2k3/4p2p/1p1pP2P/2p2K2/P1P1P3/1P6/8 b - - 2 57,e7f7 e3e4 d5d4 c3d4,1148,crushing endgame pawnEndgame short,14
pTB7q,r6k/ppq2pp1/2p2b2/4p3/3r1P2/3BQ3/PPP3P1/R4RK1 b - - 0 22,e5f4 e3h3 h8g8 h3h7 g8f8 h7h8,1148,advantage kingsideAttack long middlegame,21
sm31F,r5k1/6pQ/2n1pr1p/2q5/P6N/1pP5/5PPP/RB3K2 b - - 1 30,g8f7 b1g6 f6g6 h7g6 f7g8 g6e6,1148,crushing long middlegame,19
UVf2t,r1bq1r2/ppp3k1/2np4/2bBp1pQ/4P3/3P2B1/PPP2PP1/R3K2R b KQ - 1 14,f8h8 h5f7,1149,mate mateIn1 middlegame oneMove,26
bc6wz,8/3bR2p/6p1/3k4/p2p3P/3B1rP1/PP1K4/8 b - - 9 42,d7g4 d3e4 d5d6 e4f3,1149,crushing endgame fork master short,14
RYVRJ,8/8/4q3/1Q5K/1P5p/5k1P/8/8 b - - 2 53,e6h3 b5d3 f3g2 d3h3 g2h3 b4b5 h3g3 b5b6 h4h3 b6b7 h3h2 b7b8q,1150,advancedPawn crushing endgame promotion queenEndgame quietMove veryLong,7
W8MlK,4r1k1/pppn2pp/3q1n2/2bP2B1/2P1P3/5Q1P/PP4P1/R4R1K b - - 0 19,f6e4 f3f7 g8h8 f7e8,1150,crushing fork middlegame short,23
oYV1i,7k/3R3p/3p4/4b3/3p3K/1B4r1/P1P5/8 b - - 2 43,d4d3 d7d8 h8g7 d8g8 g7f6 g8g3,1150,advantage endgame long,11
ug1GG,5rk1/1Q3Rbp/1p4p1/p2p4/P2q1R2/7P/6PK/4r3 b - - 7 29,d4e5 f7f8 g7f8 b7f7 g8h8 f7f8,1150,clearance deflection long mate mateIn3 middlegame,17
6BHWV,1k6/2P2p2/1P4p1/3K2P1/8/4b3/8/8 b - - 0 60,b8c8 d5c6 e3b6 c6b6 c8d7 b6b7,1151,bishopEndgame crushing defensiveMove endgame long,8
BaNON,r4b2/2pk2p1/3p1p2/P2Np3/2P1P1r1/3P1QPK/3q4/R7 b - - 4 37,g4g6 f3f5 d7d8 f5g6 d2h6 g6h6,1151,advantage fork long middlegame,19
M8GHY,8/1R5p/6pk/8/p4KPP/r7/5P2/8 b - - 0 38,a3b3 g4g5 h6h5 b7h7,1151,deflection endgame mate mateIn2 rookEndgame short,10
qfevg,4r1k1/4rppp/pq1p4/1p6/3N4/P1P2Q2/1P2B1PP/5RK1 b - - 8 27,e7e2 f3f7 g8h8 f7f8 e8f8 f1f8,1151,backRankMate endgame long mate mateIn3 sacrifice,20
yr7Ic,4r1k1/R5pp/2pb4/1p6/3Pq3/p3P1P1/7P/2B2QK1 b - - 1 27,b5b4 f1f7 g8h8 f7g7,1151,endgame mate mateIn2 short,17
QXA6G,8/prq2k2/5npp/2pp4/8/1PPPQ3/P4PPP/4R1K1 b - - 2 28,f6g4 e3e6 f7g7 e6g4,1152,advantage endgame fork short,19
xBtpw,r2q1k2/pp2p3/2p1pnQ1/5P2/3b2P1/8/PPP5/RNB1K3 b Q - 0 20,d8d5 c1h6,1152,mate mateIn1 middlegame oneMove,20
ef2Rb,6k1/q1r4p/4RPp1/3Q4/7P/8/5PPK/q7 b - - 1 40,g8f8 d5d8 f8f7 d8e8,1153,endgame mate mateIn2 short triangleMate,13
HT2hX,2r2rk1/1p1b1pp1/p2qpn1p/n2p3N/3P4/P2QPN2/1P3PPP/1BR2RK1 b - - 1 17,d7b5 h5f6 g7f6 d3h7,1154,kingsideAttack mate mateIn2 middlegame short,28
VIOKv,rnb2rk1/pp1p1Bpp/8/2p1N3/3Pn3/4BQ2/P1P3PP/qN4KR b - - 0 12,g8h8 e5g6 h7g6 f3h3,1154,mate mateIn2 middlegame sacrifice short,25
hfAgW,2r3k1/2P2p1p/p2R3p/8/p4P1P/8/8/6K1 b - - 0 34,a4a3 d6d8 g8g7 d8c8 a3a2 c8g8,1155,crushing endgame long rookEndgame,12
v5cNk,r1bqk2r/pp3ppp/2nbp3/3pN3/3P1P2/2P5/PP1N1P1P/R2QKB1R b KQkq - 2 10,f7f6 d1h5 g7g6 e5g6 h7g6 h5h8,1155,advantage long opening,28
ZLqrZ,8/ppq1nk2/2p1b1p1/4bp2/2P2N2/1P2P1P1/PB1Q2B1/6K1 b - - 1 28,c7d7 d2d7 e6d7 b2e5,1156,crushing middlegame short,20
xihyV,8/3k1p2/pp1P3r/2pR4/P1P3p1/6K1/5P1P/8 b - - 2 34,h6d6 d5d6 d7d6 g3g4,1156,crushing endgame rookEndgame short,14
pIj9j,8/8/p1bP1R2/P5p1/5PP1/2k2r2/4K3/8 b - - 2 44,f3f4 f6f4 g5f4 g4g5,1157,crushing defensiveMove endgame master short,11
s2cc8,r1bqk1nr/1pp1bppp/p1np4/3P4/Q1B1P3/5N2/P4PPP/RNB1K2R b KQkq - 1 11,b7b5 c4b5 a6b5 a4a8,1157,advantage opening pin short,29
wimJu,r3k2r/p3nppp/2pQb3/8/3RP3/1N6/PqP2KPP/RN6 b kq - 4 14,e6b3 d6d7 e8f8 d7d8 a8d8 d4d8,1157,backRankMate long mate mateIn3 middlegame sacrifice,22
GUqZ3,rn1qkb1r/pp2pppp/2p2n2/4N3/6b1/1BN5/PPPP2PP/R1BQK2R b KQkq - 4 7,g4d1 b3f7,1158,attackingF2F7 mate mateIn1 oneMove opening,29
TN1D4,r3k2r/1p3p1p/4p1p1/1N1nP3/8/8/PP4PP/2R1R2K b kq - 0 23,a8a2 c1c8 e8d7 c8h8,1158,advantage endgame short skewer,18
odyOM,2kr3r/ppp2ppp/2p5/2N2b2/3q4/Q2Pn2P/PPP3P1/1K2RB2 b - - 2 20,b7b6 a3a6 c8b8 a6b7,1158,mate mateIn2 middlegame queensideAttack short,24
dcgVF,r2qkn2/3pbpp1/p3p3/2pbPP1N/8/2B5/PPP2Q1P/2KR4 b q - 2 23,e6f5 h5g7,1159,mate mateIn1 middlegame oneMove smotheredMate,23
gFEXx,1k1r3r/n1p2ppp/8/QbPnNq2/P2P4/1P5P/1B3PP1/2KRR3 b - - 0 24,b5c6 e5c6 a7c6 a5b5 b8c8 b5c6,1159,crushing fork long middlegame,24
vSRw6,8/4N3/4P1p1/7p/2p4P/4k1PK/1r6/8 b - - 0 48,b2b6 e7d5 e3d4 d5b6 c4c3 e6e7 c3c2 e7e8q,1159,advancedPawn crushing endgame fork promotion veryLong,10
VwrQg,1q1r2n1/1BRr1p1k/1P2b1pp/2Q1P3/2p5/7P/2P2PP1/5RK1 b - - 0 29,d7c7 b6c7 b8c7 c5c7,1160,advancedPawn crushing fork middlegame short,21
5MKD4,1k2r3/5R2/6rp/1Rq3p1/8/4p3/6PP/Q6K b - - 0 41,c5b5 a1a7 b8c8 a7c7,1161,endgame mate mateIn2 short,13
HUES8,r5bk/1R5n/p6Q/7P/7q/8/PP4P1/6K1 b - - 4 29,a8e8 h6g7,1161,endgame mate mateIn1 oneMove,13
f93kl,3r2k1/1ppq1ppn/p6p/8/3B4/3Q3P/PPP2PP1/4R1K1 b - - 0 24,d7d4 e1e8 d8e8 d3d4,1162,advantage deflection endgame master short,20
xfeRk,8/2PR4/p3p3/4kpp1/1K6/5P2/7P/2r5 b - - 2 58,e5f4 d7d4 f4e3 d4c4,1162,crushing endgame master rookEndgame short,11
xrvbw,1n2r1k1/R4pp1/7p/7Q/3P4/2Pq2P1/P3rP1P/5RK1 b - - 2 25,e2e1 h5f7 g8h8 f7g7,1162,mate mateIn2 middlegame short,18
0nmiX,8/5R2/1r4p1/3p4/2pP1PkP/R7/1p4K1/8 b - - 1 47,b2b1q a3g3 g4h5 f7h7,1163,endgame mate mateIn2 queenRookEndgame short,12
FOAEc,5r1k/1p4pp/1pn1R3/5pQ1/3p4/1B3q1b/PP3P2/3R2K1 b - - 1 25,h7h6 e6h6 g7h6 g5h6,1163,mate mateIn2 middlegame sacrifice short,19
OYKL5,7r/p1p5/1k6/pP4pp/P2pBp2/3KbP1P/2R3P1/8 b - - 1 36,h5h4 c2c6 b6b7 c6h6,1163,crushing discoveredAttack discoveredCheck endgame short,18
WkPah,2R5/3r1kp1/4p2p/1B1P1pnq/1n1P4/1P2P3/P4PP1/R5K1 b - - 4 29,d7d5 b5e8 f7e7 e8h5,1163,advantage middlegame short skewer,20
fTT4d,2b5/rpp2r2/2k5/p1Pp3p/P2PpBpP/4P1P1/1R3P2/1R4K1 b - - 6 32,f7d7 b2b6 c7b6 b1b6,1163,endgame mate mateIn2 sacrifice short,22
pqpFm,3r1r2/pR1k1pQ1/2pBp3/3n4/3P4/8/2p2PK1/2q5 b - - 5 38,d7d6 g7e5,1163,endgame master mate mateIn1 oneMove,16
qFcx5,rn1qkbnr/p1p2ppp/1p2p3/8/2bP4/2N2NP1/P3PP1P/R1BQKB1R b KQkq - 1 7,f8b4 d1a4 b6b5 a4b4,1163,advantage fork opening short,29
VDpeJ,1r4k1/5p1p/p3p1p1/8/qP1Q1P2/7P/6PK/2R5 b - - 2 31,a4b4 c1c8 b8c8 d4b4,1164,advantage deflection endgame master short,15
cwLAF,r1bqk2r/pp1n1pp1/4pB1p/8/1b1PB3/2N2N2/PP3PPP/R2QK2R b KQkq - 0 10,d7f6 d1a4 c8d7 a4b4,1164,advantage fork opening short,27
GGM6z,4r2k/p6p/1p1n1rq1/2pBBp2/2P5/6R1/P4PPP/4RK2 b - - 3 28,g6h6 e5f6 h6f6 e1e8 d6e8 g3g8,1165,discoveredAttack kingsideAttack long mate mateIn3 middlegame operaMate,20
dG0km,r5r1/pp1b3k/2p1pn2/4N2p/3P4/1P1B2RP/P4P2/5RK1 b - - 4 29,h7h6 e5f7,1165,mate mateIn1 middlegame oneMove,20
m1S4T,r1bq4/4p2p/p2p2p1/1ppNk3/4PQ2/P2P4/1Pn1B1PP/6K1 b - - 2 21,e5e6 e2g4,1165,mate mateIn1 middlegame oneMove,22
A1gbe,r3kb1r/ppn3pp/3p4/1Pp1npq1/Q1P5/P1N2P2/1B1PBP1P/R3K2R b KQkq - 1 13,g5f4 b5b6 e8f7 b6c7,1166,advancedPawn advantage discoveredAttack discoveredCheck middlegame short,28
BMGIU,3R4/5pkp/8/1p4p1/1Pp1Pq2/r4P2/1Q6/6K1 b - - 6 37,f4f6 d8g8 g7g8 b2f6,1166,crushing deflection endgame master pin short,14
S7UDJ,r3r1k1/1bp3b1/2q1p1P1/p1p2BP1/3P2n1/P3P2Q/1PP5/2K2R1R b - - 0 27,e6f5 h3h7 g8f8 f1f5,1166,crushing intermezzo kingsideAttack middlegame short,23
uda61,8/n5kp/P7/5n2/5P2/1PK1NP1p/8/8 b - - 1 48,h3h2 e3f5 g7g6 f5g3,1166,advantage defensiveMove endgame hangingPiece knightEndgame short,11
v0JMn,r1bq1rk1/ppp3pp/2np1n2/4p3/1bP1P3/1PN2N2/PB2BPPP/R2QK2R b KQ - 0 9,f6e4 d1d5 g8h8 d5e4,1166,advantage fork middlegame short,30
jZy92,r1q2bnr/p1k4p/1p3p2/1Bp1p1p1/5p2/5Q2/PPPB2PP/R3R1K1 b - - 1 19,f8d6 f3c6 c7b8 c6d6,1167,advantage deflection middlegame short,25
eSZqW,1r3k2/6pp/1B1p1p2/3r1P2/2P1P2P/pP6/P5R1/2K5 b - - 0 37,d5e5 b6c7 b8e8 c7d6 f8f7 d6e5,1168,advantage endgame fork long,17
rMENw,7k/pp2n1r1/3p2P1/8/5P1Q/3qp3/P6P/2R1K3 b - - 1 33,h8g8 c1c8 e7c8 h4d8,1168,endgame mate mateIn2 sacrifice short,15
iuvo0,r4r1k/p4p1p/1qp1pp1Q/3p4/P2P3P/1Pb2P2/2P1KP2/R5R1 b - - 1 17,f8g8 h6f6 g8g7 f6g7,1169,kingsideAttack mate mateIn2 middlegame short,23
y20vq,8/8/1k6/p7/R6p/8/Pr4PK/8 b - - 1 37,b2b4 a4b4 a5b4 h2h3 b6a5 h3h4 a5a4 g2g4 a4a3 g4g5,1169,crushing defensiveMove endgame quietMove rookEndgame veryLong,8
1avUb,8/8/8/8/5r2/1P1Q2k1/1KP5/6q1 b - - 28 80,g3g4 d3g6 g4h4 g6g1,1170,crushing endgame short skewer,7
8hWGh,2n5/2N3b1/4k3/p1p2p2/1pP2Pp1/1P1K2P1/P4N2/8 b - - 6 49,e6d6 c7e8 d6e7 e8g7,1170,advantage endgame fork short,16
BPQLk,5r2/2k2P2/1p2b3/pPp1N3/2P2pp1/1PK5/6P1/3R4 b - - 5 36,e6f7 d1d7 c7c8 d7f7,1170,crushing endgame short,16
gvhJJ,r4r2/7k/5ppp/p2p1b2/3P4/5P2/PPqN3Q/K5RR b - - 1 27,h6h5 h2h5 g6h5 h1h5,1170,mate mateIn2 middlegame sacrifice short,19
5Rpo6,r1b2rk1/p3R3/1p2p2p/3p4/7N/P2Bn3/1P1N2PP/7K b - - 2 27,f8f2 d3h7 g8h8 h4g6,1171,mate mateIn2 middlegame short,19
IF6Fp,r4rk1/1p1bbppp/p3p3/3pP3/3q2P1/4B2P/PPB1QP2/R4RK1 b - - 1 18,d4b2 c2h7 g8h7 e2b2,1172,advantage discoveredAttack middlegame short,25
cmUxA,rq3r2/1p3p2/p2b4/8/3n1P2/P3Q1k1/1P4P1/5R1K b - - 1 33,g3g4 e3h3,1172,mate mateIn1 middlegame oneMove,16
PZKde,8/p1b1q1kp/4p1p1/4Np2/P2Q3P/6P1/7K/8 b - - 5 39,e7f6 d4d7 g7g8 d7c7,1173,advantage endgame fork short,14
heZ9t,8/8/p2r4/1p5k/2p2b2/P1P2P2/1PBpK3/6R1 b - - 2 63,h5h4 g1g4 h4h3 g4f4,1173,crushing endgame fork short,14
nmexe,3r2k1/p5pp/4p3/8/P2n4/1p1R4/1P1N1rPP/4R2K b - - 1 25,d8d6 d2e4 f2b2 e4d6,1173,crushing endgame fork short,17
L3EqT,2r5/pk4pp/8/1Q3b2/5Bn1/6P1/PP3q1P/R2K4 b - - 0 36,b7a8 b5d5 c8c6 d5c6,1174,fork mate mateIn2 middlegame short,16
x3La8,k6r/ppQP2p1/1r4p1/8/4p3/2Pp2p1/PP3PBq/R4K2 b - - 0 29,h2h4 c7c8 h8c8 d7c8q,1174,advancedPawn endgame mate mateIn2 promotion queensideAttack short,20
tyzse,rn6/p1b2kN1/1pp3q1/3p1Np1/3P2P1/4QP1r/PP5P/5RK1 b - - 5 28,g6f6 e3e8,1175,mate mateIn1 middlegame oneMove,22
IrdNL,1rr4k/5p1p/4p3/3p1p2/2n4R/1NP3Q1/P1K3P1/4R1q1 b - - 9 29,g1a7 h4h7 h8h7 e1h1,1176,attraction master mate mateIn2 middlegame sacrifice short,18
1DqGh,1b4k1/1r3ppp/p4n2/1p1NR3/8/P5PP/1P3P2/2R3K1 b - - 1 27,b8e5 c1c8 f6e8 c8e8,1177,backRankMate endgame mate mateIn2 short,18
E2TW9,6k1/pp3p2/2b3p1/2pN3p/2P2rPP/8/PP1R1P1K/8 b - - 1 33,f4g4 d5f6 g8f8 f6g4,1177,advantage endgame fork short,18
G5jJZ,4r1k1/p1p4R/1p1p2p1/3n1rP1/4pp2/2P2N2/PP3PP1/1K5R b - - 0 26,e4f3 h7h8 g8f7 h1h7 f7e6 h8e8,1178,crushing deflection endgame exposedKing kingsideAttack long,21
Rckxs,r6k/1bp4q/p1n1pr2/1p4NQ/3P2P1/4P3/PP3P1P/R4R1K b - - 2 21,f6f5 h5h7,1178,kingsideAttack mate mateIn1 middlegame oneMove,22
oJjKb,r1b2rk1/pp2b1pp/3qp3/3p4/1P6/4BN2/P4PPP/1R1Q1RK1 b - - 0 18,c8d7 e3c5 d6c7 c5e7,1178,advantage middlegame short skewer,23
GBejk,r2q1rk1/p2n2pp/1n1Rb3/2p1pp2/2P5/1BN2Q2/PP3PPP/R1B3K1 b - - 0 17,e6c4 b3c4 b6c4 f3d5,1180,advantage middlegame short,26
LSdtX,2r3k1/p4pp1/4p2p/8/8/q1p4P/P3Q1P1/2R4K b - - 2 33,a3b2 e2b2 c3b2 c1c8 g8h7 c8b8,1180,crushing endgame long,15
uKJrc,2R5/8/1p6/1Pb1p2k/2Pp1p1p/3K1P1P/5P2/6r1 b - - 3 51,g1g2 c8h8 h5g6 h8g8 g6f7 g8g2,1180,crushing endgame long skewer,15
uXzxK,r1b1k2r/ppppnppp/3q4/8/3p4/1B6/PPPNQP1P/R3R2K b kq - 3 14,e8g8 e2e7 d6e7 e1e7,1180,advantage middlegame short,25
xR1Ks,8/R7/p2k1p2/r1P4p/3K4/7P/6P1/8 b - - 0 44,a5c5 a7a6 c5c6 a6c6 d6c6 d4e4 c6d7 e4f5 d7e7 f5g6,1180,crushing endgame exposedKing rookEndgame veryLong,10
926sM,r2qr1k1/pp2ppbp/2np1np1/8/2PN2b1/1P3NP1/P2Q1PBP/R1B1R1K1 b - - 2 13,f6e4 e1e4 g4f3 g2f3,1181,middlegame,29
Ay6mQ,1r6/r3kpp1/3R3p/2PB4/pn5P/R5P1/5PK1/8 b - - 0 31,b8b5 a3e3 e7f8 d6d8,1181,endgame master mate mateIn2 short,16
FFf8Q,b2N4/8/1P6/1p1p2k1/3K4/4P3/8/8 b - - 0 46,g5f5 b6b7 a8b7 d8b7,1182,advancedPawn crushing endgame short trappedPiece,8
HqmMU,8/3k2p1/3Pr3/7p/7P/5KP1/8/3R4 b - - 6 53,e6d6 d1d6 d7d6 f3f4 d6e6 f4g5,1182,crushing endgame long rookEndgame,9
LmLwL,5rk1/p3Q1bp/4N1p1/6P1/4n1q1/2P5/P4BPP/R5K1 b - - 2 22,f8f2 e7g7,1182,mate mateIn1 middlegame oneMove,18
Ry2Z5,r3q3/1p1b1pkp/p2p2p1/2p2nN1/P4Q2/1PNP4/1P4PP/5RK1 b - - 1 24,e8e3 f4e3 f5e3 f1f7,1182,crushing discoveredAttack middlegame short,23
aZ0Uf,r1bqnrk1/pp2bppp/8/2pPp3/P1P5/4B1P1/1P2NPBP/R2Q1RK1 b - - 2 14,b7b6 d5d6 e8d6 g2a8,1182,crushing discoveredAttack master middlegame short,28
zo7Hi,2rq1rk1/1b3ppp/8/p2p4/3Q4/2P3P1/P4PBP/R2R2K1 b - - 3 17,c8c4 d4c4 d5c4 d1d8 f8d8 g2b7,1182,crushing discoveredAttack long master middlegame,20
DnKQd,2k3r1/bpp5/p7/PB5p/3p1q2/1QP4P/1P6/3KR3 b - - 3 30,g8f8 b3e6 c8b8 e6e8 f8e8 e1e8,1183,backRankMate endgame long mate mateIn3 sacrifice,17
eU6QV,2k5/pp6/7P/8/1n3p2/5R2/P1r3pK/8 b - - 1 39,b4d5 h6h7 g2g1r h2g1,1183,endgame,11
mUED3,r2k3r/ppB3pp/5p2/2p5/2R5/8/Pq2bPPP/2RQ2K1 b - - 1 20,d8c7 c4c5 c7b6 d1d6,1183,mate mateIn2 middlegame short,20
ySmiP,r2q1rk1/2p3pp/p2b1np1/1p2p3/2P1P1P1/1P5P/PBP1NP2/R2Q1RK1 b - - 0 15,f6e4 d1d5 f8f7 d5e4,1183,advantage fork middlegame short,27
C5PIi,6k1/p4pp1/2p3qp/8/1P6/PK2Q2P/5P2/8 b - - 3 34,g6e6 e3e6 f7e6 b3c4 g8f7 c4c5,1184,crushing endgame long queenEndgame,13
yubd5,8/5k2/2N1p2p/3p2p1/P7/2P2b2/1P3PrP/R4K2 b - - 6 28,g2h2 c6e5 f7e8 e5f3 h2h1 f3g1,1184,crushing defensiveMove endgame fork long,15
EHikh,5r1k/4Q1pp/3p4/p1p5/PpPb1N2/1q4PP/7K/4R3 b - - 1 42,f8g8 f4g6 h7g6 e7h4,1185,endgame mate mateIn2 sacrifice short,18
68ZdL,8/8/6p1/5pKp/5P1P/4rk2/R7/8 b - - 10 65,e3e2 a2e2 f3e2 g5g6 e2e3 g6f5,1186,crushing endgame long rookEndgame,9
M1XE9,6k1/r2n2pp/3Qpp2/3p4/2bP4/5N2/1q3PPP/4R1K1 b - - 1 33,a7a1 d6e6 g8h8 e6e8 d7f8 e8f8,1186,fork long mate mateIn3 middlegame,18
P91KK,8/5Rkp/2p3p1/p2qb1N1/2Q5/7P/PrP3P1/7K b - - 7 33,g7h6 c4h4,1186,endgame mate mateIn1 oneMove,16
lx7j8,r4rk1/p2n1p1p/qp1P1b2/2N1p3/5p2/1P3B2/P4PPP/R2QR1K1 b - - 0 23,b6c5 f3a8 f8a8 d1g4 g8f8 g4d7,1186,advantage clearance fork long middlegame,24
p6YvY,8/1Q6/p1p3pk/4p2R/3qP3/5PKP/PPPr4/8 b - - 0 38,h6h5 b7h7 h5g5 h7h4,1186,endgame mate mateIn2 short,16
LefJt,1r1r2k1/2p2pp1/p1P1b2p/1p1pPpq1/3P4/P3R1B1/5QPP/R6K b - - 3 26,b8b6 g3h4 g5e3 f2e3,1187,advantage middlegame short,24
OJZ0c,r4r1k/1p2RP1p/p2q2p1/3p4/8/6QP/P4RPK/8 b - - 0 27,d6e7 g3c3 d5d4 c3d4 e7e5 d4e5,1187,endgame long mate mateIn3,17
k5jlE,8/8/1p3pp1/8/Pk4PP/1p6/1K6/8 b - - 3 55,b4a4 h4h5 g6h5 g4h5 f6f5 h5h6,1187,crushing endgame long pawnEndgame,9
oBLwL,2kr4/pp1qb1p1/2p5/8/5P1r/7P/PPQB4/1K1RR3 b - - 2 28,e7f6 d2a5 d7d1 e1d1 d8d1 c2d1,1188,crushing long middlegame,18
7qfbV,6k1/5p2/3q1npp/3p4/1p1Q2B1/1Pr4P/5PP1/1R4K1 b - - 1 37,d6c5 d4f6 c3c1 b1c1 c5c1 g1h2,1189,crushing endgame hangingPiece long,17
9HR6U,5r2/6k1/p3R2Q/1p1r3P/2pP3q/P1P2p1P/1P3P1K/8 b - - 0 32,g7f7 h6g6,1189,endgame mate mateIn1 oneMove triangleMate,18
cJs9E,1q6/7p/3b2pk/3P4/3Q2PP/2P2K2/8/8 b - - 0 39,d6h2 g4g5 h6h5 d4g4,1190,endgame mate mateIn2 short,11
l56YJ,5B2/2b5/p7/3p1pp1/P2P1k2/5P2/5K2/8 b - - 1 46,g5g4 f8h6,1190,bishopEndgame endgame mate mateIn1 oneMove,11
IF5CW,8/2k4p/p1r2p2/R2K4/2p3PP/2P5/8/8 b - - 0 47,c7b6 a5a6 b6a6 d5c6,1191,crushing deflection endgame master rookEndgame short,11
hrUQZ,8/r7/4kp1R/4p3/r3N3/4PK1P/8/8 b - - 6 48,a7f7 e4c5 e6f5 c5a4,1191,advantage endgame fork short,10
p11eG,r6r/1p1kb1p1/p3pp1p/1NPp1b2/1P1Pn3/4P2P/5PPB/R3KB1R b KQ - 0 18,a6b5 f1b5 d7d8 a1a8,1191,interference mate mateIn2 middlegame pillsburysMate short,26
r6vI7,2rq1k1r/Q4pp1/4pn2/3pN3/3P2bp/2PB4/PP1b1PPP/R4RK1 b - - 0 15,h4h3 a7f7,1191,mate mateIn1 middlegame oneMove,25
74C5S,r2q1knr/pp2pBbp/2np2p1/2p5/4P1bP/2NPBN2/PPP2PP1/R2QK2R b KQ - 2 8,f8f7 f3g5 f7f8 d1g4,1192,advantage discoveredAttack opening short,31
1Np91,1nbrr1k1/5p1B/pp1q1n1Q/3p2N1/2pP4/P1P4P/1P3PP1/R2R1K2 b - - 4 29,f6h7 h6h7 g8f8 h7f7,1193,kingsideAttack mate mateIn2 middlegame short,25
gvSpI,6k1/1p4p1/p5B1/3p3p/6n1/5Q2/PP3P1q/5K2 b - - 1 32,h2d6 f3f7 g8h8 f7e8 d6f8 e8f8,1193,endgame long mate mateIn3,14
WPSyJ,8/6pk/p3p2p/1p2P2Q/3P4/1PKn1N2/q5PP/8 b - - 4 33,d3c1 f3g5 h7h8 h5e8,1194,endgame mate mateIn2 pin short,16
4BQBY,r4rk1/p4ppp/1p2p3/2p3Q1/8/3PB2P/P1P2PPq/4RK2 b - - 3 23,a7a5 e3f4 h2h1 f1e2 h1e1 e2e1,1195,advantage endgame long trappedPiece,21
0jKBZ,4r1k1/1pp2ppp/3p1n2/1N1P4/3QR1q1/8/1PP3PP/R5K1 b - - 0 20,e8e4 a1a8 f6e8 a8e8 e4e8 d4g4,1197,crushing deflection endgame long,20
88FTX,7k/q3n1bp/p2p4/1pR1p3/8/PP3PP1/3Q2P1/3R3K b - - 0 30,d6c5 d2d8 e7g8 d1d7,1197,clearance crushing endgame master masterVsMaster short,18
XYLyd,8/5pk1/1b2p3/p3P1N1/2qPQ3/1p4KP/5P2/8 b - - 0 40,c4d4 e4h7 g7f8 h7f7,1197,endgame mate mateIn2 short,14
GfqfA,r1bR1k1r/ppp1bBpp/1q3n2/nQ6/8/2N2N2/PB3PPP/4R1K1 b - - 6 16,e7d8 e1e8 f6e8 b5e8,1198,mate mateIn2 middlegame sacrifice short,25
n5hhH,r4r1k/3pN1pp/1qbR1p2/p7/Pp2Pp2/1B1Q4/1PP3PP/5K2 b - - 1 25,a8e8 e7g6 h7g6 d3h3,1198,mate mateIn2 middlegame sacrifice short,23
6HyLc,rn2kbnr/pp3ppp/2p1p3/8/2P1P3/1Q3B1P/P2N1PP1/q1B2RK1 b kq - 1 12,a1f6 b3b7 f6d8 b7a8,1199,advantage middlegame short trappedPiece,26
8gLxF,6N1/R7/6p1/pr5k/4nK2/8/8/8 b - - 10 47,e4d6 a7h7,1199,endgame master mate mateIn1 oneMove,8
uHWhz,r6k/pp1bq3/2p3Bp/3p3N/2Pb4/1P5P/P2Q1PP1/6K1 b - - 5 26,e7e5 d2h6 h8g8 h6h7 g8f8 h7f7,1199,exposedKing fork long mate mateIn3 middlegame,20
v6N4v,3rr3/p2bQpkp/2p1pp2/2N5/3P1q2/6P1/PPP2P2/1K1RR3 b - - 0 22,f4c7 c5e6 d7e6 e7c7,1199,crushing middlegame pin short,22
T8tbD,3Q2k1/5p1p/4p1p1/8/4q3/b5BP/4p1PK/8 b - - 1 40,a3f8 g3d6 h7h5 d8f8 g8h7 f8f7,1200,crushing deflection endgame long,13
VNBEx,2r2k2/1p5R/2b1pBBp/4P2P/r7/3K4/8/6q1 b - - 5 44,f8g8 h7h8,1200,master mate mateIn1 middlegame oneMove,14
JsQcn,8/7p/p5pk/2Q3p1/3P4/5K1P/3q2P1/8 b - - 3 40,a6a5 c5f8 h6h5 g2g4 h5h4 f8h6,1202,endgame long mate mateIn3 queenEndgame,11
KqREk,8/5p2/8/6KP/3k1P2/1b6/8/8 b - - 2 52,d4e4 h5h6 f7f6 g5f6 e4f4 h6h7,1202,advancedPawn bishopEndgame crushing endgame long,6
QoR26,3r2k1/7p/p4Qp1/1p2n3/8/P6P/1PPrn1P1/R6K b - - 2 29,e2g3 h1h2 g3f5 f6e5,1202,advantage endgame short,17
3m7yK,r4r1k/pp1n1Bp1/2p2nPp/2qp4/8/5N2/PP1QPP2/R3K2R b KQ - 5 23,f6e4 h1h6 g7h6 d2h6,1203,kingsideAttack mate mateIn2 middlegame sacrifice short,23
Js7mL,5r1k/1pp1n1q1/p1n4p/3p1p2/3P1Q1N/2P1P3/PP4P1/2K4R b - - 3 26,e7g6 h4g6 g7g6 h1h6 g6h6 f4h6,1203,advantage discoveredAttack exposedKing fork long middlegame,21
fNLJI,8/3P4/1b6/1P2k3/2K2P2/8/8/8 b - - 0 60,e5f4 c4d5 f4f5 d5c6 f5e6 c6b6,1203,bishopEndgame crushing endgame long,6
iGKd3,8/7P/8/6k1/P2bPp2/5K2/8/8 b - - 0 52,d4e5 a4a5 g5g6 a5a6 g6h7 a6a7,1203,advancedPawn bishopEndgame crushing endgame long quietMove,7
rdpD1,r2qkb1r/ppp1nppp/3pb3/3N4/2BpP3/8/PPPPQPPP/R1B2RK1 b kq - 3 8,g7g6 d5f6,1203,mate mateIn1 oneMove opening,30
vvuH6,rn1q1rk1/1b3pBp/pp2pb2/2p2P2/P1p4N/3P2Q1/1PP3PP/R4RK1 b - - 0 15,f6g7 f5f6 d8f6 f1f6,1203,advantage middlegame pin short,27
5ssXc,5r2/1pp3kp/3p1qP1/3Q4/p1PR1r2/P7/1P3P2/2K4R b - - 0 23,f4d4 h1h7 g7g6 d5h5,1204,endgame mate mateIn2 short triangleMate,18
agGHV,r1b2r2/p2k4/3b2Qp/1p1P4/2n5/7K/6PP/1RR5 b - - 0 33,c4e5 g6e6 d7d8 c1c8 a8c8 e6d6,1204,crushing exposedKing long master middlegame,16
jO0I3,8/5kb1/1p2p3/1B1n2P1/8/5K2/3B4/8 b - - 2 47,e6e5 b5c4 e5e4 f3e4,1204,crushing endgame pin short,9
BpL3i,8/1Q6/6p1/5q2/2r2p2/4p2P/3k2PK/5R2 b - - 7 67,c4d4 b7b2 f5c2 b2d4,1205,crushing endgame fork short,11
Lp9cS,6k1/p2rqpp1/4p1p1/2p5/8/2PR1Q2/PP3PPP/6K1 b - - 0 25,c5c4 f3a8 e7f8 a8f8 g8f8 d3d7,1205,crushing endgame long,18
ALeVP,4r2k/Q5p1/2p3pp/8/P1q5/8/5P1P/5RK1 b - - 0 31,e8e5 a7b8 h8h7 b8e5,1207,crushing endgame fork short,13
lhHMF,8/8/8/1p4Kp/1P6/7k/5P2/8 b - - 0 45,h3g2 f2f4 g2g3 f4f5 h5h4 f5f6 h4h3 f6f7 h3h2 f7f8q,1207,advancedPawn crushing endgame pawnEndgame promotion quietMove veryLong,6
rPbTu,2br1r2/pp2kp1R/2n3p1/2Q5/4N3/2P1P3/P4KPP/7q b - - 13 28,e7d7 c5d6 d7e8 e4f6,1207,mate mateIn2 middlegame short,19
YfwjF,r3k2r/p3qppp/Q1p1p3/3p4/3P1P2/2P3nP/PP1N2P1/R4RK1 b kq - 4 17,g3f1 a6c6 e7d7 c6a8 e8e7 a8h8,1208,advantage fork long middlegame skewer,24
dfwtV,3q1r2/p3ppkp/b2p2p1/n1pB4/2P5/P2Q2P1/1r1NPP1P/R4RK1 b - - 0 17,b2b6 d3c3 g7g8 c3a5,1208,advantage fork master middlegame short,25
pXSVQ,8/p5kp/1P4p1/2n2p2/3b1P2/1r4P1/Q5KP/8 b - - 0 33,b3b2 a2b2 d4b2 b6a7,1208,advancedPawn advantage endgame sacrifice short,14
znVLi,4R1R1/7k/p3K1p1/1p1r3p/1P3r2/2P5/1P6/8 b - - 1 54,d5f5 g8h8 h7g7 e8g8,1208,blindSwineMate endgame mate mateIn2 rookEndgame short,13
4g8Do,4q3/p3P1p1/1p2Qnkp/8/1P4P1/P4P2/5P1K/8 b - - 0 38,e8f7 e6f5,1209,endgame mate mateIn1 oneMove,15
olriO,4r1k1/6pp/p3P3/2P1p3/7P/P7/8/2R1K3 b - - 0 36,g8f8 c5c6 f8e7 c6c7 e8c8 c1c6,1209,advancedPawn clearance crushing endgame long rookEndgame,12
aYUeP,r3r1k1/ppp1qppp/3p1B2/8/2P3b1/P4Q2/1P1RBPPP/4K2R b K - 0 14,g4f3 f6e7 f3g2 h1g1 e8e7 g1g2,1210,advantage long middlegame,24
lBwjN,4Q1k1/3N1p2/p5p1/5n2/1p5P/1P1q2P1/7K/8 b - - 5 43,g8g7 e8f8 g7h7 d7f6,1211,endgame mate mateIn2 short,13
8N2DY,4r1k1/1Q3ppp/2p1p3/8/4p3/P3P1PP/BP2q3/3rBRK1 b - - 2 30,d1e1 b7f7 g8h8 f7e8,1212,backRankMate endgame fork mate mateIn2 short,20
X1yj2,4rk2/1pr5/p1n1pQ2/3pP3/1q1P3N/8/PP3PPP/1B4K1 b - - 2 31,c7f7 h4g6 f8g8 f6h8,1213,mate mateIn2 middlegame short,20
z5oRR,r4rk1/pp3p2/1n4Bp/3p4/3P4/2P1P1R1/P1QK1P1P/q7 b - - 0 19,f7g6 c2g6 g8h8 g6h6,1213,endgame mate mateIn2 short,20
FwRkr,5Rkq/p7/4p1p1/1pp4r/7P/1P1P4/P1P4K/5R2 b - - 0 38,g8g7 f1f7 g7h6 f8h8,1214,endgame interference mate mateIn2 queenRookEndgame short,16
IEKT6,2kr1b1r/pp2p3/n1p1Pp1n/1N1p1Bpp/7P/q2Q1N2/P1P2PPB/1R4K1 b - - 7 16,a3d3 b5a7,1215,mate mateIn1 middlegame oneMove queensideAttack,28
Z5GK8,8/5pk1/6pp/p2KP3/1p1Q1PP1/1P6/P1q5/8 b - - 8 56,c2a2 e5e6 g7g8 e6e7,1215,advancedPawn crushing discoveredAttack discoveredCheck endgame queenEndgame short,14
vYPIl,6R1/6p1/4p2p/pp1bk3/6PP/P4r2/1P2KN2/8 b - - 5 50,e5f6 g8f8 f6e5 f8f3 d5f3 e2f3,1215,advantage endgame long,15
xCbpP,8/4k3/3p3p/3K1P2/6P1/8/8/8 b - - 0 59,h6h5 g4h5 e7f6 h5h6,1215,crushing endgame pawnEndgame short,6
3f3N1,r1bq1rk1/pp2b1pp/1np2p2/3pP2Q/3P1P2/2P5/P1B3PP/RNB2RK1 b - - 1 14,g7g6 c2g6 h7g6 h5g6,1216,crushing kingsideAttack opening short,28
Am38S,r4r2/4q1k1/p1nnPP1p/1p1p2p1/3P4/P1NQ4/1P6/RB2K2R b KQ - 0 29,f8f6 d3h7 g7f8 h7h8,1216,mate mateIn2 middlegame short,22
cBeOC,1r3rk1/5ppp/4b3/p4B2/3p4/1PqP1Q2/P4RPP/5RK1 b - - 1 21,c3c5 f5e6 f7e6 f3f8 b8f8 f2f8 c5f8 f1f8,1216,crushing discoveredAttack kingsideAttack middlegame veryLong,20
fT4f6,r1b1k2r/pp3pbp/2n1p1p1/4N1B1/2B5/8/PP3PPP/RN1R2K1 b kq - 0 13,c6e5 d1d8,1216,mate mateIn1 middlegame oneMove operaMate,24
Eh3j3,8/5r2/2R2P1p/4P1k1/8/1Pp4P/2K5/4b3 b - - 2 46,g5f5 e5e6 f7f6 e6e7 f6c6 e7e8q,1217,advancedPawn advantage endgame long promotion,11
oHpgh,r2q2k1/1pb2Qp1/p1p2R1p/2P3N1/1P6/P3r1P1/7P/R5K1 b - - 2 27,g8h8 f6h6 g7h6 f7h7,1217,kingsideAttack mate mateIn2 middlegame sacrifice short,20
TM93Q,2kr3r/ppp2pp1/3q2bp/3N4/2B1P3/8/PPPR1PPP/2KR4 b - - 4 16,d6h2 d5e7 c8b8 d2d8 h8d8 d1d8,1218,backRankMate deflection discoveredAttack long mate mateIn3 middlegame,23
TkSWQ,2R1b1k1/5qpp/5b2/2B1r3/8/1Q5P/P5P1/1R4K1 b - - 2 32,e5c5 c8e8,1218,mate mateIn1 middlegame oneMove pin,15
yE95p,7k/Q5p1/1p1p3p/2pNqn2/8/5RPP/PP3P1K/4r3 b - - 0 34,f5h4 f3f8 h8h7 d5f6 e5f6 f8f6,1219,crushing endgame long pin,18
2VPxl,r4rk1/1p2pp1p/p1p3p1/5n2/1qbN4/1P2P1P1/PQ3PBP/R4RK1 b - - 1 16,f5d4 b2d4 c4f1 d4b4,1221,crushing middlegame short,25
NvcrI,2rr2k1/pp3pp1/7p/8/Q2P3q/7P/PP3PP1/R3R1K1 b - - 0 26,h4d4 e1e8 d8e8 a4d4,1221,advantage deflection endgame short,19
ObhdW,1r3rk1/4bppp/pq2p3/3n4/8/5NQP/PB3PP1/1R1R2K1 b - - 1 22,d5f6 b2f6 e7f6 b1b6,1221,advantage discoveredAttack middlegame pin short,21
TMLsa,8/8/p2k4/3p4/1Pq5/2PQ4/4K3/8 b - - 7 73,d6c6 d3c4 d5c4 e2e3,1221,crushing defensiveMove endgame queenEndgame short,8
TuO8A,3R1k2/5p2/2B3p1/3P3p/1P5P/8/4r1r1/3K4 b - - 4 37,f8e7 d8e8 e7d6 e8e2,1221,crushing endgame master short,12
U5JhP,2kr3r/pbpq4/np1p4/3Pp3/P1P1P1pp/1NP3P1/4B2P/R2QR1K1 b - - 1 23,h4g3 e2g4 g3h2 g1h1 d7g4 d1g4,1221,advantage long middlegame pin,26
y9bHb,r3kbnr/1b2qppp/p1npp3/1p2N3/3PB3/BR6/P1P2PPP/3QK2R b Kkq - 3 15,a8b8 e4c6 b7c6 e5c6 e7b7 c6b8,1221,crushing fork long middlegame,28
I6CNg,r4rk1/pb2bppp/1p2p3/2p1Pn2/2N2P2/3P4/Pq1BB1PP/2RQ1R1K b - - 1 15,b2a2 c1a1 a2a1 d1a1,1222,advantage middlegame short trappedPiece,27
mNPrh,6k1/6p1/3R3p/2n2P2/8/3B4/6KP/2r5 b - - 2 49,c1d1 d3c4 g8f8 d6d1,1222,crushing discoveredAttack endgame short,10
yousM,1R6/p2R2k1/P1p1p2p/8/2P1q3/5nP1/5PKP/8 b - - 2 37,g7f6 b8f8 f6e5 f8f3,1222,advantage endgame short,15
injjI,8/pb3p1p/2q2pk1/5N2/1p3PP1/8/1P5R/5RK1 b - - 2 34,h7h5 f5e7 g6g7 e7c6,1223,crushing endgame fork short,15
fy5vN,6k1/4bpp1/2qpb2p/4P3/1p1Bn3/6NP/1PB2PP1/2Q3K1 b - - 2 26,e4g3 c2h7 g8h7 c1c6,1224,advantage discoveredAttack middlegame short,20
hbtAn,r2qk2r/ppp1bp2/4b3/2p1NnBp/8/2PP3P/PP2QPP1/RN2R1K1 b kq - 0 13,e7g5 e5f7 e8f7 e2e6 f7g7 e6f5,1224,attackingF2F7 attraction crushing discoveredAttack fork long opening pin,27
ouiDM,2krq2r/pbpp2pp/npN2n2/3p4/2P5/B1P4P/PQ3PP1/R3R1K1 b - - 1 18,e8g6 c6e7 c8b8 e7g6,1224,advantage fork middlegame short,26
qEzTg,8/5p1k/6b1/8/4Rr1p/1P3Qp1/6P1/6K1 b - - 9 49,f4f3 e4h4 h7g7 g2f3,1224,advantage endgame intermezzo master short,11
JVVGo,r3kb1r/2p1p1p1/1p3n1p/p1n1N3/8/2N5/PPP2PPP/2KR1R2 b kq - 0 17,a8d8 d1d8 e8d8 e5f7 d8e8 f7h8,1225,advantage attraction fork long middlegame,23
Q8F89,1r1q1rk1/5p1p/6pQ/p2pP2P/2p2Pb1/2P5/P1B5/2KR3R b - - 0 27,d8b6 h5g6 b6b2 c1d2 b2c2 d2c2,1225,crushing long middlegame,21
2MYry,r7/1bp2p1k/2p2p1p/pp6/3P2N1/2P3QP/PP3PPK/4q3 b - - 1 25,a8g8 g4f6 h7h8 g3g8,1227,discoveredAttack endgame fork mate mateIn2 short,21
BM0mL,2r2rk1/1p3ppp/p7/3NQ2n/7P/1P6/PB1q2P1/1b2R1K1 b - - 1 26,f8e8 e5e8 c8e8 e1e8,1227,kingsideAttack mate mateIn2 middlegame short,20
Ro3Ps,3Q4/8/1k6/1pb5/2p2P1P/5qP1/7K/8 b - - 2 53,b6c6 d8a8 c6d6 a8f3,1227,crushing endgame short skewer,10
8U0VT,r1bqr1k1/pp3ppp/2n2n2/8/Q3N3/3B1N2/PP3PPP/R3R1K1 b - - 0 13,d8d3 e4f6 g7f6 e1e8,1228,crushing discoveredAttack kingsideAttack middlegame short,24
B0sBR,8/4k3/6p1/3PP3/p3K1P1/p1b5/B7/8 b - - 0 44,c3b2 d5d6 e7d7 e4d5,1228,bishopEndgame crushing defensiveMove endgame short,10
qhjP7,8/5p2/2k5/2p1p2P/1pPp4/3K4/8/8 b - - 0 44,e5e4 d3e4 b4b3 e4d3 f7f5 h5h6,1228,crushing endgame long pawnEndgame,9
fMmXt,r3k3/p1Q2p2/1ppRb3/4Pp2/2q5/5P2/P5PN/7K b q - 1 33,c6c5 c7c6 e8f8 c6a8,1229,crushing endgame fork short,17
9GodA,5r2/kbp1qp2/pp1bp3/3pN1p1/3P2P1/2P1Q3/PPB2P2/1K2R3 b - - 7 28,f7f6 e5g6 e7f7 g6f8,1230,crushing fork master middlegame short,23
PrDVs,5k2/p2r1ppp/1p2pB2/2p2q2/2P1n3/1P3r2/P4PPQ/R3R1K1 b - - 0 29,f3f2 h2b8 d7d8 b8d8,1231,mate mateIn2 middlegame short,22
Rnyn5,r2q1rk1/ppp2ppp/2np1n2/2b1p2b/N1P1P3/3P1N1P/PP2BPP1/R1BQ1RK1 b - - 2 9,c5d4 f3d4 c6d4 e2h5 f6h5 d1h5,1231,crushing discoveredAttack long opening,32
gx20e,2r3k1/2r3b1/p2Rq1p1/PbP1pp2/4p3/1N2P3/1Q3BPP/2R3K1 b - - 1 36,e6d6 c5d6 c7c1 b3c1,1231,crushing hangingPiece master middlegame short,22
IZ0fb,r2q1k2/pp4p1/2pbQn1p/3pN1p1/3P2P1/2N3PP/PPP5/R5K1 b - - 3 21,d8e7 e5g6 f8e8 g6e7,1232,crushing fork middlegame short,24
NtSwl,2r1r1k1/6b1/2b3p1/3p1p2/pP2p3/P5B1/1P1KBP1R/7R b - - 5 32,d5d4 e2c4 g8f8 g3d6,1232,crushing middlegame short,19
72CGI,r2qr1k1/pppn1pbp/2np2p1/4pb2/3PP3/PP3N1P/1BPNBPP1/R2Q1RK1 b - - 0 11,f5e6 d4d5 e6d5 e4d5,1233,advantage fork opening short trappedPiece,32
WoW10,r1br2k1/1pq2pp1/n1p4p/p2P4/8/PQR2NP1/1P3PBP/3R2K1 b - - 0 20,c8e6 d5e6 d8d1 b3d1,1233,advantage middlegame short,24
jgcoj,r3k3/p1q2pp1/2pp1n2/4p2b/4P3/2PB1P2/PPQN1KP1/7R b q - 0 21,h5g6 h1h8 e8e7 h8a8 c7b7 a8h8,1233,crushing defensiveMove long middlegame skewer,22
AFyI1,r2q1r2/p5p1/bp1ppPk1/n5N1/2nPQP2/P7/5BPP/R3K2R b KQ - 0 19,g6f6 e4e6,1234,master mate mateIn1 middlegame oneMove,24
MTKQa,7R/1pbN1kp1/p1p2R1p/2P3q1/PPB3P1/5P2/5r2/6K1 b - - 6 38,f7e7 f6f7,1234,master mate mateIn1 middlegame oneMove operaMate,19
Sid6u,r4r1k/8/6Q1/p2p4/1p1P4/2q1P1P1/5PK1/1R6 b - - 1 31,a8a7 b1h1 a7h7 g6h7,1234,endgame mate mateIn2 short,14
x4605,r1bR1r1k/p5bp/2p3p1/1p2Bp2/2B5/1P6/P1P2PPP/3R2K1 b - - 0 18,b5c4 d8f8,1234,kingsideAttack mate mateIn1 middlegame oneMove pin,22
3bd9q,r5rk/pp2qBb1/3p3p/2p1pQ2/4Pp1P/3P4/PPPB1P2/2K3R1 b - - 0 21,g8f8 g1g7 h8g7 f5g6 g7h8 g6h6,1235,attraction deflection exposedKing kingsideAttack long mate mateIn3 middlegame sacrifice,24
83vAJ,4r2k/1p2r2p/p1p2p2/2Q5/3Pq3/2P2NPP/P4PK1/1R6 b - - 8 31,b7b5 b1e1 e4f3 g2f3,1235,advantage endgame master short,19
DgB5G,4r3/1bp2pk1/p4npp/8/1Pq1p3/2R3NP/1Q3PP1/6K1 b - - 1 31,c4d4 g3f5 g6f5 c3g3 g7f8 b2d4,1235,clearance crushing discoveredAttack long middlegame sacrifice,19
IYp7j,4kr2/1br4p/p1q1p3/7Q/Pp1P4/6R1/1P3PPP/4R1K1 b - - 6 32,f8f7 g3g8 e8e7 h5g5,1235,crushing master middlegame short,19
OjkoG,r4b2/pp3p1k/4pBp1/1P1pP2N/2r2PQP/2q5/5P2/5RK1 b - - 0 32,g6h5 g4h5 f8h6 h5f7 h6g7 f7g7,1235,exposedKing long mate mateIn3 middlegame,21
aXMHs,2kr3r/p1pqppb1/1pn2np1/1Q2N3/2PP2bp/P3P1P1/3N1PBP/1RB2RK1 b - - 1 17,c6e5 b5a6 c8b8 a6b7,1235,mate mateIn2 middlegame queensideAttack short,30
eDKRS,r3k2r/p2qn1b1/2p2p2/1N1ppbp1/1Q1P3p/4P2P/PP2BPPB/2R1K2R b Kkq - 5 19,a8b8 b5d6 d7d6 b4d6,1235,crushing middlegame short,28
p9PRc,r4rk1/1pp2ppp/3pq1n1/p3pN2/4P1Q1/3PP2P/PPP3PK/R4R2 b - - 1 17,e6f6 f5h6 g7h6 f1f6,1235,crushing discoveredAttack kingsideAttack middlegame short,26
sRQ7m,6k1/6pp/1rpqPb2/3p1QP1/3P4/pP6/P6P/1K6 b - - 0 35,f6d4 f5f7 g8h8 f7e8 d6f8 e8f8,1235,endgame long mate mateIn3,17
xRj46,r4rk1/ppb1qpp1/2p1pn1p/8/2PP2b1/1P3NP1/PBQ2PBP/R3R1K1 b - - 4 15,g4f5 c2f5 e6f5 e1e7,1235,advantage middlegame short,28
MsZ3C,2r2r1k/6p1/1q1p3p/p3pPQ1/2B3P1/1P6/P4PK1/7R b - - 0 29,b6d4 h1h6 g7h6 g5h6,1236,endgame mate mateIn2 sacrifice short,18
5xCt5,1r1qk2r/1pp2ppp/p1nbp3/3p4/3Pb3/1QP2P1N/PP2P1PP/R1B1KB1R b KQk - 1 11,c6a5 b3a4 b7b5 a4a5,1238,advantage fork opening short,30
s8S5o,2kr3r/ppp2ppp/2n5/8/QB2P3/8/P4PPP/q2B1RK1 b - - 3 15,c6b4 d1g4 c8b8 f1a1,1238,advantage discoveredAttack middlegame short,21
xWvfg,rn1qr1k1/1p3p2/2pb1n1Q/3p2N1/p2P4/2PB3P/PP3PP1/R4RK1 b - - 2 18,d6f8 d3h7 f6h7 h6h7,1238,kingsideAttack mate mateIn2 middlegame short,25
yIY9Q,5rk1/pp6/q2Np1p1/3nPp2/3P2Q1/1P3R2/P7/5RK1 b - - 0 32,f5g4 f3f8 g8h7 f1f7 h7h6 f8h8 h6g5 d6e4,1238,cornerMate endgame exposedKing mate mateIn4 veryLong,18
DYVOe,4k2r/1b3pRp/pn2pP2/1p2P3/2p5/8/PPP1B2P/2K5 b - - 3 24,e8f8 e2h5 b7e4 g7f7,1239,advantage endgame short,19
ErSzq,r3r1k1/ppp1qppp/4b3/2np1B2/1P1N4/2P2P2/P1P1Q1PP/R3R1K1 b - - 0 16,e6f5 e2e7 e8e7 e1e7,1239,crushing middlegame short,26
QslaN,8/pb1r3p/1pp1nkp1/2P5/1P1P4/6P1/P4P1P/3RR1K1 b - - 0 27,d7d4 e1e6 f6e6 d1d4,1239,crushing endgame intermezzo short,19
1V7b6,6k1/p1p2p1p/6q1/2Q5/8/2P5/P2r2PP/6RK b - - 7 26,g6b6 c5g5 b6g6 g5d2,1240,crushing endgame fork short,14
l8bqj,8/6p1/1R5p/8/3n1p1k/7P/2r3PN/6K1 b - - 5 49,g7g5 b6h6 h4g3 h2f1,1240,endgame master masterVsMaster mate mateIn2 short,11
4aUEm,4rk1r/pp1Qnpp1/2n5/4N2p/1q6/4B3/PP1R1KPP/3R4 b - - 1 24,c6e5 d7e8 f8e8 d2d8,1241,attraction master masterVsMaster mate mateIn2 middlegame sacrifice short,21
7AtFw,r2qk2r/1bp2pQ1/p2p1n1p/1pb1pP2/4P3/P1NP4/BP1KN1PP/n1B4R b kq - 0 13,h8g8 g7f7,1241,attackingF2F7 mate mateIn1 middlegame oneMove,29
6VogF,2r5/r1pb1k1B/Pp1b2Q1/1P1pq1p1/8/1RN1P1pP/5P2/2R3K1 b - - 9 45,f7f8 g6g8 f8e7 c3d5 e5d5 g8d5,1242,crushing exposedKing long middlegame,22
MIN8F,rn1q1rk1/1b2bp1n/pp1pp2Q/2p4P/4P3/2NP1N1R/PPP1BPP1/2KR4 b - - 2 13,e7g5 f3g5 d8g5 h6g5 h7g5 h3g3,1243,advantage kingsideAttack long middlegame pin,29
WLf7q,r1bq1rk1/4ppbp/p2p1npB/8/1p1PP3/1P3P2/1P1QN1PP/R2NK2R b KQ - 1 14,f6e4 f3e4 g7h6 d2h6,1243,advantage hangingPiece master middlegame short,28
ZHRV2,8/ppp2p2/2b5/8/1Pk2K1B/r4P2/7P/5R2 b - - 2 40,c4b4 h4e7 b4a4 e7a3,1243,crushing endgame short skewer,13
BLbLa,8/3Rr1k1/4P1p1/6P1/ppr5/8/PP2R3/3K4 b - - 1 43,e7d7 e6d7 c4d4 e2d2 d4d7 d2d7,1244,advancedPawn crushing endgame long rookEndgame,13
E6LZu,r4bnr/pp2kpp1/3np2p/8/P1PPq3/2P1BN2/4QPPP/R3K2R b KQ - 4 15,d6f5 e3g5 h6g5 e2e4,1244,advantage discoveredAttack middlegame short,26
HVAPF,r2kr3/2p1qpb1/1p1p2pp/pQ1Pp3/2R5/2P2P2/PPB1KP2/7R b - - 12 32,e7d7 b5d7 d8d7 c2a4,1244,advantage attraction middlegame short,24
phIM8,2r3k1/1qBRb1pp/p3pr2/1p3p2/1P6/P5P1/4QP1P/2R3K1 b - - 5 24,e7d8 d7d8 c8d8 c7d8,1244,advantage middlegame short,21
q9jsb,2r3k1/pb4q1/1p2Q1p1/3p1p2/1P6/3BP3/P2bKPP1/7R b - - 0 25,g7f7 h1h8 g8h8 e6f7,1244,crushing deflection middlegame short,19
3jcVf,4k3/8/1p2P2R/p1b3B1/r7/3K4/8/8 b - - 0 55,a4g4 h6h8 c5f8 e6e7,1245,advancedPawn crushing endgame master short,9
GvK4m,r2qk2r/2p2pp1/p3p2p/1bQnP3/3P4/B4N2/P4PPP/R4RK1 b kq - 4 17,b5f1 c5c6 d8d7 c6a8,1245,crushing deflection middlegame short,24
OeaHg,r1bq1r2/ppp2p2/1b1p2p1/4n1k1/2B4Q/2P3P1/PP1N4/R1B2K2 b - - 2 21,g5f5 h4f4,1245,master mate mateIn1 middlegame oneMove,23
4DTpR,r3k3/pp1bq1pp/3pn3/2p1p3/2Q1N3/B7/PPP3PP/3R3K b q - 3 22,e6d4 c4g8 e7f8 e4d6,1246,advantage middlegame pin short,22
Iv8bV,r4rk1/p4ppp/2Bqpn2/2p5/Q1Pp1P2/3b2P1/PP5P/R1B1R1K1 b - - 0 15,d3c4 c6a8 c4d5 a8d5,1246,advantage middlegame short,25
VMfKl,2r4k/pQ4pp/8/3q1p1n/1P1P1P2/8/1P4PP/2r1RR1K b - - 11 28,c1e1 b7c8 d5g8 c8g8 h8g8 f1e1,1246,crushing endgame hangingPiece long,19
W2XfE,6k1/6pp/R3N3/1p2B2n/8/1P3rPK/P6P/5r2 b - - 6 35,f1e1 a6a8 g8f7 e6g5 f7g6 g5f3,1246,crushing endgame fork long,15
2wieT,r4rk1/p3Qpbp/2p3p1/q1p2bN1/1n1P4/1B3N2/P2B1PPP/5RK1 b - - 0 21,a8e8 b3f7 g8h8 f7e8,1247,crushing fork master middlegame short,25
7y9Xa,r3R1k1/b4qpp/8/1pNn4/1p4Q1/P7/1B3PPP/4R1K1 b - - 0 23,a8e8 e1e8 f7e8 g4g7,1247,mate mateIn2 middlegame short,19
csZZf,4r1k1/2n3p1/p3pr1p/1p2Rp2/1P1P4/P4N1P/5PP1/4R1K1 b - - 0 23,c7d5 e5d5 e6d5 e1e8,1248,crushing discoveredAttack endgame kingsideAttack short,20
FBeCc,r5k1/pp3pbp/3q1np1/2p1Rb2/8/1PQP1N1P/rBP2PP1/5RK1 b - - 3 27,f6d5 e5e8 g7f8 c3h8,1249,clearance kingsideAttack mate mateIn2 middlegame short,25
JDAJs,4r2k/p1pb1p2/1p1p1P1b/3P1Bq1/2PB2p1/8/PPQ3KP/5R2 b - - 0 26,g5d2 c2d2 h6d2 f5d7,1249,crushing middlegame short,22
twIYo,r1bq3r/pp1n2pp/4kn2/4N3/2B2P2/2P1P3/P5PP/R1B1K2R b KQ - 2 13,e6e7 c1a3 d7c5 a3c5,1249,advantage middlegame short,23
aD2Ot,r1bq1rk1/pppp1ppp/2n2n2/b2Np1N1/2P5/4P3/PPQP1PPP/R1B1KB1R b KQ - 6 7,h7h6 d5f6 d8f6 c2h7,1250,kingsideAttack mate mateIn2 opening short,32
cKAIV,8/8/5Q1k/p5p1/8/4q2P/6PK/8 b - - 3 41,h6h5 g2g4 h5h4 f6h6,1250,endgame mate mateIn2 queenEndgame short,8
jPFrf,1r4k1/5pp1/prpq1n1p/2pp4/1PP5/P2P3P/2QN1PP1/1R2R1K1 b - - 0 22,c5b4 c4c5 d6f8 c5b6,1250,crushing fork middlegame short,24
n0S4c,8/4nk2/1R6/4PP2/r7/5K2/5P2/8 b - - 0 44,e7f5 b6f6 f7e7 f6f5,1250,crushing endgame fork master short,8
8oOae,3R1bk1/4pp1p/6p1/2p3q1/1n6/r3PP2/1Q3P1P/7K b - - 3 25,a3d3 d8f8 g8f8 b2h8,1251,attraction endgame master mate mateIn2 sacrifice short,17
Etrru,8/ppq2k2/2p5/4P1r1/2P2Q2/1P5b/P7/2B4K b - - 0 31,g5f5 e5e6 f7e6 f4c7,1251,crushing discoveredAttack endgame short,14
1XQuR,r2r4/pq2p1kp/b4pp1/8/6N1/1P6/P4PPP/Q3R1K1 b - - 5 24,d8d7 e1e7 d7e7 a1f6 g7g8 g4h6,1253,long mate mateIn3 middlegame sacrifice,19
lKUSZ,r7/1p1Q1kp1/1p3p2/2p1qN1r/2P5/P3B1PP/1P3P1K/8 b - - 2 36,f7g6 d7g7 g6f5 g7g4,1253,endgame mate mateIn2 sacrifice short,19
94Z3q,5k2/1pR3bp/1p1pB3/3P4/1P2p3/r7/6PP/5K2 b - - 1 31,a3b3 c7f7 f8e8 f7g7,1254,crushing deflection endgame short,15
XaBBe,6Q1/5K2/8/3k4/8/8/8/7q b - - 0 62,d5e4 g8a8 e4e5 a8h1,1254,crushing endgame master queenEndgame short skewer,4
nPve6,r1bqk2r/pp3ppp/2nbpn2/2pp4/4PP2/3P1NP1/PPP3BP/RNBQ1RK1 b kq - 0 7,e8g8 e4e5 d6e7 e5f6,1254,advantage fork opening short,32
pQXu8,8/pp6/2p5/2P2k1p/PP3p1P/5K2/8/8 b - - 0 33,b7b6 c5b6 a7b6 a4a5 b6a5 b4a5,1254,crushing endgame long pawnEndgame,11
3J9qM,2r2rk1/5ppp/pp3n2/2bp4/N7/1P2P3/P4PPP/R1B2RK1 b - - 0 17,b6b5 a4c5 c8c5 c1a3 c5c2 a3f8,1255,crushing long middlegame,22
LIlGu,3r3r/4bk2/1p6/2p1pp2/P1B4P/2P1BKP1/1P6/6R1 b - - 3 30,f7f6 e3g5 f6g7 g5e7 d8d7 e7g5,1255,crushing defensiveMove deflection endgame long skewer,17
kAkoW,2rr1k2/6b1/4Qp2/2qp2p1/1N2p2p/Pp2P2P/1P3PPB/3R2K1 b - - 3 39,c5c1 h2d6 d8d6 e6d6,1255,crushing middlegame short,22
dqYjW,8/4k1Q1/p3p3/1p6/1q2P3/1b3P1P/6PK/8 b - - 2 49,e7d6 g7f8 d6c6 f8b4,1256,crushing endgame master short skewer,12
gcG7p,8/3k1b2/2p5/PpK5/3P4/1P3pBp/7P/8 b - - 0 60,f7b3 a5a6 f3f2 g3f2,1256,bishopEndgame crushing endgame short,12
30ghD,4r3/p7/2r2k2/4n1p1/P3Rp2/1P3P1P/6P1/3R2K1 b - - 1 45,f6e6 e4e5 e6e5 d1e1 e5d4 e1e8,1257,advantage attraction endgame exposedKing long sacrifice skewer,15
FX5Xi,r2q1rk1/1b3ppp/p2pp3/4P3/pP1Q1P2/P4B2/2P3PP/R4RK1 b - - 0 17,d6e5 d4d8 f8d8 f3b7,1257,advantage middlegame short,24
ViBy8,rn3r2/pppb1pk1/5p1p/8/8/3BR3/PqPQ2PP/RN5K b - - 3 17,f8g8 e3g3 g7f8 d2h6,1257,crushing deflection discoveredAttack middlegame short,22
BkhbD,8/8/3qk1p1/7p/1ppQP2P/4K1P1/1P6/8 b - - 9 49,d6d4 e3d4 c4c3 b2c3 b4b3 d4d3,1258,crushing defensiveMove endgame long master,12
JNYP2,4r1k1/1R2B3/6p1/3K2P1/1p6/2b5/8/8 b - - 4 44,g8f7 e7b4 f7g8 b4c3,1258,crushing discoveredAttack discoveredCheck endgame master short,9
c9zPc,r1b2rk1/ppp1q1pp/3p1n2/4p3/2PPB3/6P1/PP2QP1P/2KR2NR b - - 1 13,e5d4 e4h7 g8h7 e2e7,1258,crushing discoveredAttack kingsideAttack middlegame short,26
EZmL3,8/4k2p/4p1p1/3pn2P/5KP1/8/8/1B6 b - - 1 57,e7f6 g4g5 f6f7 f4e5,1259,crushing deflection endgame short,10
FI50d,6k1/1R4p1/4p2p/8/3PB3/2P1P1b1/r3r3/5RK1 b - - 3 31,g7g5 e4h7 g8h8 f1f8,1259,endgame mate mateIn2 short,14
GHnCS,2R5/8/8/2k1pK2/5b2/r6p/8/3R4 b - - 1 46,c5b4 d1b1 a3b3 c8b8,1259,crushing endgame master short,8
c8bO7,rn1q1rk1/1p2bppp/p1p2nb1/4R3/8/1NN2B1P/PPP2PP1/R1BQ2K1 b - - 2 13,d8d7 d1d7 b8d7 e5e7,1260,advantage capturingDefender opening short,28
eTGp2,3r2k1/p3R1p1/7p/2p2p1Q/3r4/3q3P/P4PP1/2R3K1 b - - 1 28,d4d7 h5f7 g8h8 f7g7,1261,endgame mate mateIn2 short,17
wYsuj,1rbq1n1r/2pk1Pb1/3p2p1/1p2PnNp/QN2BP2/8/PP1B2PP/R4RK1 b - - 1 21,b5a4 e4c6 d7e7 b4d5,1261,mate mateIn2 middlegame short,28
1uqkP,r1r3k1/2q2p1p/4p1p1/4P3/2P5/6PP/n2Q1P1B/R4BK1 b - - 2 38,c7e5 a1a2 a8a2 d2a2,1262,advantage middlegame short,19
UtdFN,r1bq1rk1/2p1bppp/2np1n2/p7/1p1NP1P1/4B3/PPPQBP1P/2KN2RR b - - 0 12,f6e4 d4c6 e4d2 c6d8,1262,advantage hangingPiece opening short,30
oNe5T,r2qrk2/ppp3bQ/2np2p1/6N1/2b1P3/8/PPP3PP/R4RK1 b - - 1 19,c4f1 a1f1 d8f6 f1f6,1262,crushing master middlegame short,23
xTCCP,5r2/2Rk1p2/p4np1/Bp6/3p1P2/3BnbPP/PP5K/8 b - - 1 30,d7e8 c7c8 e8e7 a5b4 e7d7 c8f8,1262,advantage deflection long middlegame,19
5Bq05,1B2kb1r/p4ppp/5n2/2p5/4q3/2N4P/PPP2PP1/R5K1 b k - 3 20,a7a6 c3e4 f6e4 a1e1 f7f5 f2f3,1263,advantage long middlegame pin,20
XAxoN,5k2/pp3qp1/1bp1p3/8/5PP1/1B1R3r/PP1Q2K1/8 b - - 3 37,h3h4 d3d8 b6d8 d2d8 f7e8 d8h4,1263,advantage endgame fork long sacrifice,17
nfV59,r2qkb1r/1ppn2pp/1p1p4/4Np1b/4p3/1BN4P/PPP2PP1/R2Q1RK1 b kq - 1 14,h5d1 b3f7 e8e7 c3d5,1263,mate mateIn2 middlegame short,28
PIxAi,6r1/p4p1k/5Qpp/p3B3/2bN4/8/3q2PP/5R1K b - - 5 29,c4f1 f6f7 g8g7 f7g7,1264,endgame fork mate mateIn2 short,16
f4VnZ,4Rr1k/pp2Rrp1/6Qp/1P1p4/P7/2q2P1P/6P1/7K b - - 1 32,f8e8 e7e8 f7f8 e8f8,1265,endgame mate mateIn2 short,18
k9SiN,5rk1/ppr3p1/4pq2/1P1p1pNQ/P2P3P/2P3P1/8/5RK1 b - - 3 28,f6h6 h5h6 g7h6 g5e6 c7c3 e6f8,1265,advantage capturingDefender endgame fork long,20
mQbrn,1r6/7k/4Np2/8/2pRb3/8/PpP4P/1K6 b - - 1 34,f6f5 e6g5 h7g6 g5e4 f5e4 d4e4,1266,advantage endgame long,12
uZztV,r2r3k/P5p1/4Q2p/5R2/1p1q4/2n4P/5PP1/4R1K1 b - - 0 34,d4d7 f5f8 d8f8 e6d7,1266,advantage deflection middlegame short,16
umQuV,5r2/8/2p1rPkp/p1b3p1/8/1PP1PR2/P2NK3/5R2 b - - 0 30,f8f6 f3f6 e6f6 f1f6 g6f6 d2e4 f6e5 e4c5,1267,attraction crushing endgame fork veryLong,17
2z47K,r1b2rk1/ppppnppp/2N2q2/1Bb5/4P3/2P1B3/PP3PPP/RN1QK2R b KQ - 0 8,c5e3 c6e7 f6e7 f2e3,1269,advantage intermezzo opening short,29
HsIJi,8/1r3pp1/1k5p/8/5KP1/7P/2R5/8 b - - 1 56,g7g6 c2b2 b6a7 b2b7 a7b7 f4e5 b7c7 e5f6,1269,crushing endgame exposedKing rookEndgame veryLong,9
JiZVI,1n1r1r2/nR6/P1k1p2p/3pPp2/3P4/2P5/5PpP/1R4K1 b - - 3 28,d8d7 b1b6,1269,blindSwineMate endgame mate mateIn1 oneMove,19
mi9sG,r2q1rk1/bp4pp/p1p1p3/P3N3/1P2n3/1QP4P/5PP1/R1B2RK1 b - - 1 19,e4f2 b3e6 g8h8 e5f7 f8f7 e6f7,1269,advantage fork long middlegame,24
PfoIK,r1b4r/1pq1k2p/p2b1p1Q/3Pp3/2B5/1P6/P5PP/RNB3K1 b - - 3 17,c8f5 h6g7 e7e8 g7h8 e8f7 h8a8,1270,advantage interference long middlegame skewer,22
lYB7v,3r1rkR/1b3p2/1p2pnp1/4N3/p1PP4/3B3Q/1q3PPP/3R2K1 b - - 1 28,g8g7 h3h6,1270,master mate mateIn1 middlegame oneMove triangleMate,22
pjwU6,1r3rk1/pp3pp1/2p1q2p/3nN3/3P2P1/3BP2P/P1Q5/4R1K1 b - - 0 23,f7f6 d3h7 g8h8 e5g6,1270,crushing kingsideAttack middlegame short,21
apTHT,r1b2rk1/p5bp/2p1pnp1/3p4/N3q3/2P1B3/PP2BPP1/R2QK2R b KQ - 1 15,e4g2 e2f3 g2h1 f3h1,1272,advantage middlegame short trappedPiece,25
8z7Rn,7r/2q1kpb1/2p1p1p1/2P3P1/1p1NQ3/8/PP3P2/1K1R4 b - - 1 27,h8d8 d4c6 c7c6 e4c6,1273,crushing endgame fork short,18
HLoeh,8/7k/5q2/1pK5/p2P4/P2P4/8/8 b - - 2 69,f6d4 c5d4 b5b4 a3b4 a4a3 d4c3,1273,crushing defensiveMove endgame hangingPiece long,8
hBg5G,8/1p1N3k/p1p3Rp/P1Pp3P/3r4/8/KP2r3/8 b - - 4 45,d4d2 d7f6 h7h8 g6g8,1273,arabianMate endgame master mate mateIn2 short,15
y8OB0,r1b2rk1/1p4b1/pq2p1Q1/3N4/5P2/8/PP4PP/R6K b - - 0 22,b6b2 d5e7 g8h8 g6h5 g7h6 h5h6,1273,exposedKing long mate mateIn3 middlegame,18
UTFmM,r2qr1k1/p3nQ1p/1pn3p1/2p5/8/P1PP3P/B1P2PP1/4RRK1 b - - 0 17,g8h8 f7f6,1274,mate mateIn1 middlegame oneMove,23
ZBdSk,r1bqk2r/pppn1ppp/4pB2/8/1bBP4/2N1P3/PP3PPP/R2QK1NR b KQkq - 0 7,d7f6 d1a4 c8d7 a4b4,1274,advantage fork master opening short,29
fOzqK,rn3k2/pb3ppQ/4pb2/1N2q3/8/8/PPB2PPP/3R2K1 b - - 0 20,b7c6 h7h8 f8e7 h8d8,1274,mate mateIn2 middlegame short,20
rBO8w,r2q1rk1/1pp2ppp/p1nbpn2/3pN3/3P4/2PQP1B1/PP1N1PPP/R3K2R b KQ - 1 10,c6e5 d4e5 d6e5 g3e5,1274,advantage fork middlegame short,30
wvvpi,1r6/3nkpQ1/p1pp2p1/q2NpPN1/2b1P3/8/1PP3P1/2KR4 b - - 2 27,c6d5 g7f7 e7d8 g5e6 d8c8 f7e8 c8b7 e8d7,1274,crushing deflection middlegame veryLong,21
Fqvqp,rn2kbnr/pp4pp/2p2p2/4p3/4PP2/2NP2Pb/3B3P/3QK2R b Kkq - 0 13,e5f4 d1h5 e8d8 h5h3,1275,advantage fork middlegame short,24
2FuB1,1R1r1bnr/1Qpk1pp1/1p5p/1P3q2/3PR3/2P5/5PPP/1NB3K1 b - - 0 19,d8b8 b7c6 d7d8 c6e8,1276,mate mateIn2 middlegame short,23
AG022,5B2/7p/2p5/3q1bR1/1P3P1k/P7/3p2PK/8 b - - 3 53,d5g2 g5g2 d2d1q f8e7 h4h5 g2g5,1276,crushing endgame long,13
w5dcp,3Q2kr/6p1/2p1qpp1/1p1p4/2rP3P/P3PNP1/1P3PK1/7R b - - 4 33,g8h7 f3g5 f6g5 h4g5 e6h3 h1h3,1276,discoveredAttack discoveredCheck endgame long mate mateIn3 sacrifice,21
041yQ,8/1p3pk1/p1pN1bp1/2P5/1P6/P5P1/3Q1P1K/1q6 b - - 9 40,b1b3 d6e8 g7f8 e8f6,1277,crushing deflection endgame master short,16
nTYD1,3r4/p2qp1k1/1pn1pbp1/2p4p/5P2/2Pr2NP/PP3QP1/2B1RRK1 b - - 5 28,f6h4 g3h5 g7f7 f2h4,1277,advantage discoveredAttack master middlegame short,25
oOhAL,8/8/p1p2K2/P3P3/2bB4/2P2kp1/8/8 b - - 3 53,g3g2 e5e6 c6c5 d4c5,1277,bishopEndgame crushing endgame short,10
HLVXL,1r2kb1r/pp3ppp/1q2p3/3p1b2/2pPn2N/2P1P3/PPB1QPPP/RN2K2R b KQk - 1 10,b6b2 c2a4 b7b5 e2b2,1278,advantage discoveredAttack opening short,30
X76Yf,7r/1k2q3/p7/3Q4/Pp2p3/8/1P3PPb/2R2K2 b - - 0 34,b7a7 d5d4 a7b7 d4h8,1278,crushing endgame fork short,14
YVHKI,5r2/pp2rpk1/2qp2p1/2p3Pp/4PQ2/3P1R2/PPP4P/5RK1 b - - 3 23,a7a5 f4f6 g7g8 f6e7,1278,crushing endgame fork short,22
CWyk7,5rk1/p3ppB1/3p2P1/q2r1N2/1p4p1/1P3P2/PP1Q4/1K1R3R b - - 0 22,d5d2 h1h8,1279,mate mateIn1 middlegame oneMove operaMate,21
Sta7K,r3kbnr/1ppq2pp/p1n2p2/3pP2b/8/2NBPN1P/PPPB1PP1/R2QK2R b KQkq - 0 9,c6e5 f3e5 f6e5 d1h5,1279,advantage discoveredAttack opening short,31
k20es,r1r3k1/5ppp/4pn2/8/3Bp3/P5PP/2P1PPB1/1R4K1 b - - 2 22,c8c2 d4f6 g7f6 g2e4 c2c8 e4a8,1279,advantage capturingDefender endgame fork long,19
F131f,r6k/pp2R1rp/1q3p1Q/nb1p4/3P3N/P6P/5PP1/R5K1 b - - 1 25,a8g8 h4g6 g7g6 h6h7,1280,deflection kingsideAttack mate mateIn2 middlegame pin sacrifice short,21
GRouT,5rk1/5ppp/2p5/8/ppQ4P/qPb5/P4R2/1K1R4 b - - 0 32,a4b3 c4f7 f8f7 d1d8 f7f8 f2f8,1281,endgame long mate mateIn3 sacrifice,17
Knoyd,2b1r1k1/5p1p/2R1nbp1/3p4/3N4/4B1N1/4BPPP/6K1 b - - 0 27,e6d4 c6f6 d4e2 g3e2,1281,advantage hangingPiece master middlegame short,18
MCErN,8/5PR1/8/6p1/p6p/P3K1k1/5r2/8 b - - 2 54,g5g4 g7g4 g3g4 e3f2,1281,crushing deflection endgame master rookEndgame short,9
itKwK,2r1r2k/pp3Q1p/2n1p1p1/2qpP3/8/2P2R2/PPB3PP/2R4K b - - 2 22,c6e5 f7f6 h8g8 f6e5,1281,crushing fork middlegame short,22
oetiI,r3r2k/4b1p1/p1Q4p/2p5/3q4/3P2P1/PP2RP1P/4R1K1 b - - 11 30,d4d6 c6d6 e7d6 e2e8 a8e8 e1e8,1281,crushing long middlegame,19
RdUci,2rq2k1/1p2b1p1/3p4/1B1P2PQ/P3R3/8/8/2r1R2K b - - 0 39,c1e1 e4e1 e7g5 e1e8 d8e8 b5e8,1282,crushing fork long middlegame,16
SkwnT,8/7k/4p1pp/8/8/P1p4P/3q1PP1/4QK2 b - - 1 42,e6e5 e1d2 c3d2 f1e2 d2d1q e2d1,1282,crushing endgame long queenEndgame,12
LuXkN,5q1k/2p3p1/p6r/1p6/2nPB3/2P1P1P1/PP3PP1/2KR3R b - - 0 24,h6h1 d1h1 h8g8 e4d5,1283,crushing endgame short,20
YEOfv,r3Rb2/p2k1q2/Pp1p2p1/1NpP1p2/2P2Qn1/1P6/2B4P/5RK1 b - - 0 29,f7e8 c2f5 g6f5 f4f5,1284,crushing middlegame short,22
reN72,1Q1bk2r/ppR2ppp/1n2p2n/3pP3/3q4/PP6/3N1PPP/5RK1 b k - 3 21,d4e5 c7e7 e8e7 b8e5,1284,advantage discoveredAttack middlegame pin short,24
bj30v,8/pk2q3/1p1r3p/8/1B6/P6P/2Q2PP1/6K1 b - - 13 54,d6c6 c2c6 b7c6 b4e7,1285,crushing endgame short,13
MRwBY,2kr2r1/p2n1p2/2p5/q3p2p/1b2N1p1/1R2B3/2P1BPPP/3RQ1K1 b - - 0 21,b4e1 e4d6 c8c7 b3b7,1286,mate mateIn2 middlegame queensideAttack short,23
cZecm,5rk1/pb2p2R/1p2Nbp1/2p1p3/2P1P1P1/4B3/PP3P2/3K4 b - - 2 25,f8f7 h7f7 g8f7 e6d8 f7e8 d8b7,1286,attraction crushing endgame exposedKing fork long,20
q9cS4,r4r2/p1Q1Nk2/7p/3p4/2p2p2/4nPqb/P3R1P1/R5K1 b - - 1 33,f7e6 e2e3 f4e3 c7g3,1286,crushing deflection middlegame short,19
rzd8n,8/6p1/5r1p/5Pk1/R5P1/6KP/8/6b1 b - - 2 51,h6h5 h3h4 g5h6 g4g5 h6h7 g5f6,1286,crushing endgame fork long,10
vVm1w,r4r1k/p4p1p/4pp2/3p4/6Q1/3P2P1/Pq3PK1/R6R b - - 3 21,f6f5 h1h7 h8h7 a1h1,1286,attraction endgame mate mateIn2 sacrifice short,18
e7fQx,2rR2k1/pq2ppbp/1p4p1/6r1/8/P1P1PN2/1n2QPPP/3R2K1 b - - 1 22,c8d8 d1d8 g7f8 f3g5,1287,crushing kingsideAttack master middlegame short,23
hKLZD,5k1r/pp6/5R2/3p1Q1p/3q3P/1B2rP2/P1P5/2K5 b - - 0 28,f8e7 f6f7 e7d6 f5d7 d6c5 d7c7,1287,advantage endgame exposedKing long,16
5f2r2,2k5/7R/1pN1p2p/8/4N3/8/r1p5/5BK1 b - - 1 44,c2c1q e4d6,1288,cornerMate endgame master mate mateIn1 oneMove,11
YywNK,r1bqr1k1/p3bp2/4pn1Q/2pp2N1/1n1P4/2N5/P4PPP/RB2K2R b KQ - 2 15,e7f8 b1h7 f6h7 h6h7,1288,kingsideAttack mate mateIn2 middlegame short,25
uOECG,3k2r1/pb6/1pqp2B1/5p2/8/4Q2P/2P1R1PK/8 b - - 1 38,g8g6 e3e7 d8c8 e7f8,1288,endgame,15
MvOBn,r1b2rk1/pp2qpbp/2p3p1/2n1p3/4P3/2P1BN2/PPB2PPP/R2Q1RK1 b - - 5 14,f8d8 e3c5 d8d1 c5e7 d1a1 f1a1,1289,crushing long opening,28
Pd8C0,4rr1k/pp1n1q1B/2p1pP1Q/8/2P5/P6R/1P3PPP/6K1 b - - 0 33,f7f6 h7g6 h8g8 h6h7,1289,discoveredAttack mate mateIn2 middlegame short,20
QeXoE,8/6p1/2r2p2/b5kp/3Bp3/4P1P1/5PKP/1R6 b - - 1 34,h5h4 b1b5 g5g6 b5a5,1289,advantage endgame fork short,14
4Lyq4,rnb2rk1/6pp/p3p3/1p1pPp1q/2pP2P1/2P2P1P/PPBQ4/RN4KR b - - 0 19,f5g4 h3g4 h5h1 g1h1,1290,crushing middlegame short,28
uQZJL,3k1b2/1r2p3/p2p4/5Q2/n7/1q4PP/4R3/2K1R3 b - - 1 39,b3b1 f5b1 b7b1 c1b1,1290,master middlegame,14
v6W5u,8/2p5/1p1p4/3P1K1Q/1PP5/5k2/8/4q3 b - - 1 49,f3e3 h5e8 e3f2 e8e1 f2e1 f5e6 e1d2 e6d7 d2c3 d7c7,1290,crushing endgame queenEndgame veryLong,10
HbvhJ,8/4P3/6p1/1b3p1p/1p3P1B/5kP1/1PK5/8 b - - 1 53,f3e4 c2b3 e4d5 b3b4,1291,bishopEndgame crushing endgame short,12
PSptW,r2k3Q/pp1b4/5R2/4q3/8/6P1/PP4P1/7K b - - 1 41,d8c7 f6c6 c7c6 h8e5,1291,advantage discoveredAttack endgame master short,13
ThX4N,2Rk3r/Bp3ppp/1N2n1b1/1B2K3/8/b7/P4PPP/8 b - - 8 27,d8e7 b6d5,1291,master mate mateIn1 middlegame oneMove,18
85Og3,2r5/p3kp2/1p2pQ2/3pP3/6R1/P6P/1Pq2PK1/2r5 b - - 5 33,e7e8 g4g8 e8d7 f6f7 d7c6 g8c8,1292,crushing deflection endgame interference long,17
Ek7f6,2k4r/ppp3Q1/5n1p/5N2/P1P5/1q1r3P/1P4P1/5R1K b - - 0 29,h8g8 f5e7 c8d8 e7g8 d3h3 g2h3,1292,advantage fork long middlegame,18
GKYAc,7k/p2q4/4pQ1p/2p3R1/3p4/5P2/1PP4K/4q3 b - - 3 44,h8h7 f6g6 h7h8 g6g8,1292,endgame mate mateIn2 short,14
IlnW9,r7/p2np3/1qp1k1Qp/3p1r2/3b1P2/P1N3B1/1PP3PP/R6K b - - 0 21,f5f6 f4f5,1292,mate mateIn1 middlegame oneMove,22
NxjxZ,r6k/pppQ1R1p/3p2p1/8/3qP3/7P/P1P3P1/7K b - - 3 27,d4e5 f7h7 h8g8 d7f7,1292,endgame mate mateIn2 short triangleMate,17
O6bVu,3r3k/r2NRppp/p5b1/1p6/2p5/2P4P/P1P2PP1/4R1K1 b - - 5 25,h7h6 e7e8 d8e8 e1e8 h8h7 d7f8,1292,crushing endgame kingsideAttack long,20
1KB1R,2r1r3/1p3pk1/p5p1/3qp1QR/8/7P/PP4P1/5RK1 b - - 1 32,e8h8 g5f6 g7g8 h5h8,1293,endgame killBoxMate mate mateIn2 short,17
wmrLN,r2q4/p2bb1Q1/2p1kr2/3p1P2/1P1p4/2PBP3/P4PP1/R3K2R b KQ - 0 23,e6d6 g7g3,1293,mate mateIn1 middlegame oneMove,22
8evm9,5kr1/1p1b2p1/p5P1/3p1pQ1/1q1PpP2/3nP3/1P2K3/1R5R b - - 2 33,b4c4 g5d8 d7e8 d8d6,1294,fork mate mateIn2 middlegame short,20
qvMcO,5k2/3R4/5Kp1/p2b4/8/5N2/5rPP/8 b - - 7 41,d5f3 d7d8,1294,endgame mate mateIn1 oneMove,10
Anu0M,1k1r1b1r/1pp3pp/p4n2/q7/3Bp3/1BP4P/PPQ2PP1/2KR3R b - - 0 21,a5g5 d4e3 g5e3 f2e3,1295,crushing defensiveMove middlegame short,24
XphAi,r1bq1rk1/pp2bp2/2n2n1B/4p3/4P3/2PB1Q1P/P2N1PP1/R3K2R b KQ - 0 17,c8e6 f3g3 f6g4 h3g4,1295,crushing middlegame short,25
oeVhS,1r4k1/4n2p/5rpP/p1p1N3/2Q1P3/3P4/1PK2P1R/6q1 b - - 1 37,g8f8 e5d7 f8e8 d7f6,1295,crushing fork middlegame short,18
tNJ1C,8/4rk2/6p1/2PNBpK1/1Pr2P2/6P1/8/8 b - - 2 46,e7d7 d5b6 c4b4 b6d7,1295,advantage endgame fork short,12
A7Y1O,2kr4/1p2qpp1/p1b5/2b1p1P1/8/PQ2BP1B/1PP5/1K1R4 b - - 2 26,c8b8 d1d8 e7d8 e3c5,1296,advantage middlegame queensideAttack short,20
q1PcQ,8/8/p2k1p2/8/1P1K2P1/8/8/8 b - - 1 52,d6e6 d4c5 e6e5 c5b6 e5f4 b6a6 f4g4 b4b5 f6f5 b5b6 g4h3 b6b7 f5f4 b7b8q,1296,advancedPawn crushing endgame pawnEndgame promotion quietMove veryLong,6
stJgD,r2r1nk1/ppq1b3/4p1Bp/4P3/3p2Q1/5P2/PP3P1P/2R1R1K1 b - - 2 24,c7d7 g6e8 e7g5 e8d7,1296,crushing discoveredAttack discoveredCheck master masterVsMaster middlegame pin short,22
GxoFv,r2r2k1/pq1bbpp1/B1n1p2p/8/R2P4/3Q1N2/1P2NPPP/5RK1 b - - 5 19,b7b2 f1b1 b2b1 d3b1,1297,advantage middlegame short trappedPiece,24
eOCVe,1b6/4qpk1/p3pNp1/1p2PnQp/1P3P1P/P6K/8/3N4 b - - 10 45,e7d8 f6h5 g7h7 g5d8,1297,crushing discoveredAttack endgame pin short,19
Rgbwp,8/p1p2pkp/bp3p2/4pP2/4P1N1/1PP3RP/2Pr2PK/8 b - - 1 26,d2c2 g4e3 g7f8 e3c2,1298,crushing discoveredAttack discoveredCheck endgame short,20
hgKIX,r6k/1p1bqrpp/3p1p2/p1pP1P1Q/P1P1B1R1/1P1P3P/8/6RK b - - 8 27,a8g8 h5h7 h8h7 g4h4,1298,attraction kingsideAttack mate mateIn2 middlegame sacrifice short,24
qMmvJ,3r2k1/1p3pp1/2pp1r1p/4q3/2P3Q1/1P1R2P1/P3PP1P/1B4K1 b - - 18 31,d8e8 d3e3 e5e3 f2e3,1299,advantage endgame short,21
Wy6aB,3r3k/1q2bpp1/p3pn1B/1p2R3/5Q1P/P1N5/1PP2PP1/6K1 b - - 0 23,g7h6 f4h6 f6h7 e5h5,1300,crushing kingsideAttack middlegame short,21
gV7bu,b1r2r2/5p1k/p1n2Q2/5p2/5R2/3q2P1/P5BP/2R4K b - - 1 30,c6e5 f4h4 h7g8 h4h8,1300,killBoxMate mate mateIn2 middlegame short,17
jgjz2,r2q1rk1/2p2ppp/p1bp1n2/1p2n3/4P3/P1B2P2/1PPNB1PP/R2Q1RK1 b - - 0 14,f6h5 f3f4 h5f4 f1f4,1300,crushing opening short,28
hKaAn,8/5pp1/1ppk4/1r3PKP/8/8/3R4/8 b - - 4 40,b5d5 d2d5 d6d5 f5f6,1301,crushing endgame rookEndgame short,10
on4GC,8/pp3rk1/4b2p/2R5/4Qpp1/3P4/P4P1P/q4BK1 b - - 4 29,e6f5 c5f5 f7f5 e4f5,1301,crushing endgame master short,17
6dqeR,r7/pp2b1pp/8/3nkP2/P2R4/8/5P1P/3R1K2 b - - 2 29,a8d8 f2f4 e5f5 d4d5 d8d5 d1d5,1302,advantage deflection endgame long,15
9ib9d,8/8/R4k2/4pp1K/8/8/6n1/8 b - - 1 69,f6g7 a6g6 g7f7 g6g2,1302,crushing endgame fork short,6
dqaqG,2kr3r/pppbbp1p/2p3qp/4P3/4NP2/8/PPP2QPP/1K1R1B1R b - - 4 14,g6e4 f2a7 e4a4 a7a4,1302,crushing middlegame short,26
rnqse,4rr1k/ppp3p1/8/5pNp/5P2/5KP1/PP6/3R4 b - - 0 30,e8d8 d1d8 f8d8 g5f7 h8g8 f7d8,1302,advantage attraction endgame fork long master,16
KgpeK,7r/1kp5/1pN1q3/nP2pp2/2P3p1/6Pr/Q3P1KP/R6R b - - 5 34,a5c6 a2a6 b7b8 a6a8,1303,mate mateIn2 middlegame short,20
WDz1h,1r3rk1/2p2npp/2p1Qp1P/1q1p4/3P3R/4P3/5PP1/4R1K1 b - - 0 32,g7h6 h4g4 g8h8 e6f6,1303,mate mateIn2 middlegame short,20
YFfdY,r6r/pp3pkp/2p1bnp1/q1n1p2P/4P1P1/2N2P2/PPPQN3/1K1R1B1R b - - 2 15,a8d8 h5h6 g7f8 d2d8 a5d8 d1d8,1303,advantage fork long middlegame,28
poQ2N,4k3/2p2q2/2pp2Q1/7p/6pK/6P1/P4r1P/4R3 b - - 7 36,e8f8 g6h6 f7g7 e1e8 f8e8 h6g7,1303,advantage deflection endgame exposedKing long,14
0Y6mJ,rnbqkb1r/ppp2ppp/3p4/8/4n3/2P2N2/PP1P1PPP/RNBQKB1R b KQkq - 0 5,c7c5 d1a4 b8c6 a4e4,1304,crushing fork master opening short,30
RVk5q,r3r1k1/ppp3p1/2n4p/3qb2Q/8/2p2N1P/PPP5/R1B2R1K b - - 3 20,d5f7 h5f7 g8f7 f3e5,1304,advantage attraction discoveredCheck doubleCheck kingsideAttack middlegame short,22
bEV9a,6k1/Q5R1/1p2p2p/4p3/1n2P3/7P/1P3qP1/2r3NK b - - 0 33,g8f8 a7e7,1304,endgame mate mateIn1 oneMove triangleMate,16
3eGuN,r2q1rk1/5ppp/2p2p2/1p3QPP/1n1P4/pP3N2/P1P2P2/1K1R3R b - - 0 21,f6g5 f3g5 d8g5 f5g5,1305,crushing middlegame short,24
mINmP,5rk1/p3RB1p/2P2Qb1/5q2/1p1P3P/6P1/P5K1/8 b - - 0 35,f8f7 e7e8 f7f8 e8f8,1305,endgame mate mateIn2 short,16
YRJ9r,6r1/3Q2p1/3n1k2/1p1q1p2/p2Pp2P/6R1/P1P2PP1/6K1 b - - 0 38,d5e6 g3g6 f6g6 d7e6,1306,attraction crushing deflection endgame master short,18
bUhuk,5r2/1r3ppp/1k2p3/3pP3/8/8/R4PPP/2R3K1 b - - 3 28,f8b8 a2b2 b6a5 c1a1,1306,endgame mate mateIn2 rookEndgame short,15
nme6D,2r4k/3q2pp/p7/2p3Q1/3p4/4n3/PP3BPP/4R1K1 b - - 4 29,d7d5 f2e3 d5g5 e3g5,1306,advantage endgame short,17
z1KKG,8/4kp2/5p2/4p3/4P1K1/3p1B2/5r2/3R4 b - - 6 51,d3d2 g4g3 f2h2 g3h2,1306,crushing endgame short trappedPiece,10
HvRgu,rnb1r1k1/p1p1bppp/1p6/3q4/8/7P/PP1PBPPN/R1BQ1RK1 b - - 1 11,c8b7 e2f3 d5d6 f3b7,1307,crushing opening short skewer,26
JfAvE,5r2/pp1QP1p1/1kp5/3p4/8/5N2/PPP1q1P1/6K1 b - - 0 30,f8h8 d7d8 h8d8 e7d8q,1307,advancedPawn advantage endgame promotion short,16
KC8zA,r1bq1rk1/pp2n1pp/2n2p2/3p4/7B/2PB1N2/P3QPPP/R4RK1 b - - 1 13,c8f5 d3f5 e7f5 e2e6 f8f7 e6f5,1307,crushing fork long master middlegame,25
MoMWp,r4k1r/pp1Q1ppp/b1p2P2/q1B5/8/1Pb4P/P1P3P1/1K1R2NR b - - 3 18,a5c5 d7d8 a8d8 d1d8,1307,mate mateIn2 middlegame sacrifice short,24
cUrbV,4qr2/1p3pnk/p2b1Q2/P2Pp3/1P6/5N1P/5PP1/2R3K1 b - - 2 27,e8e7 f3g5 h7g8 f6h6 e7g5 h6g5,1307,crushing long middlegame,19
rNKmA,7r/1kq3bp/p3Q1p1/1b1R1p2/4p3/1P6/1PP2PPP/2K4R b - - 4 27,h8e8 d5b5 a6b5 e6e8,1307,crushing middlegame short,20
B2Efi,r4rk1/1bq1b2p/p1n1pnp1/2p5/PpP1N1NP/4P3/1BQPBP2/2KR3R b - - 1 19,f6e4 g4h6,1308,mate mateIn1 middlegame oneMove,28
S7xW0,rnbqk2r/ppp2ppp/8/3Pp3/1bB1n3/5N2/PP1N1PPP/R1BQK2R b KQkq - 2 7,c8g4 d1a4 b8d7 a4b4,1308,advantage fork opening short,29
f1nOO,4rrk1/ppp4p/3b4/3q1pQR/3P4/5P2/PPn2PK1/R7 b - - 1 25,g8h8 h5h7 h8h7 a1h1 d6h2 h1h2,1308,attraction kingsideAttack long mate mateIn3 middlegame sacrifice,20
x0uC8,r4k1r/1bR1bppp/4p3/8/4P3/1B6/PP3PPP/2R3K1 b - - 4 22,a8b8 c7b7 b8b7 c1c8 e7d8 c8d8 f8e7 d8h8,1308,clearance crushing middlegame sacrifice skewer veryLong,19
RhoeX,r1r3k1/pp1n2pp/3Bp1q1/3pP3/8/8/PP3QPP/2R2R1K b - - 3 26,d7b6 c1c8 a8c8 f2f8 c8f8 f1f8,1309,kingsideAttack long mate mateIn3 middlegame operaMate sacrifice,21
oAkXV,r2r2k1/p2nbpp1/2p1pn2/1p4N1/5P2/3NB3/PPB5/2K4R b - - 4 20,g8f8 h1h8 f6g8 g5h7 f8e8 h8g8,1309,advantage deflection long middlegame,21
QDk8B,r6r/1ppkq3/3pP2b/p3n2Q/1nP1N3/8/PP3PPP/1K1R1B1R b - - 0 23,e7e6 e4c5 d7e7 c5e6,1310,crushing middlegame pin short,24
nqLVY,5r1k/4qp1p/3p1p2/1p6/1P2PP1Q/1BbP4/7P/6RK b - - 2 29,f8g8 g1g8 h8g8 h4g4 g8h8 g4c8 h8g7 c8c3,1310,attraction crushing endgame fork veryLong,18
HKxaR,4Q3/7p/4p1pk/p2nq3/Pr2N3/8/5PPP/4R1K1 b - - 2 37,b4e4 e8f8 e5g7 f8g7 h6g7 e1e4,1311,advantage endgame long,16
rlz0m,8/8/1Ppk4/5p2/3N4/2r5/3K4/3B4 b - - 0 40,c3c5 b6b7 d6c7 d4e6 c7b7 e6c5,1311,advancedPawn crushing endgame fork long,8
8rMAX,r1b4k/ppppq2p/8/2b2P2/2B1n3/5Q2/PPP3PP/2K2R2 b - - 0 18,e4g5 f3c3 e7g7 f5f6 g7f7 c4f7,1312,crushing long middlegame,21
DTWRX,r1bq1rk1/3npp1p/p2p2p1/3P4/2PN4/1PQ5/P4PPP/R3R1K1 b - - 4 21,a6a5 d4c6 e7e5 c6d8,1312,advantage middlegame short,24
L7KiJ,r5rk/1b2qpp1/p2p1n1p/1pp5/4PQ2/1P1B1P1P/PBP3P1/R4RK1 b - - 5 18,f6d7 f4h6,1312,kingsideAttack mate mateIn1 middlegame oneMove pin,26
MSyhD,3r4/2p1q1k1/p3Ppp1/Pp1Pr3/1PpQ4/2P1N1P1/5K1P/4R3 b - - 5 42,e5e6 e3f5 g6f5 e1e6,1312,advantage discoveredAttack endgame short,21
Noy2A,rnbq1rk1/1p3ppp/4pn2/1P1p2N1/Pbp5/4P3/1BQP1PPP/RN2KB1R b KQ - 5 10,h7h6 b2f6 h6g5 f6d8,1312,advantage opening short,30
PgPl4,3k4/8/6Rp/1r3p2/4nP2/1p5P/1B4PK/8 b - - 2 34,e4d2 g6d6 d8c8 d6d2,1312,crushing endgame fork short,12
5EppW,r1b2rk1/1p3p2/2pq1Ppp/p2p4/4p1PQ/4PB2/6P1/1R3RK1 b - - 1 30,g8h7 g4g5 h6h5 f3h5 f8h8 h5g6 h7g8 g6f7,1313,crushing discoveredCheck doubleCheck middlegame veryLong,22
CnEOG,3k4/1p1b3R/4p3/8/r3pPB1/4K3/8/8 b - - 3 59,d8c7 g4e6 c7d6 e6d7,1313,advantage endgame master masterVsMaster pin short,10
TgBt8,5rk1/pp1r1ppp/1n6/3p4/5qP1/P2R3P/1PQ2PB1/4R1K1 b - - 1 26,f8c8 c2c8 b6c8 e1e8,1313,backRankMate mate mateIn2 middlegame sacrifice short,21
wbY8F,4Q3/8/5pk1/8/6P1/4p1K1/3q4/8 b - - 3 79,g6g5 e8h5,1313,endgame mate mateIn1 oneMove queenEndgame,7
9cASY,r4rk1/pp1b3p/1qn1pbp1/1B1pN3/3P4/1QN5/PP3PPP/R4RK1 b - - 1 14,c6d4 e5d7 d4b3 d7b6 b3a1 b6a8,1314,advantage fork hangingPiece long middlegame,26
BQiyE,rn1qkbnr/ppp2p1p/3p2p1/4N3/2B1Ppb1/2N5/PPPP2PP/R1BQK2R b KQkq - 1 6,g4d1 c4f7 e8e7 c3d5,1314,attackingF2F7 mate mateIn2 opening short,31
GhdtO,8/5rkR/1Qp2rn1/1p1pq3/8/2P3P1/PP3P2/1K5R b - - 0 31,g7f8 b6d8 e5e8 h7h8 g6h8 h1h8,1314,crushing exposedKing long middlegame sacrifice,17
wyXJa,8/8/2B2k1p/p1K2p1P/P3bP2/6p1/6P1/8 b - - 5 45,f6e6 c6e4 f5e4 c5d4 e6f5 d4e3,1314,bishopEndgame crushing endgame long master masterVsMaster zugzwang,12
dbYjU,r4k1r/1bp2pp1/p2p4/2pPq1p1/6N1/5Q2/P1P2PPP/RR4K1 b - - 3 18,e5d5 b1b7 d5f3 g2f3,1315,crushing middlegame short,23
RZ6iO,r1b3k1/ppp2ppp/1n1q4/3n4/8/1BB2N2/PPP2PPP/R3Q1K1 b - - 0 16,d5c3 e1e8 d6f8 b3f7 g8h8 e8f8,1316,deflection kingsideAttack long mate mateIn3 middlegame,24
TxFUf,r6r/ppk1bQ1p/1qn4p/4P2B/8/8/PP3PPP/2R1R1K1 b - - 2 18,c7b8 c1c6 b6c6 f7e7,1317,capturingDefender crushing master middlegame short,21
xJ8fF,8/5pk1/3Q2p1/P1P2p1n/3P4/4P3/5qBK/8 b - - 1 49,f2e3 d6e5 e3e5 d4e5,1317,crushing endgame short,13
2YEPX,r3qrk1/2p1b1pp/1pn2p2/4p3/7N/2P1B2P/P1P1QPP1/1R3RK1 b - - 1 16,a8a2 e2c4 e8f7 c4c6,1318,advantage deflection fork middlegame short,24
Q0oyu,r7/1R6/3pqkpp/P1p1p3/4n3/2P1Q1PP/R4P1K/8 b - - 2 36,e6a2 e3f3 f6e6 f3f7,1318,endgame fork mate mateIn2 short,18
vegF4,1N2n2R/8/5p2/5kp1/8/4r3/5KPP/8 b - - 3 33,f5f4 g2g3 f4f5 f2e3,1318,crushing deflection endgame short,10
Fblnc,8/p7/1pp3k1/4p3/2P4P/4K3/1P6/8 b - - 1 50,c6c5 e3e4 g6f6 h4h5,1321,crushing defensiveMove endgame master masterVsMaster pawnEndgame short,9
IU4yI,3r1nk1/1q1rpp1p/p5p1/1p1N4/2P5/1PQ2PP1/P2R2KP/3R4 b - - 1 31,b5c4 d5e7 d7e7 d2d8,1321,crushing deflection discoveredAttack kingsideAttack middlegame short,22
vGeCv,8/5k2/p1p3p1/4Pp1P/1P2nK2/8/8/4B3 b - - 0 36,g6h5 f4f5 e4c5 b4c5,1322,crushing endgame short trappedPiece,11
FKZqB,1r3rk1/3N1p1p/2p3p1/1p1p1pP1/2nP4/pPq1PP2/P1B2QP1/2K4R b - - 1 26,c4e3 d7f6 g8g7 h1h7,1323,hookMate kingsideAttack mate mateIn2 middlegame short,25
siLr0,7r/5pk1/R5p1/Q7/6K1/1q6/p5PP/8 b - - 3 42,h8h2 a5e5 g7h7 e5h2 h7g7 h2e5,1323,crushing endgame fork long,11
wwLjz,r1b2b1r/pp1q1k2/2n2p2/7p/4Q3/2P2N2/PP3PPP/RN2R1K1 b - - 0 18,f8c5 e4c4 f7g7 c4c5,1323,crushing fork middlegame short,23
WDjzU,3Q1kr1/5p2/p2p4/1p1bq3/1P5p/P6P/5RP1/6KN b - - 7 36,e5e8 d8d6 e8e7 d6d5,1324,crushing endgame fork master short,17
nJzTf,1r5r/6pp/5k2/2b1p3/4N3/3RPBPq/R3K2P/8 b - - 6 29,f6f7 e4g5 f7e7 g5h3,1324,advantage fork middlegame short,16
ub4Jc,8/1r3p1P/R7/8/3K1P2/p7/1k6/8 b - - 0 45,b7b8 a6b6 b8b6 h7h8q,1324,advancedPawn advantage deflection endgame promotion rookEndgame short,8
FOx7O,1rb1k2r/3nb1p1/p3p2p/3pPp2/P1pP2q1/2P2NP1/3NBPKP/R2Q1R2 b k - 1 19,e8g8 f3h4 g4e2 d1e2,1325,crushing middlegame short,28
wGi6k,8/8/7k/5PR1/8/1pK1B2P/2b4r/8 b - - 0 47,h2h3 g5g3 h6h7 g3h3,1325,crushing discoveredAttack discoveredCheck endgame short,9
43QH4,2r3k1/p2Q1ppp/P1r1pb2/R2p4/1P1P4/2Pq4/5PPP/2R3K1 b - - 8 29,c6c3 d7c8 c3c8 c1c8 f6d8 c8d8,1326,backRankMate long mate mateIn3 middlegame xRayAttack,22
7v5dQ,8/P7/1R2p3/4Pp2/5P1p/6rk/5K2/8 b - - 2 47,g3a3 b6b3 a3b3 a7a8q,1326,advancedPawn advantage deflection endgame promotion rookEndgame short,10
De4tp,r4rk1/pp1nppb1/1q1p2p1/5PNp/4P1n1/2N4Q/PPP3PP/R1B2R1K b - - 2 15,g4f2 f1f2 b6f2 c1e3,1326,advantage middlegame sacrifice short,28
GQkk1,3r1r1k/ppq3pp/3b1p2/2pBnP1Q/2PpR3/1P5P/PB3PP1/R5K1 b - - 5 19,e5d3 h5h7 h8h7 e4h4,1327,attraction kingsideAttack mate mateIn2 middlegame pillsburysMate sacrifice short,26
YOPPz,rkb2r2/pp1p2pp/8/2n2pB1/2Nq4/2Q5/P4PPP/2R3K1 b - - 1 19,d4c3 g5f4 c3e5 f4e5 d7d6 e5d6,1327,long mate mateIn3 middlegame queensideAttack,21
yTyeH,5rk1/pQ3ppp/8/8/8/1P2q1P1/P1r4P/3R1R1K b - - 3 24,e3e2 b7f7 f8f7 d1d8 e2e8 d8e8 f7f8 f1f8,1327,endgame mate mateIn4 sacrifice veryLong,16
VrUrm,2br1r2/1pp3pk/p3N2p/2b5/5p2/1PB4P/1PP2PP1/3RR1K1 b - - 8 24,d8d1 e6f8 c5f8 e1d1,1328,crushing intermezzo middlegame short,22
tPIcm,r3k2r/pb1p3p/2p1pNp1/2b3N1/P4PnP/q7/2P1P1P1/3QKB1R b Kkq - 0 17,e8e7 d1d7 e7f8 g5e6,1328,cornerMate deflection fork mate mateIn2 middlegame short,25
5XMUW,2R1k3/p6p/2R2pp1/3P4/5P2/3b4/5KPP/qr6 b - - 5 36,e8f7 c6c7,1329,endgame mate mateIn1 oneMove,15
hNe2i,rn1qkb1r/pp1b1ppp/5n2/1B2N3/3p4/1Q6/PP3PPP/RNB1K2R b KQkq - 5 10,d7b5 b3f7,1329,attackingF2F7 mate mateIn1 oneMove opening,27
5NKpr,5rk1/ppq1r1p1/2p1P1Bp/3pb3/3P3P/2P1B3/PPQ3K1/5R2 b - - 0 27,e7e6 g6h7 g8h8 f1f8,1330,deflection kingsideAttack mate mateIn2 middlegame short,22
N090H,r4rk1/pp2qppp/1b6/nB1Q1b2/4N3/5N2/PP3PPP/3RR1K1 b - - 0 17,a8d8 d5f5 d8d1 e1d1,1330,crushing hangingPiece middlegame short,24
iRR9c,8/8/2k2p1p/8/p3K1PP/P7/8/8 b - - 0 49,c6d6 e4f5 d6e7 f5g6,1330,crushing endgame pawnEndgame short,8
G0aP2,2r1r1k1/ppb4Q/5p2/2P1n3/1P4P1/P3B3/5Pq1/3RK2R b K - 1 29,g8f8 e3h6,1332,mate mateIn1 middlegame oneMove,19
TG4To,4r1k1/p6p/B3b1p1/2pr1p2/8/2KN1PP1/PPP3P1/4R3 b - - 1 23,e6f7 e1e8 f7e8 a6c4 e8f7 c4d5,1332,advantage endgame long pin,19
UofpZ,5rk1/p4pp1/1pn2b1p/8/3PR3/B1Pq1NP1/P5KP/4Q3 b - - 1 26,d3c2 e4e2 c2e2 e1e2,1332,crushing defensiveMove middlegame short,20
qlZDO,r2k3r/pp2qp2/1np1pNp1/4Q2p/3P4/5P1P/PPP2P2/2KRR3 b - - 5 21,b6d7 f6d7 d8d7 d4d5,1332,crushing middlegame short,24
wP8Xe,r2qkb1r/1p2pppp/p4n2/4N3/2Bn2b1/2N5/PP2QPPP/R1BR2K1 b kq - 0 11,g4e2 c4f7,1332,attackingF2F7 master mate mateIn1 oneMove opening,27
zqXia,8/8/p3kpp1/1p6/1P1K2PP/P7/8/8 b - - 2 49,e6d6 h4h5 g6h5 g4h5,1332,crushing endgame pawnEndgame short,10
TyT29,2k2rr1/2q5/4Q1p1/1pNp4/pP1P1P2/2P5/6PP/6K1 b - - 4 43,c8b8 c5a6 b8b7 a6c7,1333,advantage endgame fork short,17
UWPeg,1r6/5kpp/p1p5/2Qp2q1/P2P2b1/6P1/3NnPKP/R4R2 b - - 2 25,g5d2 c5a7 f7g6 a7b8,1333,crushing fork middlegame short,20
dr7rq,2b4R/r6k/p3p1pp/1p2P3/3q4/7Q/PP4P1/5R1K b - - 1 28,h7h8 h3h6 a7h7 f1f8,1334,endgame killBoxMate mate mateIn2 short,17
6AQck,r2qkb1r/1pp2ppp/p1n2n2/4P3/P1p1P1b1/2N1BN2/1P3PPP/R2QKB1R b KQkq - 0 8,c6e5 d1d8 a8d8 f3e5,1336,advantage intermezzo master opening short,30
DH61j,r4k1r/p2q1p2/3p1n1p/1Pn1pP2/1p6/5N2/1PPQ1PPP/R3R1K1 b - - 3 23,d7f5 d2d6 f8g7 d6c5,1336,advantage fork master middlegame short,24
IIdOo,8/5pk1/p7/2p5/8/1P1KNP2/P3R3/6q1 b - - 12 50,f7f6 e2g2 g1g2 e3g2,1336,crushing endgame fork short,11
2KgAy,8/8/5p2/ppkpp3/4P1Pp/PPP1K2P/8/8 b - - 0 43,d5d4 c3d4 e5d4 e3d3 c5d6 d3d4,1337,crushing endgame long pawnEndgame,14
RmE35,r1b1kb1r/ppp1pppp/2n2n2/1Q6/3qp3/4B2P/PPP2PP1/RN2KBNR b KQkq - 1 6,a7a6 b5c6 b7c6 e3d4,1337,advantage opening short,30
2RleS,4rrk1/pp1b2pp/1qnbpn2/3p2NQ/3P1N2/3B2P1/PP3P1P/R1B2RK1 b - - 6 15,f6h5 d3h7 g8h8 f4g6,1338,kingsideAttack master mate mateIn2 middlegame short,28
3qupu,8/1b3kpp/1p6/p1p2r2/P1PpN3/3P4/1P4PP/4R1K1 b - - 3 27,f5e5 e4d6 f7e7 e1e5,1338,advantage discoveredAttack endgame fork master short,18
G4CyK,b4r2/5Npk/p3p3/1p5p/8/1P4Q1/Pq1r2PP/5RRK b - - 0 27,d2g2 g1g2 b2g2 g3g2 a8g2 h1g2,1339,advantage long middlegame,19
ugXKK,3rr1k1/1p3ppp/p2q4/3N1b2/1P1Q1P2/P3P2P/1B2BbP1/2R4K b - - 2 23,f2e3 d4g7,1339,kingsideAttack mate mateIn1 middlegame oneMove,23
qgIgJ,rn1qkbnr/p2bpppp/1p6/1B2N3/3Pp3/1Q6/PP3PPP/RNB1K2R b KQkq - 3 8,d7b5 b3f7,1340,attackingF2F7 mate mateIn1 oneMove opening,29
FSBeM,1q2r1k1/1bR1bpp1/1p1pNn1p/pP6/P3PB2/1Q1P4/4NPPP/6K1 b - - 0 24,f7e6 b3e6 g8h7 c7e7 e8e7 e6e7,1341,advantage kingsideAttack long middlegame,25
iY7PT,8/pp1R1p1k/5p1n/7p/8/1BP2P2/P4K2/1r6 b - - 1 38,a7a5 b3c2 h7g7 c2b1,1341,crushing endgame fork short,14
kJei2,1q5k/4Q2p/4p1p1/3bPpP1/3P4/4K2P/1N6/8 b - - 0 44,b8b2 e7f8,1341,endgame mate mateIn1 oneMove,14
2fQSj,8/rR5p/P1r1k1p1/4pp2/7P/8/5PP1/R5K1 b - - 3 38,a7b7 a6b7 c6b6 a1a6 b6a6 b7b8q a6a1 g1h2,1342,advancedPawn crushing deflection endgame master pin promotion rookEndgame veryLong,14
3sbR2,2kr3r/1p2b1Qp/p1n1p3/3pN3/1P1q4/P2B3P/5PPK/2R4R b - - 1 24,e7d6 c1c6 c8b8 c6d6,1342,crushing master middlegame queensideAttack short,22
F6Lxn,8/R7/8/6R1/6P1/1b5k/p4K2/1r6 b - - 2 63,a2a1q a7h7,1342,endgame mate mateIn1 oneMove,8
K3OGz,3r1rk1/1pp2ppp/p1nb1n2/3Np3/1P1PP2q/P4Q1P/1B2BPP1/3R1RK1 b - - 1 16,h4e4 d5f6 g7f6 f3e4,1342,crushing intermezzo kingsideAttack middlegame short,28
9xHtH,2rq1r1k/n3bpp1/4p3/1p1nP3/p2p3R/P2B1N2/1PQ2PPP/R1B3K1 b - - 1 21,h8g8 d3h7 g8h8 h7g8 h8g8 c2h7,1343,attraction discoveredAttack discoveredCheck kingsideAttack long mate mateIn3 middlegame sacrifice,26
MTuvw,r4rk1/1ppq1pp1/3p3p/p3pN1n/4P1Q1/3bP2P/1P1N2P1/R4RK1 b - - 3 19,d3f1 f5h6 g8h7 g4d7,1343,advantage discoveredAttack kingsideAttack middlegame pin short,25
w2KlS,r4rk1/pbpn1Npp/1p6/1P2p3/2Q5/7P/P4RP1/q1B3K1 b - - 1 19,a1d4 f7h6 g8h8 c4g8 f8g8 h6f7,1343,discoveredCheck doubleCheck kingsideAttack long mate mateIn3 middlegame sacrifice smotheredMate,21
GmOOx,6qk/1R4p1/5p1p/1p6/8/1P4QP/1r4P1/7K b - - 1 37,g8d5 g3g7,1344,endgame mate mateIn1 oneMove,13
Xysft,1r6/4b1rk/p5p1/2p5/5P2/qPBB4/P1P5/1K5R b - - 0 29,h7g8 d3c4 g8f8 h1h8 g7g8 h8g8,1344,exposedKing long mate mateIn3 middlegame operaMate,16
hm3Az,3r1r1k/6pp/p2Q1n2/qppBN3/6b1/7R/P4PPP/5RK1 b - - 4 23,d8d6 e5g6,1344,mate mateIn1 middlegame oneMove pin,21
yJMEH,1q4k1/p4rp1/4Qn2/3pn3/4p2R/1r2P3/4BP2/2RNK3 b - - 3 31,b3b6 c1c8 b8c8 e6c8,1344,crushing fork middlegame short,18
WZbxz,r6r/2p2pk1/p3p1R1/1p1n4/3P1P2/4P3/PPQ1Bq1P/6RK b - - 0 23,f7g6 c2g6 g7f8 g6g7 f8e8 g7h8,1345,advantage fork long middlegame,21
X9D58,2r3k1/p4p2/1p2p1p1/3pP3/3P3Q/1qn4R/5PP1/6K1 b - - 1 31,g8f8 h4h8 f8e7 h8c8 c3e2 g1h2,1345,crushing defensiveMove endgame long skewer,17
tdjVU,r2k1Q2/p2p2pp/b1R2R2/8/4rp2/P1B5/2P1q1PP/2K5 b - - 1 27,e4e8 c3a5,1346,master mate mateIn1 middlegame oneMove,19
xsnIu,2r2rk1/p3qpp1/4p2p/1p1n4/2pPQ2P/2P3B1/PPR2PP1/4R1K1 b - - 2 23,b5b4 e4d5 e6d5 e1e7,1346,crushing discoveredAttack middlegame short,24
92vYr,8/ppQ5/2p1Bp2/1kP3p1/1P1nP3/6PK/7P/2qN4 b - - 0 48,c1d1 c7a5,1348,endgame master mate mateIn1 oneMove,17
kSU3D,7r/ppQ1kp2/1q3p1p/4p1r1/8/8/PP3PPP/2RR2K1 b - - 3 23,e7e6 c7d7,1348,endgame mate mateIn1 oneMove,19
y0Iyn,4r3/1p1n1k1p/1q1P1bpB/pBp5/P7/8/P1PQ1PPP/2K5 b - - 1 22,e8e4 d2d5 e4e6 b5d7,1348,advantage fork middlegame short,21
fkSxF,5r2/p1p1qnk1/1p1p4/3Pp2p/8/P3Q3/1PP2PR1/2K5 b - - 1 26,g7h7 e3e4 h7h8 e4g6 e7g5 g2g5,1349,crushing endgame long,18
lbEdl,8/1p3rk1/6p1/3Qn1Pp/4r3/P7/1P2N1P1/4K3 b - - 7 38,e4e3 d5d4 e3e2 e1e2,1349,crushing endgame pin short,14
ckgg3,r2k4/1R5R/p5p1/1p6/6PP/1P4K1/r5n1/8 b - - 0 35,a8c8 h7h8,1350,endgame mate mateIn1 oneMove,13
Pt8VC,r4rk1/ppp2pqp/3n2p1/6B1/7Q/2PR4/P4PPP/R5K1 b - - 4 18,f7f6 g5h6 g7f7 h6f8,1351,advantage master middlegame short skewer,21
g29zq,3R4/6p1/3kppBp/3p4/pr6/4P1PP/5P1K/r7 b - - 11 43,d6e5 f2f4 b4f4 g3f4,1351,endgame mate mateIn2 short,16
gKRuX,6k1/8/p3qp1p/1pP3p1/4P3/P1Q4P/6PK/8 b - - 1 45,e6e5 c3e5 f6e5 c5c6 g8f7 c6c7,1351,advancedPawn crushing endgame long queenEndgame,14
4EfzK,r1bq1rk1/p1p2ppp/5n2/3p2B1/1b6/2NB4/PPP2PPP/R2Q1RK1 b - - 3 10,c8g4 g5f6 g4d1 f6d8,1352,crushing master middlegame short,26
3Y8Lh,8/pp3Rbk/6pp/2n5/6P1/2r3BP/P5KN/8 b - - 1 32,h7g8 f7g7 g8g7 g3e5 g7f7 e5c3,1353,advantage attraction endgame exposedKing fork long master sacrifice,15
FeQWd,r1bq1r1k/ppp3pp/8/2b1Pp2/1nB2N2/1Q6/PPP3PP/R1B1K2R b KQ - 4 13,d8d4 f4g6 h7g6 b3h3 d4h4 h3h4,1353,kingsideAttack long mate mateIn3 middlegame sacrifice,26
cO5ud,r4nk1/6pp/pP2p3/2rpP3/3N4/8/6PP/1R3RK1 b - - 0 28,a8b8 f1f8 b8f8 d4e6,1353,advantage endgame short,17
YEwnE,r1r4k/3b3p/3Q1p2/3P4/3qP3/2p4P/6P1/2R2R1K b - - 0 38,d7e8 d6f8,1354,master mate mateIn1 middlegame oneMove,16
04beQ,rnbqk2r/ppp2ppp/3b4/3np3/2B5/3P1N1P/PPP2PP1/RNBQK2R b KQkq - 0 6,b8c6 c4d5 d6b4 c2c3 d8d5 c3b4,1355,advantage hangingPiece long opening,30
RuxLZ,2r3k1/2r2p1p/4p1pq/Q7/8/8/6PP/3R1R1K b - - 7 43,c7c1 d1d8 c8d8 a5d8 h6f8 d8f8 g8f8 f1c1,1355,crushing endgame veryLong,14
x6xZO,6k1/3bNppp/p2Q4/1p1P4/4r3/8/PnP2qPK/R7 b - - 1 25,g8h8 d6b8 d7c8 b8c8,1355,backRankMate mate mateIn2 middlegame short,18
LDS9K,2r2rk1/pb4pp/5p2/4p3/P2p4/3Q1PPq/1P1B3P/R3R1K1 b - - 0 24,f8e8 d3b3 h3e6 b3b7,1356,advantage fork middlegame short,21
e5rKu,3r2k1/pQRr2p1/5p1p/4p3/3n4/1P3PBP/P2q2P1/4R1K1 b - - 0 26,d4e2 e1e2 d2e2 c7d7,1357,advantage deflection middlegame short,20
lXjqt,rkb2b1r/1p4p1/1p1p3p/3PB1N1/8/8/PPP3PP/R4RK1 b - - 0 17,h6g5 f1f8 h8f8 e5d6 b8a7 d6f8,1357,advantage attraction capturingDefender fork long middlegame,21
KfxrO,r2qk2r/ppp2ppp/2nbp3/3pN3/3PnB2/2P1P2P/PP3PP1/R2QKB1R b KQkq - 0 9,f7f6 d1h5 g7g6 e5g6 h7g6 h5h8,1358,crushing long opening,30
MsfJm,6kr/1q2p2p/2rp1npQ/p3P3/6P1/2P2P2/PP5R/2KR4 b - - 0 25,d6e5 d1d8 g8f7 d8h8,1358,advantage deflection middlegame short skewer,20
GTLeg,r2qkbnr/1b3pp1/p1pp3p/4p3/2Q1P3/2N1BN2/PPP2PPP/3RK2R b Kkq - 1 10,f8e7 f3e5 d6e5 d1d8,1359,crushing middlegame short,28
naZjd,8/2p5/1p4k1/pPp1p2p/P2r1P1R/4K2P/8/8 b - - 0 43,d4a4 f4f5 g6f5 h4a4,1359,advantage discoveredAttack endgame rookEndgame short,14
E9oTX,1k1r1b1r/pp1qp3/5p2/3P2p1/P3Q1b1/NP2PN2/6Pp/R3R2K b - - 1 23,f6f5 e4e5 d7d6 e5h8 g4f3 g2f3,1360,crushing fork long middlegame,23
jyuvS,6r1/1p3p1k/p2p3p/4p3/PP2b2q/4Q2P/5P1K/R5R1 b - - 1 27,g8c8 g1g4 h4g4 h3g4,1361,crushing endgame short,18
k3q1w,2B5/5Kp1/5p1p/5P1P/3k2P1/6b1/8/8 b - - 5 45,d4e4 f7g7 g3f4 g7f6,1361,bishopEndgame crushing endgame short,10
wLzhc,r1b2nk1/pp3p1P/2p5/b2p4/8/3B2q1/P1Q3P1/3R1K1R b - - 0 24,g8h8 c2b2 f7f6 b2f6 g3g7 f6g7,1361,crushing exposedKing fork long master middlegame,19
BYmNU,r1b2rk1/pp2p1bp/4P1p1/3N1p2/P1B2R2/7P/RqP1Q3/4K3 b - - 1 20,b2e5 d5e7 g8h8 e7g6 h7g6 f4h4,1362,advantage kingsideAttack long middlegame,22
YiTvX,r3r2k/1p3pR1/7P/3p4/p2Q4/2N2bK1/P4P2/7q b - - 3 28,h1g2 g3f4 f7f6 g7g2,1362,crushing discoveredAttack middlegame pin short,16
rDRdg,r4r1k/p1qn1p1p/1p2pPpQ/3pP3/3B1R2/2P3P1/P1P4P/R3K3 b Q - 4 19,f8g8 h6h7 h8h7 f4h4,1362,attraction kingsideAttack mate mateIn2 middlegame sacrifice short,24
0KD47,1qk2Rr1/pp1b4/2n5/7r/2pP2P1/P1P1b3/1P2B1K1/4RQ2 b - - 1 31,g8f8 f1f8 c6d8 g4h5,1363,advantage middlegame short,20
3XaMB,2kr2r1/Qpp2R2/q6p/1N1P4/8/4PKbP/P7/1R6 b - - 8 24,a6a7 b5a7 c8b8 a7c6,1363,crushing middlegame pin short,17
3i1fK,7r/pp3k2/4p1R1/3p2Q1/3P4/2q2r2/2B2PK1/8 b - - 4 30,c3c2 g6g7 f7f8 g5e7,1364,endgame mate mateIn2 short triangleMate,14
Fm9T7,r1bqk1nr/p1p2ppp/3p4/3Q4/4P3/8/PPP2PPP/R1B2RK1 b kq - 0 11,c8a6 d5c6 e8f8 c6a6,1364,advantage fork middlegame short,24
yEG8p,r1b2rk1/ppqp2pp/2n1p3/5pN1/2B5/3R4/PPQ2PPP/R5K1 b - - 1 14,c6e5 c4e6 d7e6 c2c7,1364,advantage discoveredAttack middlegame short,24
cAL7f,R7/P3k1p1/2p5/5Kp1/6Pp/7P/r7/8 b - - 3 45,a2a5 f5g6 e7d6 a8d8,1365,crushing endgame rookEndgame short,11
kVRvA,r7/3P4/1p2B3/1P6/4P1p1/p5P1/1k5P/7K b - - 2 53,a3a2 e6a2 b2a2 e4e5 a2b3 e5e6,1365,crushing endgame long quietMove sacrifice,12
kazTs,r1b2rk1/1p2bppp/pqnppn2/2p5/2B1PB2/P1NP1N1P/1PP2PP1/R2Q1RK1 b - - 2 11,b6b2 c3a4 b2a1 d1a1,1365,advantage middlegame short trappedPiece,32
9qDwr,r1bq1rk1/ppp2pp1/5b1p/3Pp3/2R1N3/4PN2/PP3PPP/3QK2R b K - 0 14,c8g4 e4f6 d8f6 c4g4,1366,crushing discoveredAttack kingsideAttack master middlegame short,26
PDCvv,r1b3k1/p4N1p/4p1p1/1P6/P2pq3/Q7/6PP/5R1K b - - 1 24,e4e2 f7h6 g8h8 a3f8,1367,endgame mate mateIn2 short,17
3vaCw,6rk/7p/p7/8/1p1p4/1P1Bbb2/PB5K/R7 b - - 0 33,e3g1 a1g1 g8g1 h2g1,1368,advantage endgame short,14
5JitQ,6k1/6p1/2q4p/p1P5/4p1Q1/3rP2P/P5P1/5RK1 b - - 0 38,c6c5 g4e6 g8h7 e6e4,1368,crushing endgame master short,15
6oyi6,1r3r2/2q2p1k/3p2p1/p2Pp1Rn/Np2P2P/1P3P2/1KPQ4/6R1 b - - 1 27,c7a7 g5h5 g6h5 d2g5 a7g1 g5g1,1369,clearance crushing long middlegame sacrifice,22
O0whg,1r4k1/pp1b1R1p/3pp1n1/2p3N1/2P1B3/2P5/P6P/6K1 b - - 2 26,h7h6 e4g6 h6g5 f7d7,1369,advantage endgame hangingPiece short,18
VR2h3,1k6/p5p1/Pp3p1p/3P2n1/1R1N2P1/4P3/3r3P/6K1 b - - 2 39,g5e4 d4c6 b8c7 b4e4,1369,advantage discoveredAttack endgame master masterVsMaster short,16
URcL4,r2q2rk/2p2pp1/3p3p/1R2n2N/p3P3/6Q1/P5PP/3R2K1 b - - 1 25,a4a3 b5e5 d6e5 d1d8,1370,advantage middlegame short,20
Y9Jlg,3r2k1/2Q2p2/4p1p1/2p3q1/prP1P3/1P3PPp/P4R1P/5RK1 b - - 3 32,a4b3 f3f4 g5f6 e4e5 f6g7 c7d8,1370,crushing endgame long,21
nEcpp,8/8/p1Pk1pp1/P2p3p/5KPP/5P2/8/8 b - - 0 46,h5g4 f3g4 g6g5 h4g5 f6g5 f4g5,1370,crushing endgame long pawnEndgame,12
o6KEx,8/6k1/p2pq2p/1p1r2p1/2pb4/P4PBP/1PQ3PK/4R3 b - - 3 38,e6g6 e1e7 g7f6 e7e6 f6e6 c2g6,1370,attraction crushing deflection endgame long,19
eyPuQ,2r1k2r/pp1n1pp1/4P3/4P2p/Q3p3/1Pq4P/P4bP1/RK3B1R b k - 1 22,f2d4 a4d7 e8f8 d7f7,1371,mate mateIn2 middlegame short,23
f1d8h,2r3k1/4rn1p/1pP1qpp1/4p3/1Q2P3/1N2P3/6PP/2RR2K1 b - - 4 30,c8c6 c1c6 e6c6 b4e7,1371,advantage middlegame short,20
mCq2R,r1bqk2r/ppp2pp1/3p1n1p/8/3bP3/P1NP4/1P2BPPP/R1BQ1RK1 b kq - 1 10,c8e6 d1a4 c7c6 a4d4,1371,crushing fork opening short,28
E7FCv,6k1/2P2pp1/5b1p/Q7/P7/4r2P/6PK/3r4 b - - 0 33,f6e5 a5e5 e3e5 c7c8q g8h7 c8c2 f7f5 c2d1,1373,advancedPawn crushing endgame fork promotion veryLong,13
TThSg,r1bR1bk1/1pr2ppp/p1p5/5N1n/4P3/2N4P/PPP2PP1/3R2K1 b - - 3 17,h5f4 d8f8 g8f8 d1d8,1373,attraction kingsideAttack mate mateIn2 middlegame sacrifice short,24
3meKf,r6r/1ppk1ppp/1p1p3n/3P4/4RP2/1P5P/PB3P2/6RK b - - 0 21,a8a2 b2g7 h8e8 e4e8,1374,advantage endgame fork short,21
6apfz,r2q1rk1/ppp1b2n/2npp2Q/4p3/4P2P/2NP1N1R/PPP2PP1/R3K3 b Q - 2 12,g8h8 f3g5 e7g5 h4g5,1374,advantage middlegame short,27
pakto,r3r1k1/pp3ppp/2nb1n2/3p4/3P2b1/P4N2/BP1N1PPP/R1B1R1K1 b - - 2 15,c6d4 e1e8 a8e8 f3d4,1374,advantage intermezzo kingsideAttack middlegame short,26
rpBTT,2r3k1/3R1N1p/p5p1/1p6/3B4/PP5P/5PPK/4q3 b - - 3 32,e1e8 f7h6 g8f8 d4g7,1374,endgame mate mateIn2 short,16
spB9d,6r1/pp3pkp/1n1r4/6R1/5p1N/3B1P2/bP4PP/4R1K1 b - - 3 24,g7f8 g5g8 f8g8 e1e8 g8g7 h4f5 g7f6 f5d6,1374,attraction crushing fork middlegame veryLong,19
uphu8,8/p1k1R3/1pp5/3P4/PK1P2B1/1P4Pp/2r4P/r7 b - - 1 39,c7d6 e7d7,1374,endgame mate mateIn1 oneMove,16
ET66J,8/1p3p1k/3p2p1/3P4/2P2PP1/1P3Q1p/2q3r1/5R1K b - - 3 41,c2e2 f3h3 h7g7 h3g2,1375,crushing endgame short,16
FEyo3,8/8/6pk/8/5PPp/2Q4K/5q2/8 b - - 4 61,f2f4 c3h8 h6g5 h8h4,1375,endgame mate mateIn2 queenEndgame short,8
kw5cw,8/1pp2kp1/7p/1p1Pp3/4P3/P4K1P/1P4P1/8 b - - 3 36,f7e7 f3g4 g7g6 h3h4 e7d6 h4h5,1375,crushing endgame long pawnEndgame quietMove,14
w5DdV,8/4qk2/p3p2N/5r2/3PQp2/4p2P/PP5K/8 b - - 9 48,f7f6 h6g8 f6f7 g8e7,1375,advantage endgame fork short,14
1s88S,5r2/2p2Pk1/bp1p2R1/2bP2pP/2P5/2K1p3/8/7R b - - 4 41,g7f7 h1f1 f7e8 g6e6 e8d7 f1f8,1377,crushing deflection endgame exposedKing long,16
DWRMm,2R5/1r4kp/3p1pp1/qB1P4/8/7P/1Q3PP1/6K1 b - - 0 30,a5b5 c8c7 g7h6 c7b7,1378,crushing endgame master short,15
YGULt,5r2/ppr4k/5NpN/4n3/8/1P1q4/5QPP/5R1K b - - 0 27,h7h6 f2h4 h6g7 h4h7,1378,mate mateIn2 middlegame short,16
o2B36,2q2r1k/1p2b1p1/p2p1p2/8/2r5/4BQ1P/P4PP1/R4RK1 b - - 0 26,c8d7 f3h5 h8g8 h5d5,1378,advantage middlegame short,19
uXBgA,7k/6pp/p3P3/1p1P4/3K4/8/Pr4PP/8 b - - 1 29,b2a2 e6e7 a2e2 d5d6 h8g8 d6d7 e2e7 d7d8q,1378,advancedPawn advantage endgame promotion rookEndgame veryLong,12
9aoOx,8/8/8/1P4p1/3kPp2/4p3/4K1P1/8 b - - 0 44,g5g4 b5b6 f4f3 g2f3 g4g3 b6b7 g3g2 b7b8q,1379,advancedPawn advantage endgame pawnEndgame promotion veryLong,8
9TRx4,8/1p6/1P2k1p1/5p1p/5K2/7P/6P1/8 b - - 1 43,h5h4 f4g5 e6e5 g5g6,1380,crushing endgame master pawnEndgame short,9
lqhsd,8/P7/2R5/4kpp1/1K6/4P3/7r/8 b - - 0 41,h2a2 c6c5 e5e4 c5a5 a2a5 b4a5,1380,crushing endgame long rookEndgame,8
nCz7S,r1b2rk1/1pb1nppN/p1nq3p/3p2B1/7Q/3B3P/PP3PP1/R3R1K1 b - - 3 21,h6g5 h7f6 d6f6 h4h7,1380,clearance kingsideAttack mate mateIn2 middlegame sacrifice short,26
ATqWJ,5Q2/8/pkp3K1/3q4/8/5P2/8/8 b - - 6 64,d5c5 f8c5 b6c5 f3f4 c5d4 f4f5,1381,crushing defensiveMove endgame long queenEndgame quietMove,7
s0WSA,5rk1/npp3pp/p3R3/P5q1/1P6/N1P2rPP/2Q2P2/5RK1 b - - 0 22,f3g3 f2g3 g5g3 c2g2,1381,advantage middlegame short,21
CuEUh,3k4/4bQ2/p2pPn2/1p6/1q1Bb3/8/P1P5/K2R4 b - - 1 29,b4a5 d4f6 e7f6 f7f6,1382,crushing master middlegame short,15
UF4jr,8/5pkp/pQ2p3/P7/4R3/6P1/r4PPK/q7 b - - 4 43,a2a5 e4g4 g7f6 b6d8,1382,crushing endgame short,14
V8hhk,1R6/3Pk3/1K1n4/5p1p/5P2/1p6/8/2r5 b - - 1 61,b3b2 d7d8q e7e6 d8g8,1382,advancedPawn crushing endgame promotion short,10
w3gCC,8/8/R3k2p/3r2p1/6P1/4PK2/8/8 b - - 14 45,d5d6 a6d6 e6d6 f3e4 d6e6 e4d4,1382,crushing defensiveMove endgame long rookEndgame,8
DiFhZ,8/pp3R1p/2p1k3/3p4/8/4q3/6PK/5R2 b - - 6 31,e3e2 f1f6 e6e5 f7e7 e5f6 e7e2,1383,advantage endgame long queenRookEndgame skewer,11
IrZuN,2r3k1/pp3ppp/3bpn2/3bN3/3P1BP1/1P2QP2/7P/1q1B1RK1 b - - 3 23,c8c1 e3c1 b1c1 f4c1,1383,crushing middlegame short,23
wCC1F,r1bq1rk1/ppp1bppp/8/1p2N3/3P4/2P5/PP3PPP/R1BQR1K1 b - - 0 11,f7f6 d1b3 g8h8 e5f7 f8f7 b3f7,1383,crushing fork long middlegame,26
5fR8p,3r4/pp2pk2/2n3pB/2P3N1/q7/2b5/4RPPP/1Q1r1RK1 b - - 1 22,f7f6 e2e6,1384,master masterVsMaster mate mateIn1 middlegame oneMove pillsburysMate,20
8Fm0n,8/8/6p1/2p3r1/p1P1K2k/P3R2P/8/8 b - - 1 39,g5g3 e3g3 h4g3 e4d5 g6g5 d5c5,1384,crushing endgame long rookEndgame,10
BBkt9,8/2bPB3/p7/8/1P4k1/P4p1p/8/6K1 b - - 1 54,g4g3 e7d6 c7d6 d7d8q h3h2 g1h1,1384,advancedPawn bishopEndgame crushing deflection endgame long promotion,10
b09tn,2Q5/4ppkp/6p1/3P4/1q1pP2P/5P2/1P2b1PK/r1B5 b - - 0 33,b4c4 c1h6 g7h6 c8f8 h6h5 g2g4 h5h4 f8h6,1384,attraction endgame mate mateIn4 sacrifice veryLong,18
Rvo2i,8/pp1r2R1/1np1k1R1/3pP3/3P4/1PN5/P1n2r2/2K5 b - - 1 36,e6f5 g6f6,1385,mate mateIn1 middlegame oneMove,17
Q0ggL,6k1/p2q2p1/1p4QP/2ppr3/6P1/2P5/2P3K1/5R2 b - - 0 34,e5e6 h6h7 g8h8 f1f8,1386,advancedPawn endgame mate mateIn2 short,15
YHuF9,2r3k1/Q4p2/p2p2p1/1p1P4/6qr/P3P3/1P1K1R2/1B6 b - - 7 36,g4c4 a7f7 g8h8 f7f6,1386,crushing endgame short,17
aeuJq,r1bq1rk1/pp3p2/2pbpn1Q/8/2BP4/5N2/PPP2PPP/R4RK1 b - - 0 13,f6e8 f3g5 d8g5 h6g5,1386,crushing kingsideAttack middlegame short,25
gpA7L,r1bqk1nr/pp1ppp1p/2n1P1p1/2p3B1/2B5/3P1N2/P1PN1PPP/Q3K2R b Kkq - 0 9,g8f6 e6f7 e8f8 g5h6,1387,advancedPawn attackingF2F7 mate mateIn2 middlegame short,29
n1zVf,r2q1r1k/pp3p1B/5b1R/2pp4/6b1/2P1PNP1/PPQ2PP1/2K5 b - - 0 19,f6g7 h7g8 g7h6 c2h7,1387,clearance discoveredAttack discoveredCheck kingsideAttack mate mateIn2 middlegame sacrifice short,23
OtVbW,r2qkbnr/pp4pp/4p3/2ppP3/3P4/3Q4/PPP3PP/RNB2RK1 b kq - 1 10,c5d4 d3b5 d8d7 f1f8 e8f8 b5d7,1388,crushing deflection exposedKing long middlegame,26
ZjtVE,2kr2nQ/3b2p1/p3p3/1N1pP1q1/PppP4/8/1PP5/R3KB2 b Q - 1 22,g8f6 b5d6 c8c7 h8d8 c7d8 d6f7 d8e7 f7g5,1388,advantage attraction exposedKing fork middlegame sacrifice veryLong,21
2AnMu,2r3k1/p2p1pp1/1p6/2q5/7P/5QP1/5P1K/4R3 b - - 2 39,c5c3 e1e8 c8e8 f3c3,1389,advantage deflection endgame master short,14
DV3dN,r2b3k/pp3prp/6pQ/5q1N/3p4/5P1R/PPP2P1P/6RK b - - 13 29,d8f6 h5g7 f5h3 h6h3,1389,crushing middlegame short,22
F6PYr,8/2Q4k/b7/2Pp2pN/8/6K1/8/3q4 b - - 1 45,h7h6 c7g7 h6h5 g7h7,1389,endgame mate mateIn2 sacrifice short,9
PewDV,r2q1r2/pp1b1kpp/2n1pbn1/3N3B/3P4/5Q2/PP3PPP/R1B1R1K1 b - - 0 15,e6d5 f3d5 d7e6 d5e6,1389,mate mateIn2 middlegame short,26
coX1i,2kr4/pp1n2p1/2pbppn1/7Q/1P1Pq2P/2P5/P4PP1/2B1RRK1 b - - 6 20,d8h8 h5h8 g6h8 e1e4,1389,crushing middlegame short,24
jpWkZ,r1b2k1r/2Qpqp2/1R2p1p1/7p/4n3/4BP2/P1P3PP/5RK1 b - - 0 18,e4f6 e3c5 e7c5 c7c5,1389,advantage middlegame pin short,21
jwAAK,r3r3/pp1nNkpp/3Q1p2/8/2pP3B/2q2p2/2P3PP/4R1K1 b - - 3 23,d7b6 d6e6 f7f8 e6g8,1389,mate mateIn2 middlegame short,21
AtRys,rn3rk1/3p2p1/b3p1P1/pp1pP2Q/3q4/P7/1PPB2P1/R2K3R b - - 3 18,f8f2 h5h8,1390,mate mateIn1 middlegame oneMove,23
rmgZk,r1b2rk1/1p1p1Npp/p7/3N4/2B1P3/3P2n1/PPPKn1PP/R2Q2q1 b - - 7 22,g1f2 d5e7,1390,mate mateIn1 middlegame oneMove,25
z9bVD,2Q5/8/p1k5/1p1q4/2p5/P5BP/1P2r1PK/8 b - - 7 47,c6b6 c8c7,1390,dovetailMate endgame master mate mateIn1 oneMove,13
OkjyF,4R2r/p2P4/1p4R1/2p3P1/2Pn1Pb1/1P2N3/P6r/5K1k b - - 4 39,g4d7 e8h8 h2h8 g6h6 h8h6 g5h6,1391,crushing long middlegame pin,18
kGthq,k1r5/1p6/p1n5/3q4/8/4Q2P/3n1BP1/2R3K1 b - - 4 45,c8f8 c1c6 d2f3 g2f3,1391,crushing middlegame short,13
lcYDW,r7/p3kppp/1p2b3/2p1P3/4p1P1/P1P1B2P/3R1PK1/8 b - - 4 26,a8d8 e3g5 f7f6 e5f6 g7f6 g5f6 e7f6 d2d8,1391,crushing deflection endgame veryLong,19
wktZ5,3r4/7R/1p2k2p/6p1/3p4/6P1/1P3P2/5K2 b - - 1 38,d8d6 h7h6 e6d5 h6d6 d5d6 f1e2,1392,crushing defensiveMove endgame exposedKing long rookEndgame,11
ZtiTb,8/7p/2k3p1/pp3p2/2PK4/1P2PP2/7P/8 b - - 2 37,a5a4 c4b5 c6b5 b3a4,1393,attraction crushing endgame pawnEndgame short,12
oRhzy,8/8/2R5/3P1pPp/4pP1P/2k5/1p2r3/1K6 b - - 3 66,c3d4 d5d6 d4d5 d6d7 d5c6 d7d8q,1393,advancedPawn crushing endgame long master promotion rookEndgame,12
oucdH,r2qkbnr/1b1n1N2/3pp1pp/ppp5/4PP2/P1P4Q/BP4PP/RNB2RK1 b kq - 0 17,e8f7 h3e6 f7g7 e6f7,1393,epauletteMate mate mateIn2 middlegame short,30
p4pnK,2r2rk1/pp3pp1/q2bp2p/3p4/1n1P1P2/P4N2/1P1Q2PP/R1B2RK1 b - - 1 18,c8c2 a3b4 c2d2 a1a6,1393,advantage discoveredAttack middlegame short,25
vBjnD,5b2/8/5p1p/2p1p1p1/1k2P3/3KN1P1/5PP1/8 b - - 1 42,f8e7 e3d5 b4b3 d5e7 c5c4 d3d2 c4c3 d2c1,1393,crushing defensiveMove endgame fork veryLong,13
1zvLv,3k4/1p3p1p/p3p1pP/P1KpP1P1/1P3P2/4P3/8/8 b - - 4 40,d8e8 c5b6 e8d7 b6b7 d5d4 e3d4,1394,crushing endgame long pawnEndgame,16
2P8qO,8/5p2/1p2pPk1/3pP1p1/r7/2K3R1/3B4/8 b - - 5 62,g6f5 g3g5 f5e4 g5g4 e4e5 g4a4,1394,endgame,12
7PaKM,1kbR3Q/1pp5/p3rN2/5B2/8/P1P3q1/KP6/4q3 b - - 1 41,g3f4 d8c8 b8a7 c8a8,1394,crushing middlegame short,16
B2AWb,5rkq/1p1r1p2/p3B1b1/6p1/P5P1/1P4Q1/5RP1/5RK1 b - - 0 32,d7d3 e6f7 g6f7 g3d3,1394,crushing deflection middlegame short,18
ZzJaT,3r2k1/5p2/p3pnp1/1pp3R1/3r4/3P3P/PPPqNPQ1/4RK2 b - - 3 27,d4d5 g5g6 g8f8 g6f6,1394,advantage kingsideAttack middlegame short,22
bLhTt,1r6/R4pp1/1pk1p2p/8/2KPP3/5P2/6PP/8 b - - 2 31,b8b7 d4d5 e6d5 e4d5 c6c7 d5d6 c7d6 a7b7,1394,crushing deflection endgame rookEndgame veryLong,14
HVPuL,r1b2rk1/p2p1Rpp/1bpq2n1/1p6/4P3/1B1P4/PPP3PP/RNB2Q1K b - - 0 15,f8f7 f1f7 g8h8 f7g8,1395,kingsideAttack mate mateIn2 middlegame short,27
KTn0I,8/R5R1/1P2p2k/4Kp1p/1r6/5P2/1r6/8 b - - 5 55,b4b5 e5f6 f5f4 g7g6,1396,defensiveMove endgame mate mateIn2 rookEndgame short,11
QZH3e,1k3rr1/2p4p/1pPq4/1Q1pppp1/3P4/2P5/5PPP/R5K1 b - - 1 30,g8g6 a1a8 b8a8 b5a6 a8b8 a6b7,1396,attraction endgame long mate mateIn3 queensideAttack sacrifice,20
KXMTX,3r1r1k/pp4p1/5B1p/q7/1bP5/3R3Q/PP3PPP/5RK1 b - - 0 23,d8d3 h3h6 h8g8 h6g7,1397,mate mateIn2 middlegame pin short,20
ZC3v9,8/p5pk/7p/8/4Bp2/Pq6/3RK3/8 b - - 1 48,h7g8 e4d5 g8h7 d5b3,1398,crushing endgame fork short,10
oNiY5,2r2rk1/p4ppp/1p2pb2/2qN4/2P1Q3/5P2/P4P1P/1BR3K1 b - - 1 20,f8d8 e4h7 g8f8 h7h8,1398,kingsideAttack mate mateIn2 middlegame short,21
xfdKC,r4rk1/6Rp/p2p4/1p1b4/1P1N3q/2Q3b1/1P4PP/R1B4K b - - 0 25,g8g7 d4f5 g7g6 f5h4,1398,advantage discoveredCheck doubleCheck middlegame short,20
zTCz4,3kr3/p1q3p1/4pp1p/1Q1p4/1B2n1P1/2P2R1P/1P6/3K4 b - - 2 31,c7b6 b4a5 d8e7 a5b6,1398,crushing endgame pin short,18
N5lGg,2q1rkbQ/1p4p1/p2B1b2/2r5/8/P2R1N2/5PPP/2nR2K1 b - - 5 30,f6e7 d6e7 e8e7 d3d8 e7e8 d8c8,1399,clearance crushing fork long middlegame,20
msgyZ,6R1/kpB5/8/1P6/P3P3/4n3/1K3p2/3r4 b - - 0 41,f2f1q b5b6 a7a6 g8a8,1399,endgame mate mateIn2 short,11
CrrvY,2rq2k1/2p2pp1/1p2r1bp/p7/PbRP1B2/1Q4NP/1P3PP1/R5K1 b - - 1 24,d8d5 c4b4 d5b3 b4b3,1400,advantage middlegame short,24
NqMrd,1r4k1/6pp/1q2pn2/1Pp1Np2/2QbpP2/7P/6PB/1R5K b - - 0 33,f6d5 e5d7 b6b7 d7b8 b7b8 b5b6,1400,crushing fork long middlegame,20
UlfH7,6k1/5p1p/4p3/4n3/4q1NP/P5PK/1P6/3Q4 b - - 2 47,e5g4 d1g4 e4g4 h3g4,1400,crushing endgame short,13
2uG8y,8/4B3/3p2p1/3Pp3/1p1kP3/1P2bK2/8/8 b - - 17 63,e3f4 e7d6 f4g5 d6b4,1402,bishopEndgame crushing endgame master short,11
Qi43p,1R6/4r3/6KP/n7/8/1pk5/8/8 b - - 1 58,e7b7 b8b7 a5b7 h6h7 b3b2 h7h8q,1402,advancedPawn crushing endgame long promotion,7
GCNp9,k2r3r/p7/2p1p1b1/Q1Ppq3/1R6/2NP3p/P1P5/1R5K b - - 4 29,e5g3 a5a7 a8a7 b4a4,1404,attraction mate mateIn2 middlegame queensideAttack sacrifice short,19
BbBg4,8/8/N3bpk1/1p1p3p/1P1P1K1P/8/1P6/8 b - - 0 38,e6g4 a6c7 g4d7 c7d5,1406,advantage endgame short,12
Hlitr,r2q1rk1/2pb1pp1/p3p2p/1p6/3PP2n/P2Q1N2/1PB2P1P/2R2K1R b - - 3 18,d8f6 e4e5 f6g6 f3h4 g6d3 c2d3,1406,advantage long middlegame,25
pM7d3,rn2kb1r/pppq1pp1/4pn2/1N3b1p/Q1PP4/5N1P/PP4P1/R1B1KB1R b KQkq - 3 9,a7a6 b5c7 e8d8 a4d7 b8d7 c7a8,1406,crushing discoveredAttack long opening pin,29
EkRH2,r6r/ppknb3/2pqp1Qp/6p1/1PBPp3/2P4P/P6P/R1B2RK1 b - - 2 17,d7f6 f1f6 e7f6 g6f6,1407,advantage middlegame short,25
XUFfK,2r4k/6pp/4Q3/1q1p4/2r5/4P2P/2R2PP1/2R3K1 b - - 0 36,c4c2 e6c8 c2c8 c1c8 b5e8 c8e8,1407,backRankMate endgame long mate mateIn3 xRayAttack,15
dlCyL,r1b4Q/pp6/8/3p1prk/8/P1P3q1/1P6/RN3R1K b - - 3 28,h5g4 f1g1 g5h5 h8h5 g4h5 g1g3,1407,crushing long middlegame pin,17
FOTRU,2r2b2/pp2q2k/3p1p1p/4rP1P/4N1p1/4Q1P1/PP2RKP1/R7 b - - 3 30,d6d5 e4f6 h7g7 e3e5 e7e5 e2e5,1408,crushing discoveredAttack long middlegame,22
sMRat,2r1q2r/3k2Q1/7p/8/p3b3/P3PpP1/1PN4P/5RK1 b - - 0 34,e8e7 f1d1 d7e8 g7h8,1408,advantage interference middlegame short,17
9j6A2,6k1/r6N/p2pbrpQ/1pp1n3/4P3/5P2/1qPK2P1/3R1B1R b - - 0 22,f6f7 h7f6 f7f6 h6h8 g8f7 h1h7,1409,clearance exposedKing fork long mate mateIn3 middlegame sacrifice,21
Ubaa4,1k5r/pp2q3/3p4/3Qp1p1/P3P3/5R2/1P5P/7K b - - 0 28,e7h7 d5d6 h7c7 f3f8 h8f8 d6f8,1409,crushing endgame long,15
836Ou,r2q2k1/3r3p/2pB2p1/p1P2p2/2B1pQ2/8/1b3PPP/3R2K1 b - - 1 23,g8h8 d6e5 b2e5 f4e5 d7g7 d1d8,1410,advantage kingsideAttack long middlegame,20
Ef2tR,8/8/2PKp1p1/1R3p2/5Pk1/8/8/4r3 b - - 0 49,g4f4 c6c7 e1c1 b5c5,1410,advancedPawn crushing endgame rookEndgame short,9
14XzH,6rk/5pQp/5Pp1/5q2/2p1R3/2B5/1P4PP/7K b - - 6 38,g8g7 f6g7 h8g8 e4e8,1411,advancedPawn endgame mate mateIn2 short,15
XaMax,r1bqrk2/pp3p1Q/2n2bp1/3pn3/3p4/P2B1NP1/1P3PK1/RNB1R3 b - - 2 18,e5d3 c1h6 f6g7 h7g7,1411,mate mateIn2 opening short,26
ZUc9d,2kr3r/ppp2q2/4b3/Q1NpP3/8/2P2P2/PP2nKP1/R4R2 b - - 1 23,e2f4 a5a7 f4d3 c5d3,1411,crushing middlegame short,21
8IEm1,r3rbk1/2p2pp1/7p/1p1q4/1P6/2PP1Q1P/1B4P1/R4RK1 b - - 0 21,a8a1 f3d5 a1f1 g1f1,1412,advantage hangingPiece middlegame short,20
KylJH,1k5r/bPpQ1pp1/4r3/7p/5q2/8/1P4PP/2RR3K b - - 4 24,e6d6 d7c7,1412,mate mateIn1 middlegame oneMove,17
Od7UC,r6r/1p1bnpk1/pqn1p1pp/1N1pPP2/3P3N/2PB4/6PP/R2Q1RK1 b - - 0 16,a6b5 f5f6 g7h7 f6e7,1413,advancedPawn crushing fork middlegame short,27
Bh4hC,5k2/R7/2pB4/1p6/1P3P2/P4Kp1/2r1n3/8 b - - 3 44,f8e8 a7e7 e8d8 e7e2,1414,crushing endgame short,12
ru3gp,rn1qkb1r/ppp2ppp/4p3/3p1b2/2PPn3/3B1N2/PP2QPPP/RNB1K2R b KQkq - 0 6,d5c4 d3e4 f5e4 e2e4,1414,advantage opening short,31
VUhoa,r1bq1rk1/pp2bppp/5n2/4pN2/2P5/3Q4/PPB2PPP/R1B2RK1 b - - 1 14,d8d3 f5e7 g8h8 c2d3,1417,advantage hangingPiece intermezzo opening short,26
XeJZX,3r2k1/p2q2pp/1p1b4/2pQ2N1/3p4/2P1N2P/PP4P1/6K1 b - - 1 29,g8f8 g5h7 f8e7 e3f5 d7f5 d5f5,1417,crushing endgame long,19
tdFwv,2kn3r/5p2/8/1p1p2pr/p1pPp3/P1P1P1qb/1P2QRBN/5RK1 b - - 5 32,h3g4 e2g4 g3g4 h2g4,1417,crushing middlegame short,24
1R6OF,5r2/8/6pk/p1p1R2p/P2p4/1P5P/2P3PK/8 b - - 0 50,f8f5 e5f5 g6f5 h2g3,1418,advantage defensiveMove endgame master rookEndgame short,14
LCAet,4r2r/1bq1npk1/pp2pQpp/2p2n2/2B1NPP1/2PP4/PP5P/2R2RK1 b - - 1 24,g7h7 f6f7 f5g7 e4f6,1418,mate mateIn2 middlegame short,27
nAh4A,6r1/7R/p1q1kr2/1p2p2P/1P3p2/7Q/P4PPK/8 b - - 2 38,f6f5 h7h6 e6e7 h6c6,1418,crushing endgame master short skewer,16
vqOxk,5RR1/pp6/2p5/3p2b1/1P1P2k1/P1P2q2/5Pp1/6K1 b - - 1 48,f3h3 f2f3 g4h4 g8h8 h4g3 h8h3,1418,advantage endgame long skewer,16
vsqAm,1k6/4R3/2p5/K1P5/8/1P2p3/8/4r3 b - - 9 55,e3e2 a5b6 b8c8 b6c6,1418,crushing endgame master rookEndgame short,8
IfELb,2k1r2r/ppq3bp/5np1/1P1p1b2/3Q4/P1N4P/4BPP1/R1B2RK1 b - - 0 19,c8b8 c1f4 c7f4 d4f4,1419,crushing middlegame pin short,24
flvVX,8/R4pkp/1p4p1/2b3P1/4KN2/7P/p6r/8 b - - 3 60,h2h1 f4e6 g7h8 a7a8 c5f8 a8f8,1420,endgame long mate mateIn3 pin,13
AlaA6,8/8/8/4p2P/1bkpK3/1p3P2/1B6/8 b - - 0 52,b4c3 h5h6 c3b2 h6h7 b2c1 h7h8q,1421,advancedPawn bishopEndgame crushing endgame long promotion sacrifice,9
DmWhf,r5rk/pp4pp/2n1p3/2ppPp2/5P1q/2P1P2R/PP1BQ1PP/R5K1 b - - 4 17,h4e7 h3h7 h8h7 e2h5,1421,attraction kingsideAttack mate mateIn2 middlegame sacrifice short,26
RYXSN,1rr3kb/pp2pp1p/3pbnpB/q2N4/4P3/P2B1P2/1PPQ2PP/1K1R3R b - - 2 16,a5d2 d5e7,1422,kingsideAttack mate mateIn1 middlegame oneMove,28
Y6aIo,8/1r3q1k/6pp/p3N3/P1PQ4/5r2/4RPKP/8 b - - 6 42,f7f4 e5f3 f4d4 f3d4,1422,crushing endgame short,15
R7T4L,1r4k1/1bq1brp1/p2p1n1B/1pp1pPNn/4P3/2NP3B/PPP5/R3Q1RK b - - 2 22,g7h6 g5e6 g8h7 e6c7,1423,advantage discoveredAttack discoveredCheck middlegame short,28
eW3f4,8/8/1P6/B7/2kppN2/8/7r/2K5 b - - 4 69,c4b5 b6b7 h2h8 a5c7,1423,advancedPawn advantage clearance defensiveMove endgame master short,8
pAdA1,2r3rk/1p2b1pp/p3P3/3p1q1P/3BpP2/6QR/PPP5/2K3R1 b - - 0 24,e4e3 d4g7 g8g7 g3g7,1423,kingsideAttack mate mateIn2 middlegame short,22
A63QJ,3r2k1/2p1np1p/1pq1n1pB/4P3/4P3/2P5/PP3QPP/5RK1 b - - 1 24,c6c5 h6e3 c5e3 f2e3,1424,crushing middlegame short,21
rNsFe,7k/pp4p1/7p/4B2q/3P3Q/2P3P1/P5PK/5r2 b - - 3 33,h5d1 h4h6 h8g8 h6g7,1424,endgame mate mateIn2 pin short,15
0TmXZ,8/8/1p4p1/1p1k1pP1/2p2P2/P1P1K1P1/8/8 b - - 0 44,d5c5 g3g4 c5d5 g4f5,1425,crushing endgame pawnEndgame short,12
YXteD,6k1/ppp2pp1/3q1b1p/4Nn2/2B2P2/1PP3P1/P3Q2K/8 b - - 0 30,d6e7 c4f7 g8f8 e5g6 f8f7 g6e7,1425,advantage endgame fork long,19
g6VwO,r4rk1/pp2qppp/2bbpn2/n2p2N1/8/PPN3P1/1BQPPPBP/R4RK1 b - - 4 13,h7h6 c3d5 e6d5 b2f6 h6g5 f6e7,1425,advantage discoveredAttack long middlegame,30
pguDn,4R3/pp5p/2p1R1k1/2p2p2/2P5/1P1r1PPn/P1r4P/7K b - - 5 30,g6g5 e8g8 g5h5 g3g4 f5g4 f3g4 h5h4 e6h6,1425,endgame mate mateIn4 veryLong,19
wO9BD,4r1k1/6p1/p3q1Np/1pp1R3/4Q3/P3P2P/1r4PK/8 b - - 0 28,e6g6 e5e8 g8h7 e8h8 h7h8 e4g6,1425,advantage deflection endgame long,17
PPpDq,r3rk2/1bq2ppp/1p1p4/1P2pP2/2PpP1PP/1Q1Pb3/4N1B1/R4R1K b - - 0 27,e3f2 a1a8 e8a8 f1f2,1426,crushing middlegame short,26
lo4rW,2kr3r/pppn1p1p/3p4/3N1n1q/2Bb1Bp1/3Q2P1/PPP3KP/R6R b - - 1 16,d7c5 d3f5 h5f5 d5e7 c8b8 e7f5,1426,advantage attraction fork long middlegame sacrifice,26
84aP0,8/2r2k2/7R/1p5p/3Bp1rP/8/1P2K3/8 b - - 4 44,g4h4 h6h7 f7e6 h7c7,1427,advantage endgame short skewer,11
GeuTL,r2q1rk1/1b4p1/p3Qp1p/1p1n4/3B4/1N1B4/PP3PPP/5RK1 b - - 0 22,g8h8 e6f5 g7g6 f5g6,1427,crushing middlegame short,22
Njhnm,r1bqkb1r/2p2ppp/p1p1p3/4N3/3Pp3/8/PPP2PPP/R1BQK2R b KQkq - 1 9,f7f6 d1h5 g7g6 e5g6 h7g6 h5h8,1427,advantage long middlegame,27
hQreV,5k2/7P/4p3/8/5K2/5P2/R7/7r b - - 0 51,h1h7 a2a8 f8g7 a8a7 g7h6 a7h7 h6h7 f4e5 h7g6 e5e6 g6g5 e6e5,1427,crushing defensiveMove endgame exposedKing rookEndgame veryLong,7
4556N,r4rk1/pp3ppp/1qn2n2/1Nb5/2P2Bb1/1P3N2/P3B1PP/R2Q1R1K b - - 0 14,a7a6 f4c7 a6b5 c7b6,1428,crushing middlegame short trappedPiece,26
5UnLH,1rb3k1/1p3ppp/p7/2pprPP1/8/2PP4/PP4BP/R4R1K b - - 1 23,c8f5 d3d4 c5d4 c3d4,1428,advantage endgame short,22
4eDl0,5k1r/2p2qpp/p2p4/1p6/3Nr3/5R2/PP3PPP/3R2K1 b - - 1 21,e4f4 f3f4 f7f4 d4e6 f8e7 e6f4,1429,advantage attraction endgame fork long pin,19
TXMJy,r3r1k1/p2q1ppp/1b6/1Bpp4/3N1P2/P1P3Pb/5K1P/RN1QR3 b - - 1 19,c5d4 b5d7 d4d3 f2f3 e8e1 d1e1,1429,advantage long middlegame,24
mIIna,r2qkb1r/1p1n1ppp/p1p5/4P2b/4P3/5N1P/PP3PP1/RNBQR1K1 b kq - 0 11,d7e5 d1d8 a8d8 f3e5,1429,advantage intermezzo opening short,27
cc9Qf,2kr3r/ppp2ppp/2n2n2/3pp3/P5qP/BP1PPbP1/2PNNP1R/3QKB2 b - - 0 12,d5d4 f1h3 g4h3 h2h3,1430,advantage middlegame pin short,30
wFRRh,5r2/pbp1qrpk/1p1p1pRp/3P1P1P/2P3Q1/1P4RP/P5BK/8 b - - 13 35,f8g8 g6h6 g7h6 g4g8,1430,discoveredAttack mate mateIn2 middlegame short,24
NI9ba,2r5/p1p2R2/1p1p4/3P3r/2P1k3/1PK5/P5R1/8 b - - 10 40,a7a5 g2e2,1431,endgame master mate mateIn1 oneMove rookEndgame,14
Pwmh2,r4rk1/pb2bppp/1p2p3/4P3/3q4/P2B1N2/1P3RPP/R2Q2K1 b - - 1 17,b7f3 d3h7 g8h7 d1d4,1431,advantage discoveredAttack kingsideAttack middlegame short,23
65lcQ,r1b3rk/pp4pp/1b6/4N3/8/2P1P1Q1/PP4PP/5K2 b - - 0 24,c8e6 e5g6 h7g6 g3h4,1432,endgame mate mateIn2 sacrifice short,18
eAHbA,8/8/p1p1p1k1/1pp1P3/P1P2K1p/1P5P/8/8 b - - 1 41,b5a4 b3a4 g6h5 a4a5 h5g6 f4g4,1432,crushing endgame long pawnEndgame quietMove zugzwang,13
pj36d,8/7p/2pQ2pk/pp1n4/3P4/2P2P2/3n1KPP/q7 b - - 3 34,a1c3 d6f8 h6g5 h2h4 g5h5 g2g4 h5h4 f8h6,1432,endgame mate mateIn4 veryLong,16
2ONzB,3r2k1/4b1pp/p3Pp2/8/2rNQR2/4B3/P5PK/q7 b - - 5 33,e7d6 e6e7 d6f4 e3f4,1433,advancedPawn advantage middlegame sacrifice short,17
AVtLu,3r2k1/1p5p/pPb3p1/2R1Bp2/3Pp3/4P1P1/1P3K1P/8 b - - 2 31,d8d5 c5c6 b7c6 b6b7,1433,advancedPawn advantage endgame sacrifice short,18
HnLei,r6r/p5Rp/1pRbkp2/3Np3/P3P3/3K1n2/1P3P1P/8 b - - 1 22,a8c8 g7e7,1433,epauletteMate hookMate mate mateIn1 middlegame oneMove pin,19
Y3faf,r3kb1r/3q1pp1/npp4p/p2pPR2/P2P2Q1/1N1P4/3B2PP/1R4K1 b kq - 2 19,g7g6 e5e6 d7e6 f5e5,1433,clearance crushing middlegame pin short,25
fpchY,5rk1/p1p3p1/1pnr2p1/3p4/P2P4/4BB2/5PPP/2R3K1 b - - 0 22,a7a5 c1c6 f8f3 c6d6 c7d6 g2f3,1433,crushing endgame long,19
5g2mn,r2qr1k1/pp3p1n/1b1p3Q/1Pp1pN2/4P1b1/2PP4/1P3PPP/RN3RK1 b - - 2 16,d8g5 h6g5 h7g5 f5h6 g8f8 h6g4,1434,advantage fork long middlegame,27
6qAqh,rn1q2kr/ppp1b1pp/3p4/3P4/6b1/2P2N2/P3QPPP/R1B1R1K1 b - - 3 15,e7f6 e2e8 d8e8 e1e8 g8f7 e8h8,1434,crushing kingsideAttack long opening skewer,25
BUjyu,6k1/8/2n3p1/5pN1/2pP4/r1q3PK/1R3Q2/8 b - - 1 34,c3d4 b2b8 g8g7 g5e6,1434,crushing endgame short,13
H9ngU,r4rk1/1p3pp1/p1p2n1p/q2nR3/3P4/2P2PN1/P1BQ2PP/2R3K1 b - - 13 23,a5c3 c2h7 g8h7 c1c3,1434,advantage discoveredAttack middlegame short,24
IXE4M,rn1qkb1r/pp3ppp/4p3/3p1b2/2pPnB2/2P1PN2/PPQ1BPPP/RN2K2R b KQkq - 1 8,e4f2 c2a4 b8c6 e1f2,1434,advantage intermezzo opening short,32
LVJDi,2b2k2/6pp/p3pn2/8/4P3/3N4/q2B2PP/4Q1K1 b - - 0 30,f6e4 d2b4 f8g8 e1e4,1434,advantage endgame intermezzo short,15
VyDhK,r4rk1/5p2/p3p2p/1p1qN1p1/2pP4/P1P3P1/2Q3PP/5RK1 b - - 2 26,g8g7 f1f7 f8f7 c2g6 g7h8 e5f7,1434,attraction cornerMate endgame long mate mateIn3 sacrifice,21
QSNen,r3k1nr/pp4pp/2p1p3/q2nNpB1/4b3/P1P3P1/P3QPBP/R4RK1 b kq - 0 13,d5c3 e2h5 g7g6 e5g6 h7g6 h5h8,1435,advantage long middlegame pin trappedPiece,27
YJ41a,r1b1kb1r/pp3ppp/1q2p3/3pPn2/3N4/3BB3/PPQ2PPP/RN2K2R b KQkq - 0 10,f5d4 c2a4 c8d7 a4d4 b6d4 e3d4,1435,crushing long opening,28
ZZleZ,rn1qkb1r/pp2pp1p/5np1/2p1p1B1/2B3b1/3P2Q1/PPP2PPP/RN2K1NR b KQkq - 1 7,f8g7 g5f6 e7f6 g3g4,1435,advantage capturingDefender middlegame short,31
v3RXv,8/5p2/pQ1k4/1p1q4/6PP/P7/7K/8 b - - 1 37,d5c6 b6c6 d6c6 h4h5,1435,crushing defensiveMove endgame queenEndgame short,10
W8moT,2r5/1p3kp1/3p1q2/pN1P4/4Qp2/P2K4/2P3P1/8 b - - 0 35,f6e5 e4e5 d6e5 b5d6 f7e7 d6c8,1436,crushing endgame fork long,15
5lxZs,r2qr1k1/pp3ppp/2n5/8/1bP3b1/1P2NNP1/P4PBP/R2Q1K1R b - - 4 15,e8e3 d1d8 a8d8 f2e3,1437,advantage intermezzo middlegame short,25
MJaYm,8/5pp1/p3p3/1p1pPkPp/1PR2P2/2n1PK1P/1P6/8 b - - 0 33,d5c4 b2c3 h5h4 e3e4,1437,crushing endgame hangingPiece short,18
ONqN1,4r3/4r1kp/8/p1p2P2/P1R1N3/b1P2K2/1p6/1R6 b - - 0 38,e8b8 f5f6 g7f7 f6e7,1437,advancedPawn advantage endgame fork short,15
brPTf,rn2qb1r/pp1bk2R/2p1p1Q1/3pP1P1/2PP4/2N2N2/PP3PP1/R3K3 b Q - 0 14,h8h7 g6f6,1437,mate mateIn1 middlegame oneMove,26
k9lDG,1rr3k1/5p1p/p3p1p1/P7/4N3/6P1/5PBP/4R1K1 b - - 2 36,b8b5 e4d6 b5c5 d6c8,1437,advantage endgame fork short,16
IxBsn,r5k1/ppp2q2/4rp2/4pQ1p/4P1p1/3P1NR1/PPP3PP/6K1 b - - 3 24,g8h8 f3g5 f6g5 f5f7,1438,crushing endgame short,22
36fFL,8/3B4/5p2/6k1/6Pp/4P2n/8/4K3 b - - 1 55,h3g1 e1f2 g1e2 f2e2,1439,crushing endgame master short,8
72jUs,1r4k1/3b1pp1/4pn1p/1p1p4/3N4/2P4q/1PB2Q2/5RK1 b - - 1 24,f6g4 f2f7 g8h8 f7f8 b8f8 f1f8,1439,fork long mate mateIn3 middlegame pillsburysMate sacrifice,18
aNYnS,8/6k1/4p1pp/1pr1P3/p1p2PPP/P3K3/1P6/3R4 b - - 2 37,c5d5 d1d5 e6d5 e3d4,1439,crushing endgame rookEndgame short,16
E9x3O,rnbqkb1r/1pp1n1pp/p2p1p2/4P3/2B1P3/1P6/PBP2PPP/RN1QK1NR b KQkq - 0 6,d6e5 c4f7 e8f7 d1d8,1440,crushing deflection master opening short,31
PuAvC,5rk1/1Rpbppbp/2n3p1/2p5/p1P4N/3P2P1/P2B1P1P/6KB b - - 2 24,f8b8 h1c6 b8b7 c6b7,1440,advantage master masterVsMaster middlegame short,23
xHzph,8/RP6/2K1pk2/8/5p2/8/8/1r6 b - - 1 53,f6f5 a7a5 f5e4 a5b5 b1b5 c6b5 f4f3 b7b8q,1440,advancedPawn crushing endgame master promotion rookEndgame veryLong,7
eA43s,5k2/1R3pp1/4b2p/3nN3/3r4/4N2P/5PP1/6K1 b - - 0 31,d5e3 b7b8 f8e7 e5c6 e7f6 c6d4,1441,advantage endgame fork long,14
fsHWj,5r2/7p/3p1p2/3P1K1k/B3P3/Rb6/8/8 b - - 0 43,b3a4 a3h3,1441,endgame mate mateIn1 oneMove,11
maoxa,4k3/2p1P2R/3r1p2/2p2P2/2B5/1P2K3/6rP/8 b - - 2 34,c7c6 c4f7 e8e7 f7d5 e7f8 d5g2,1441,advantage discoveredAttack discoveredCheck endgame exposedKing long master,13
Ny4RE,2kr4/5Rp1/B1ppp2r/p7/P3P3/4Q3/1q4P1/6K1 b - - 1 30,c8b8 e3a7,1442,endgame mate mateIn1 oneMove,16
REq5M,R1b1r1k1/5pp1/2N4p/2p5/2q5/2P3QP/6P1/7K b - - 1 29,c4d5 a8c8 d5d1 h1h2 e8c8 c6e7 g8h8 e7c8,1442,crushing endgame fork sacrifice veryLong,15
OnUWl,r4rk1/p4ppp/1ppp1q2/4nP2/4P3/P5Q1/1PP3PP/R1B2RK1 b - - 4 19,f6e7 f5f6 e7f6 f1f6,1443,crushing middlegame pin short,24
Q2pry,2k4r/ppp2p2/2nrnN1N/6p1/6P1/P2p1P2/5KP1/3R3R b - - 4 34,e6f4 h6f7 h8h1 f7d6 c7d6 d1h1,1443,advantage fork long middlegame,20
zFUyW,2Q5/5p1k/1q3npp/r7/3p4/3P4/5PPP/2R2BK1 b - - 1 33,a5a7 c1c6 b6b7 c8b7 a7b7 c6f6,1443,crushing endgame long,16
V0xQ0,6r1/p3k3/2nppp1p/1p6/4PP2/5N2/PPP3rP/2K3RR b - - 4 19,c6d4 g1g2 g8g2 f3d4,1444,advantage endgame short,20
ShaJp,8/p3k3/6p1/8/4p2P/4P3/P1pK1P2/1rN5 b - - 5 37,b1a1 d2c2 e7f6 c2b2 a1c1 b2c1,1445,crushing endgame long trappedPiece,12
hNg9x,r2q1rk1/pp3pp1/3p3p/2p1n3/4P2b/2N1Q1P1/PPP2P1P/R1B2RK1 b - - 0 15,h4g5 f2f4 g5f6 f4e5,1445,crushing fork middlegame short,26
sJuGq,1r3rk1/p2q1p2/2p1p2p/2Rn2p1/3PN3/6P1/PP4PP/3Q1RK1 b - - 6 19,b8b2 c5d5 d7d5 e4f6 g8g7 f6d5,1445,advantage attraction fork long middlegame sacrifice,22
f9gO4,r1b1r1k1/2Q2ppp/2p2q2/pp6/4P3/1R1B4/P1P2PPP/4R1K1 b - - 3 17,e8e7 c7d8 e7e8 d8e8,1446,kingsideAttack mate mateIn2 middlegame short,22
wJMWV,6k1/5pp1/4pn1p/1p1p4/rP1q4/2rP1BP1/1Q2PP1P/1R1R2K1 b - - 8 24,e6e5 e2e3 d4b4 b2b4 a4b4 b1b4,1446,crushing long middlegame,22
JmpBl,2rr2k1/pq3ppp/bp3b2/3N4/3P4/1P4P1/P1Q2PBP/2RR2K1 b - - 0 21,d8d5 c2c8 b7c8 c1c8 a6c8 g2d5,1447,advantage long middlegame,23
KZZQw,2bR2r1/ppq1k3/2p4p/4P1np/1P3p1N/1QP4P/P4PP1/3R2K1 b - - 0 33,g8d8 h4g6 e7e8 b3g8,1447,mate mateIn2 middlegame short,23
nTHyn,r4knQ/3q4/p1n3rB/4pN2/1p1pP3/1P3P2/P1P5/1K5R b - - 5 31,f8f7 h8h7 f7e6 h7g6,1447,crushing deflection middlegame short,20
NWLMm,2r2rk1/pp1b1ppp/4p3/q2p4/1b3P2/2NQP1P1/PP4P1/1KR2B1R b - - 10 18,b4c3 d3h7,1448,kingsideAttack mate mateIn1 middlegame oneMove,25
PCRMc,2rq1kr1/p1N1b2R/1p1p1pp1/4p3/2QnP3/1P6/1PP5/2KR1B2 b - - 7 26,g8g7 h7h8 g7g8 c4g8,1448,mate mateIn2 middlegame short,22
rSda0,2r3k1/1p3pp1/5n1p/p4N2/3QpP2/qP4P1/5P1P/4R1K1 b - - 1 29,a3b4 d4b4 a5b4 f5e7 g8f8 e7c8,1448,crushing endgame fork long master,19
6cJJE,2kr1br1/ppp2p2/4pn1p/3P1b1q/1nPN3P/2N5/PP1KQPP1/R1B2B1R b - - 1 15,e6d5 e2h5 f6h5 d4f5,1449,advantage capturingDefender master opening short,29
Cb8mO,8/8/8/4kp1p/7P/5KP1/8/8 b - - 5 41,e5f6 f3f4 f6e6 f4g5 e6e5 g5h5 e5f6 h5h6 f5f4 g3f4,1449,crushing endgame pawnEndgame veryLong zugzwang,6
JgoZc,2r3k1/p3Pp1p/1p4p1/4P3/2r3P1/7P/1P3Q1K/8 b - - 0 33,c4c2 e7e8q c8e8 f2c2,1449,advancedPawn advantage deflection endgame master promotion short,15
izLMe,1r6/4p1kp/3p1Rp1/p1pB1n2/2P2P2/P5P1/1r1Q3P/1R4K1 b - - 0 28,b2d2 f6f7 g7h6 b1b8,1449,crushing endgame master short,20
nX13Z,3q3k/pp1r2p1/2p1Q2P/3nPp2/3P4/1PP3R1/P5P1/6K1 b - - 0 34,d5f4 h6g7 d7g7 e6h6 g7h7 h6f4,1449,advancedPawn crushing endgame fork long,19
oKcgB,r7/5qp1/p1pQb1kp/5p2/3B2P1/2P5/7P/5RK1 b - - 0 33,f7d7 g4f5 g6h7 d6e6,1449,crushing endgame fork master short,16
oQQC0,4r1k1/pp2rppp/2p2b2/3p2q1/3P1N1P/4PPP1/PP3Q2/4RRK1 b - - 0 26,g5f5 g3g4 f5d7 g4g5 f6g5 h4g5,1449,advantage long middlegame trappedPiece,24
pmksz,8/5pp1/pN2p3/1P2P2p/P2p1nk1/8/3K1P2/8 b - - 0 37,a6b5 a4a5 g4f3 a5a6,1449,advantage endgame knightEndgame master quietMove short,14
QLfac,1r2k3/pb3p2/1p2p2p/1B1n4/1B5q/4Q3/PP3P2/2K3R1 b - - 1 28,e8d8 g1g8 d8c7 e3e5,1450,mate mateIn2 middlegame short,18
m86SZ,8/3k4/KP6/8/6p1/3pr3/3R4/8 b - - 0 53,g4g3 b6b7 g3g2 d2g2 e3e6 a6a7,1450,advancedPawn crushing defensiveMove endgame long master rookEndgame,7
uo79b,2q3Qr/1p2k2P/2np4/p3pb2/8/1NP5/P1P2P2/2K3R1 b - - 1 28,f5h7 g1g7 e7f6 g8f7,1450,mate mateIn2 middlegame short,18
wEXsE,4rrk1/ppp3p1/1q3p1p/4n3/4N3/1P4QP/1PP3P1/4RR1K b - - 7 25,e5c6 e4f6 f8f6 e1e8,1450,crushing deflection discoveredAttack kingsideAttack middlegame pin short,21
VuTGf,5Rk1/2p1pp1p/2Pb2p1/8/8/3PB1P1/2r2P1P/1R4K1 b - - 0 26,g8f8 e3h6 f8g8 b1b8,1451,endgame mate mateIn2 pillsburysMate short,17
MsR5P,r2q2nR/b5k1/2p1bp1B/p3p2Q/p3P3/P1PP4/1P3P2/R3K3 b Q - 5 27,g7h8 h6f8 g8h6 h5h6 h8g8 h6g7,1453,discoveredAttack discoveredCheck exposedKing kingsideAttack long mate mateIn3 middlegame,22
O8LoJ,r4r2/p1pk1p2/3p1P1R/6N1/4P1Q1/8/Pq4PP/5bK1 b - - 2 34,d7d8 g5f7 f8f7 h6h8 f7f8 h8f8,1453,long mate mateIn3 middlegame sacrifice,18
OGF55,r4rk1/pp3pp1/2pbpq2/8/2PP2QN/4B1P1/PP3P1P/R5K1 b - - 2 17,d6c7 e3g5 f6g5 g4g5,1453,advantage middlegame short trappedPiece,23
ZaUQl,rnb5/1p3prk/1bp5/p3p1B1/2B1p2q/P2P2RP/1PP2P2/R1Q1K3 b Q - 1 20,b6f2 e1f2 e4e3 c1e3,1453,advantage hangingPiece middlegame short,25
aoh4k,8/8/4k2p/5p2/5P2/4K3/7P/8 b - - 2 57,e6d6 e3d4 h6h5 h2h4,1454,crushing defensiveMove endgame master pawnEndgame short zugzwang,6
jL73X,5rk1/3R2pp/p1p2p2/2q1pN2/P7/6P1/5P2/3R2K1 b - - 1 26,h7h6 d7g7 g8h8 d1d7,1454,crushing defensiveMove endgame short,16
ODMli,r1b1qr2/pp2k1Q1/2n1p3/3n2N1/3P4/2P5/P2B2PP/R3K2R b KQ - 0 18,e7d6 g5e4,1455,mate mateIn1 middlegame oneMove,21
YnFLV,8/P4pk1/3p2r1/3Qp3/4q3/3R2p1/1PP5/1K6 b - - 1 39,e4d5 d3d5 g3g2 d5d1 g2g1r d1g1,1455,crushing endgame long master,13
7m0ko,r5k1/2Q2p1p/r1Rp2p1/3P2q1/8/3P3P/5PP1/5R1K b - - 1 27,g5d5 c6a6 a8a6 c7c8 g8g7 c8a6,1456,endgame,17
qOQsa,3r1rk1/ppp1qppp/8/8/3RP3/P1Q2P2/1P5P/1K5R b - - 0 19,e7e5 d4d8 e5c3 d8f8 g8f8 b2c3,1456,crushing endgame long,19
LLETn,4rrk1/1p4b1/p7/2pq4/3PnP2/1PPB1Q2/P5PP/R3B1K1 b - - 0 25,c5d4 d3c4 d5c4 b3c4,1457,advantage middlegame pin short,21
Ufxy6,4rk2/1p3p2/6pp/3q4/3QRP2/pPPK4/P7/8 b - - 13 53,d5f5 d4h8,1457,endgame mate mateIn1 oneMove,15
NmM2Z,8/p5P1/2Bk4/8/2K5/6R1/8/3q4 b - - 5 58,d1e2 g3d3 d6e5 g7g8q e2c2 d3c3 c2a2 c3b3,1458,advancedPawn crushing defensiveMove endgame promotion veryLong,7
TaiQC,5r1k/1p2b3/4Q1p1/p2B2q1/7p/P6P/1P4P1/4R2K b - - 5 31,f8f6 e6g8,1458,endgame master mate mateIn1 oneMove,16
eX6ux,3Q2k1/5p1p/2Bp2p1/1pbP3P/5P2/5RPK/r1q5/8 b - - 2 38,g8g7 h5h6 g7h6 d8f8 h6h5 g3g4,1458,attraction endgame long master mate mateIn3,17
hwQdx,r6r/b1pk3p/p2p1q2/3Q2B1/p2n4/7P/PP4P1/R3R2K b - - 1 24,f6f5 e1e7 d7c8 d5a8,1458,crushing interference middlegame short,20
w8Jro,1b3r2/pp3pk1/1np2n2/3pN3/3P1q2/1Q4NP/PPP2PP1/4R1K1 b - - 6 27,b8e5 d4e5 g7g8 e5f6,1458,advantage middlegame short,23
zxqZc,8/8/2k1Q3/pp6/5q1r/PPP1p1NP/6PK/8 b - - 4 43,f4d6 e6d6 c6d6 g3f5 d6e5 f5h4,1458,attraction crushing endgame fork long,14
8DLKd,4r1k1/p5p1/4qp1p/2p1PP2/P3Q3/8/6PP/4R1K1 b - - 0 28,e6e5 e4c4 g8h7 e1e5,1460,advantage discoveredAttack endgame short,16
g4HGb,8/2rk3p/R4pp1/1PPbp3/3P4/4K3/7P/8 b - - 3 38,f6f5 a6d6 d7c8 d6d5,1460,advantage endgame fork master short,13
lWr7U,r1bqr1k1/ppp2p1p/2nn1bpB/8/8/2PB1N2/P1QN1PPP/R4RK1 b - - 2 14,c6b4 c3b4 f6a1 f1a1,1460,advantage middlegame short,27
rKVgL,2r5/1b4k1/pp1q1npp/3p4/P7/2N5/1PB2QPP/4R1K1 b - - 0 26,d6c5 f2c5 c8c5 e1e7 g7f8 e7b7,1460,advantage fork long middlegame,19
FJ9Vu,r1bqk1nr/pp3ppp/4p3/8/1b1P4/2NB4/PP3PPP/R1BQK2R b KQkq - 2 10,g8f6 d1a4 c8d7 a4b4,1461,advantage fork opening short,26
UqpZh,3rr1k1/p1q2ppp/2pb4/3p4/1P2pPb1/P3P3/1BPQ2PP/2R1NBK1 b - - 2 21,g7g5 d2d4 f7f6 d4f6,1461,advantage middlegame short,26
o3EC6,8/3b4/8/p1r2p2/P1Pk1pP1/R1R2P2/3r4/5BK1 b - - 1 34,f5g4 c3d3 d2d3 a3d3 d4e5 d3d7,1461,advantage endgame long skewer,15
oe03y,rn1qnrkR/pbppb1p1/1p2p3/4P1P1/2PP4/2N5/PP3PP1/R1BQK3 b Q - 2 12,g8h8 d1h5 h8g8 g5g6 e8f6 e5f6 f8f6 h5h7 g8f8 h7h8,1461,kingsideAttack mate mateIn5 opening veryLong,28
rgLMa,4r1k1/ppp2pp1/1b3nn1/6B1/2Br4/1PN2P2/P5RP/R6K b - - 0 21,c7c6 g5f6 d4c4 b3c4,1461,advantage middlegame short,21
JGUn3,r2k3r/p4pp1/1pn1p3/8/2Pp4/Q2PnNqP/4PRB1/R5K1 b - - 4 24,h8h3 a3f8 d8c7 f8a8,1462,advantage master middlegame short skewer,22
VJVey,r2q1bnr/pp3kpp/2np4/2p1P3/6b1/2N2N2/PB3PPP/R2Q1RK1 b - - 0 10,c6e5 f3e5 d6e5 d1g4,1462,advantage discoveredAttack middlegame short,26
Xbj39,1k1r4/1pp5/1p3q2/nP2Qp1p/P1br2pP/6N1/2B2P1P/R3R1K1 b - - 7 28,f6h4 g3f5 h4g5 f5d4 g5e5 e1e5,1462,advantage fork long middlegame,23
z6fw1,r1b3kr/pp3ppp/3B2q1/2bQ4/2B5/8/P5PP/4R2K b - - 0 20,c5d6 e1e8 d6f8 e8f8 g8f8 d5d8,1462,attraction long mate mateIn3 middlegame sacrifice,19
cRnHf,4n1k1/5pp1/7p/1p1qB3/1P2p3/2Q1P2P/5PP1/6K1 b - - 0 30,d5c4 c3c4 b5c4 b4b5 c4c3 e5c3 e8d6 b5b6,1463,crushing endgame quietMove veryLong,16
nXarg,2r2r2/5pkp/p2n2p1/3PR3/1p1Q4/1N6/PPq3PP/1R4K1 b - - 1 24,c2b1 e5e1 g7g8 e1b1,1463,crushing discoveredAttack discoveredCheck middlegame short,20
oF91d,1q2r1k1/5p1n/1r1P2p1/4p1Pp/2Q4P/8/4N3/R4RK1 b - - 1 33,b6d6 c4f7 g8h8 a1a7 b8a7 f7a7,1463,crushing long middlegame quietMove,17
Lz7xh,r5rk/5Qpp/3Bp3/3p4/1pp5/3n1R1P/1q4P1/5R1K b - - 3 31,a8a2 f7g8 h8g8 f3f8,1464,attraction mate mateIn2 middlegame operaMate sacrifice short,18
Nx5NA,r1b1kbnr/ppq2ppp/2n1p3/1B1pP3/1P1N4/2P1B3/P4PPP/RN1QK2R b KQkq - 2 10,c7e5 d4c6 b7c6 b5c6,1464,crushing opening short,30
R0xoL,5B2/7p/6k1/pp6/n1n3P1/1B1R1PK1/4r3/8 b - - 1 38,e2e3 b3c4 e3d3 c4d3,1464,advantage endgame master short,13
pqFGb,4b2k/p5pp/4PP2/1p1q4/1P1B2Pn/2Pr4/P3Q2P/5RK1 b - - 0 34,e8c6 f6g7 h8g8 f1f8,1464,advancedPawn kingsideAttack mate mateIn2 middlegame short,20
1Ec2M,8/8/1R4p1/6Pp/r6P/8/k1K5/8 b - - 6 55,a4h4 b6a6 h4a4 a6a4,1465,endgame mate mateIn2 rookEndgame short,8
MCzck,3br3/5kp1/p2p3p/2p1p2P/P1P3P1/1P2N1K1/8/3R4 b - - 6 45,f7e6 e3f5 d8f6 d1d6,1465,crushing endgame short,17
gYEBO,r2q1rk1/pbp2pp1/1p1bpn1p/3P4/3P4/5NP1/PP1NPPBP/R2QR1K1 b - - 0 11,b7d5 e2e4 d5b7 e4e5 d6e7 e5f6,1465,crushing fork long opening,29
pQNBK,8/7Q/p3pp2/P3nk2/4b1pP/1NK3P1/q7/8 b - - 3 52,e5g6 h7h5,1466,endgame mate mateIn1 oneMove,14
t19QL,r7/5p1k/4pP2/3p3p/1P1P4/1KP5/6R1/8 b - - 3 59,a8g8 g2g8 h7g8 b4b5 g8h7 b5b6,1467,crushing endgame long quietMove rookEndgame,12
aMM2G,2r2k2/pp6/3p4/3P2Q1/5Pp1/7P/PP1r1qBK/6R1 b - - 0 31,f2e2 g5f5 f8e7 f5c8,1468,crushing endgame fork short,17
DdC1B,r1b2r1k/5p1n/ppq1p1pp/2p1p2P/P4P2/2P3Q1/1PB2K1P/3R1R2 b - - 6 26,g6h5 f1g1 h7g5 f4g5,1469,advantage middlegame quietMove short,25
Pw5Qw,8/ppn1bbk1/2P3pp/2P5/P5p1/3B1N1P/4NP2/6K1 b - - 0 28,g4f3 c6b7 f3e2 d3e2 e7c5 b7b8q,1469,advancedPawn advantage endgame long promotion,18
Z0ZaZ,1rb2rk1/pp3ppp/3q4/2pP4/4N3/1R6/PQ3PPP/R5K1 b - - 0 19,d6d5 e4f6 g7f6 b3g3,1469,crushing middlegame sacrifice short,21
b2ERm,r3k2r/1pqb1p2/p3p2p/3pPn2/1P6/2PQ1N2/2P1B1PP/R4RK1 b kq - 1 17,d7b5 d3b5 a6b5 a1a8 e8e7 a8h8,1469,advantage long middlegame skewer,24
2MQPk,8/2p5/1k3p2/8/7p/4PP2/rP4RK/8 b - - 3 42,b6c5 b2b4 c5c4 g2a2,1470,crushing discoveredAttack endgame master masterVsMaster rookEndgame short,10
jaGHP,6rk/r2q1pnp/p2p1Bp1/1pp5/7Q/7R/PPP3PP/5RK1 b - - 3 27,h7h5 h4h5 g6h5 h3h5,1470,kingsideAttack mate mateIn2 middlegame pin sacrifice short,22
juO0N,r2qkb1r/pp2np2/3p3p/2pN2p1/4P1b1/5NBP/PPP2PP1/R2QK2R b KQkq - 0 12,g4f3 d5f6,1470,mate mateIn1 middlegame oneMove,28
uI4HB,8/5kpp/3P1p2/1pp2P2/3q2P1/1P5K/P6Q/8 b - - 1 46,f7e8 h2e2 d4e5 e2b5,1470,advantage endgame queenEndgame short,14
Mmj0J,3r4/p2pqpkp/1p1Pp1p1/8/6NP/4Q3/P4PP1/6K1 b - - 0 27,e7d6 e3h6 g7h8 g4f6 d6d1 g1h2 d1h5 f6h5,1471,crushing endgame veryLong,18
vln5b,5r1k/pp4pp/3b4/3p4/2nP4/2Pq2PQ/PP3R1P/2K2R2 b - - 2 30,f8f2 h3c8 d6f8 c8f8 f2f8 f1f8,1471,backRankMate endgame long mate mateIn3 xRayAttack,20
8fKKb,r1bq1rk1/pppn1pp1/2n1p3/3pP2Q/5B1P/4PN2/PPP2PP1/R3K2R b KQ - 3 12,f7f5 f3g5 d7f6 e5f6,1472,crushing middlegame short,28
ClNQH,3rkbnr/4p1pp/1n2Pp2/1qpP4/7N/2B5/PP3PPP/R2QK2R b KQk - 2 16,b6d5 d1h5 g7g6 h4g6,1472,crushing opening short,25
MdgQt,8/8/8/7P/5kN1/5pp1/8/5K2 b - - 0 55,f4g4 h5h6 g4f4 h6h7 g3g2 f1f2,1472,advancedPawn crushing defensiveMove endgame long pawnEndgame,6
INvFm,4r2k/ppp2pr1/2nbbq1p/3B4/2QP1P1N/2P1R1P1/PP5P/R5K1 b - - 0 26,e6d5 e3e8 g7g8 e8g8 h8g8 c4d5,1473,crushing exposedKing hangingPiece kingsideAttack long middlegame,25
NlVKe,7Q/2q1kp1p/4p1r1/p2r1n2/6R1/P6P/5PP1/4R1K1 b - - 3 36,h7h6 g4g6 f7g6 h8h7 e7d6 e1e6 d6e6 h7c7,1473,advantage deflection middlegame veryLong,17
tIohH,2r2r1k/p4p1p/5PpQ/3p4/1p4P1/1qB3R1/1N5P/2K5 b - - 1 30,f8g8 h6h7 h8h7 g3h3,1473,attraction mate mateIn2 middlegame sacrifice short,18
jWGVs,3r1rk1/p4p2/1p3p1p/5Q2/Pq2R3/6P1/5PBP/6K1 b - - 1 29,b4b1 g2f1 h6h5 e4g4 h5g4 f5b1,1474,advantage discoveredAttack endgame long master,17
6oNMZ,r2r2k1/2QP1ppp/q7/8/p7/7P/6P1/4R2K b - - 1 34,a4a3 c7d8 a8d8 e1e8 d8e8 d7e8q,1475,advancedPawn endgame long mate mateIn3 promotion sacrifice,14
Af4sv,6k1/rpRb2p1/3P1p1p/8/5P2/P6P/1P4P1/6K1 b - - 1 37,d7c6 d6d7 c6d7 c7d7,1475,advancedPawn advantage endgame short,15
StDd8,7k/8/3r2pP/p1p5/1p2QP2/4P3/1PP1K3/q5R1 b - - 4 38,a1g1 e4e5 d6f6 e5f6 h8h7 f6g7,1475,endgame exposedKing fork long mate mateIn3,15
UhLws,r2qr1k1/1pp1bp1n/p1np3Q/8/3P2P1/1PN2N1P/1P3P2/R3R1K1 b - - 0 17,e7g5 e1e8 d8e8 f3g5 h7g5 h6g5,1475,crushing kingsideAttack long middlegame,24
dD8qB,rr4k1/p1pq1pp1/2pb3p/4p3/2Q1P3/1PN5/P1P2PPP/R2R2K1 b - - 0 18,b8b4 c4b4 d6b4 d1d7,1475,crushing middlegame short,24
ehz6g,7k/3R4/5K2/7p/6p1/5pP1/7r/8 b - - 0 41,f3f2 f6g6 f2f1q d7d8 f1f8 d8f8,1475,endgame exposedKing long mate mateIn3 rookEndgame,8
68F7c,6k1/3P2pp/2P1p3/1P6/5P1P/4p3/6PK/3r4 b - - 0 33,g8f8 c6c7 f8e7 c7c8q,1476,advancedPawn crushing endgame promotion rookEndgame short,13
DeMiB,8/8/1p2PR2/p1r3p1/4kb2/P1B5/1P3K2/8 b - - 0 44,f4e5 e6e7 e5f6 e7e8q,1476,advancedPawn crushing endgame promotion short,12
ZLFfa,3r2k1/pp3ppp/2qPb3/Q4p2/5P2/7P/2n3P1/2BR2K1 b - - 5 23,d8d6 a5d8 d6d8 d1d8 c6e8 d8e8,1476,backRankMate long mate mateIn3 middlegame sacrifice xRayAttack,19
Es0M8,rnbqkb1r/pp2pp2/2p3pp/3n4/2B1N3/2N5/PPPPQPPP/R1B1K2R b KQkq - 0 8,d5c3 e4f6,1477,master mate mateIn1 oneMove opening pin,30
QfzgE,8/pp6/7R/2p1k3/4p3/2P2pn1/PP3K2/8 b - - 1 43,e5f4 h6h4 f4g5 f2g3,1477,crushing deflection endgame short,12
nc9Om,r4rk1/qb1p1ppR/p3p3/4n1N1/8/P7/3B1PPP/R2Q2K1 b - - 0 23,a7d4 h7h8 g8h8 d1h5 h8g8 h5h7,1477,attraction kingsideAttack long mate mateIn3 middlegame sacrifice,21
UAmyQ,3r1rk1/p1p2p2/5n1p/1p4p1/3qP3/3PN3/P3QKPP/3R1R2 b - - 3 23,f6g4 e2g4 f7f5 e4f5 d4g4 e3g4,1478,advantage hangingPiece long middlegame,21
33trz,r5nr/pp1p1kb1/2q1p1pp/4Pp1P/2Bp4/BP1P1Q1R/P1P2PP1/R3K3 b Q - 0 17,g6g5 f3f5 f7e8 f5g6,1479,crushing middlegame pin short,28
6G0wc,1rr3k1/pN3p1p/1pB3p1/3p1b2/3K1b2/P7/1P3PPP/1RB1R3 b - - 0 24,f5b1 c1f4 c8c6 f4b8,1479,advantage hangingPiece middlegame short,22
erMOY,2rq2k1/1b1r1ppp/p3pn2/4b3/Np6/3BBP1P/PP1Q2P1/1K1R3R b - - 1 22,e5d4 e3d4 d7d4 d3h7 g8h7 d2d4,1479,advantage discoveredAttack kingsideAttack long middlegame,25
iwRR3,1Q3k1r/pp2qpbp/2n3p1/8/1B3P2/8/PPP4P/2KR3R b - - 0 18,c6b8 d1d8,1479,mate mateIn1 middlegame oneMove pin,20
un3aj,r1b1k2r/1p3ppp/p3p3/3p4/1b1P1P2/8/Pq1B2PP/2RQKB1R b Kkq - 2 15,b2d4 d1a4 c8d7 a4b4 d4b4 d2b4,1479,advantage long middlegame,24
79pP7,r6k/pppq1p1p/3p4/3PpPR1/4N3/8/PP3K2/R7 b - - 0 28,a8g8 g5g8 h8g8 e4f6 g8f8 f6d7,1480,attraction crushing endgame fork long,18
N8X9j,k3r2r/p5p1/3b4/1Qpq3p/2Pp3B/8/PP4RP/R6K b - c3 0 25,d5e4 a1e1 e4e1 h4e1,1480,advantage master middlegame short,19
N1rmZ,8/1p2Q2k/2pp3b/5P2/p6P/6q1/4K3/8 b - - 0 43,g3g7 f5f6 a4a3 f6g7,1481,advancedPawn crushing endgame master short,11
SUaDS,6R1/1kp5/1pN4K/p2P4/P1n5/8/8/4r3 b - - 0 42,b6b5 g8b8 b7a6 a4b5,1481,endgame mate mateIn2 short,11
ftRNX,3rr1k1/1bq2pbp/p2p1np1/1pnP4/4P3/P1N2PN1/1BB3PP/1R2QR1K b - - 8 20,f6d5 c3d5 b7d5 b2g7 g8g7 e1c3 g7g8 e4d5,1481,advantage attraction discoveredAttack middlegame veryLong,28
pSoyF,5rk1/pQ3Rbp/4p1p1/8/P3P3/4q3/P3r1PP/5R1K b - - 0 24,f8f7 b7f7 g8h8 f7e8 g7f8 e8f8,1481,endgame long mate mateIn3,18
Nc6qb,5r1k/1b1p3p/1p4p1/p3q3/PnB2n2/1P4Q1/2P3PP/1K1RR3 b - - 3 23,e5f5 g3c3 f5f6 c3f6,1483,crushing kingsideAttack middlegame short,21
pfNfZ,r2qkbnr/ppp4p/2np4/4N3/2BPPpb1/2N5/PPP2PP1/R1BQ1RK1 b kq - 0 9,g4d1 c4f7 e8e7 c3d5,1483,mate mateIn2 opening short,29
hx0DI,6k1/5q2/2p1np2/1p1p1Np1/p2P2P1/P1P1Q3/1P3PK1/8 b - - 1 30,e6f4 e3f4 g5f4 f5h6 g8f8 h6f7,1484,crushing endgame exposedKing fork long sacrifice,18
p91eD,8/R5p1/3k3p/6p1/P3r1P1/2p4r/5K2/2R5 b - - 3 50,e4e7 c1d1 d6e6 d1e1,1484,advantage endgame rookEndgame short,12
GOXh1,5qk1/p7/4Q2p/1P5n/P7/4P2P/6P1/6K1 b - - 7 43,g8g7 e6g4 g7h7 g4h5,1485,crushing endgame fork master short,12
Pnb94,r7/pb3kpp/1p6/6Q1/8/1P6/P1q2P1P/4R1K1 b - - 0 23,c2c6 e1e7 f7g8 g5g7,1485,endgame mate mateIn2 short,15
2xHDa,5rk1/4b1p1/q3p1p1/2ppP1N1/3P4/1pPnPNK1/6P1/1Q5R b - - 1 28,c5d4 h1h8 g8h8 b1h1 h8g8 h1h7,1486,attraction kingsideAttack long mate mateIn3 middlegame sacrifice,21
9AUmJ,3rr3/pk1n4/2pB2qp/4RBp1/8/2PPQ1P1/PKP5/8 b - - 0 31,g6f5 e5e8 d8e8 e3e8,1487,advantage middlegame short,19
HvLiK,8/5pp1/7p/3pP3/5PkP/6P1/3K4/8 b - - 2 43,g4g3 f4f5 g3f4 e5e6,1487,crushing endgame pawnEndgame quietMove short,10
Y7EjF,2krr3/Qpp1q3/2b3p1/5p1p/8/2PB1PP1/PP4K1/R6R b - - 0 21,b7b6 d3a6 c8d7 a1d1 d7e6 h1e1,1487,crushing long middlegame,20
YFqjl,r1b2rk1/pp1ppp1p/6p1/q7/2P2B2/2bB3P/P1Q2PP1/1R3RK1 b - - 1 14,d7d6 b1b5 a5c7 c2c3,1487,advantage middlegame short,24
kKygU,4k1r1/2q2p2/2p4Q/2b2N2/4p3/2P3P1/r7/5R1K b - - 1 30,c7e5 h6c6 e8d8 f1d1 c5d4 d1d4,1487,crushing long middlegame,14
lusXD,2r1r3/7b/4N2p/3P2p1/3k2P1/2N1p2P/PP6/2K2R2 b - - 1 32,d4d3 f1d1 d3c4 d1d4,1487,endgame mate mateIn2 short,16
ey5WT,2rq1r1k/pp2n1b1/8/2pppP2/4P1P1/2P2N2/PP4QP/R5RK b - - 1 22,d5e4 g2h3 h8g8 f3g5,1488,crushing middlegame short,23
qAKNa,5rk1/1pq1bp1p/pn3np1/3p1bB1/3P4/1BN1QN2/1P3PPP/4R1K1 b - - 2 19,c7d8 e3e7 d8e7 e1e7,1488,crushing middlegame short,25
qKdiL,r6r/pp4pp/3k1nq1/3N4/1Q2P2b/4n3/PPP4p/5R1K b - - 1 25,d6e6 b4e7,1489,mate mateIn1 middlegame oneMove,20
bYvjK,r2qrk2/pp2ppbQ/6p1/2pPn1N1/8/2P4P/PP2n1PK/R4R2 b - - 2 21,d8d6 g5e6 d6e6 d5e6,1490,advantage middlegame pin short,24
DWbnI,4rrk1/1b4qp/pp1p2p1/2nP4/P1pNP3/3n1P2/1PBQN1P1/5RKR b - - 4 24,c5e4 f3e4 f8f1 g1f1,1491,advantage master masterVsMaster middlegame short,26
G2bP0,8/p4r1p/2R3pk/3q4/p3p2P/4Q3/P4P2/6K1 b - - 5 37,h6h5 c6c5 d5c5 e3c5,1491,advantage endgame pin short,14
r1pd3,r3r1k1/pp1q1pp1/2pp1n1p/8/2PPP3/2N3Pb/PP3QBP/4RRK1 b - - 8 17,f6g4 g2h3 g4f2 h3d7,1491,crushing hangingPiece middlegame short,26
MXDi0,r3r1k1/p3nppp/1p1bb1q1/3p4/3Q3N/PB5P/1BP2PP1/R4R1K b - - 1 21,d6c5 h4g6 c5d4 g6e7 e8e7 b2d4,1492,advantage intermezzo kingsideAttack long middlegame,25
pkfif,5k2/r3bp1p/4pN2/2p1P1PQ/1rqp1P1p/8/6R1/4R1K1 b - - 3 36,c4c3 h5h6,1492,master mate mateIn1 middlegame oneMove,19
7jTaT,1r4k1/p4p1p/6p1/8/1r1qbQ2/2pB3P/P1P3P1/R4R1K b - - 4 27,d4d5 d3e4 d5e4 f4f7,1493,crushing middlegame short,19
3bHsq,6k1/pQ3p1p/4p1p1/2q5/8/P4PPP/1P1r4/5R1K b - - 1 25,c5f5 b7c8 g8g7 c8c3,1494,advantage endgame short,16
gzyep,r4r1k/1p2qppB/p1n1p3/2bpP3/5P2/3Q4/PP4PP/R1B2R1K b - - 2 19,g7g6 d3h3 f7f5 h7g6,1494,advantage discoveredAttack discoveredCheck middlegame short,24
ULrlD,r4rk1/p1Q3pp/3p4/5p2/2P4K/2P3P1/P6P/R1B2q2 b - - 1 24,h7h6 c1h6 f8f7 c7f7 g8f7 a1f1,1495,advantage endgame long,18
gl6CX,8/p1Q2N1p/1p4pk/5p2/1P2p3/P1P4P/6PK/3rq3 b - - 7 38,h6h5 g2g4 f5g4 c7e5 g6g5 e5g5,1495,endgame long mate mateIn3,17
1oV2e,6rk/4bB1p/p4p2/1p2rP2/1P5Q/2q1N2P/P4PP1/3R2K1 b - - 0 32,g8f8 f7g6 f8f7 g6f7,1496,crushing master middlegame pin short,20
Ib0m0,3qr1k1/1prb1pbp/p2p1np1/3N4/1Pn5/P1Q3P1/1B2NPBP/2R1R1K1 b - - 1 22,c7c8 d5f6 g7f6 c3f6 c4b2 f6b2,1496,advantage fork long middlegame,27
gUaSC,1kr5/ppr2ppp/1q2p3/3pP3/3RbPP1/PBP1Q2P/KP6/3R4 b - - 0 25,a7a6 d4e4 b6e3 e4e3,1496,crushing master middlegame short,24
tdnl7,3k3r/pp1b2p1/1q1b1p1p/1P1p1p2/P2PrP1N/2P5/6PP/2RQ1RBK b - - 5 23,d6f4 f1f4 e4f4 h4g6,1496,advantage middlegame sacrifice short,26
8uzMc,8/5ppp/8/5P2/p3P3/1k4P1/7P/1K6 b - - 0 47,a4a3 e4e5 a3a2 b1a1 b3c4 e5e6,1497,crushing endgame long pawnEndgame quietMove,10
0dBKg,rnbr3k/1p2pB1p/p5p1/8/8/8/PB3PPP/2R1b1K1 b - - 1 19,d8d4 b2d4 e7e5 d4e5,1498,doubleBishopMate hangingPiece mate mateIn2 middlegame short,19
NeXIC,2b5/2r2p1k/1r1p2pp/3P4/1p1bPB2/7P/5NP1/1R1R2K1 b - - 3 29,c7c4 d1d4 c4d4 f4e3,1498,advantage middlegame sacrifice short,19
Vrggs,6k1/r6p/2pq2p1/ppp1pBP1/2PnP2Q/P2P4/1P2r3/1K4RR b - - 3 27,g6f5 g5g6 h7h6 h4h6,1499,advantage middlegame short,23
9aAEg,r4rk1/pp3bpp/1qp2p2/3nb3/2B2P2/2P5/PPQ3PP/RNBR3K b - - 2 15,e5f4 c4d5 c6d5 c1f4,1500,advantage capturingDefender intermezzo middlegame short,26
Ia87e,r4rk1/5ppp/p4q2/1p6/2p4b/P1P5/BP3PQP/K2RR3 b - - 2 22,h4f2 e1f1 a8d8 d1d8,1500,advantage middlegame short,21
VHWEu,r1bq1rk1/1p3pp1/p4b1p/2p1P3/P1B5/3P2P1/3B3P/1R1QR1K1 b - - 0 22,f6e5 e1e5 d8d4 e5e3,1500,advantage defensiveMove hangingPiece middlegame short,23
f9ZQE,r1b2k1r/pp1p1ppp/5n2/q7/1P2nB2/P1R2N2/4QPPP/4KB1R b K - 0 15,e4c3 f4d6 f8g8 e2e7,1500,crushing master middlegame short,25
AU9Kq,6k1/3qrR1p/p5rP/1p6/5Q2/1B4P1/PP3P1K/8 b - - 0 37,e7f7 f4b8 d7e8 b8e8,1501,endgame mate mateIn2 pin short,16
fL464,rr4k1/p3npp1/1n1Qp1qp/3pP3/PRpP4/2P2N1P/5PP1/4R1K1 b - - 4 25,b6c8 b4b8 a8b8 d6b8,1501,advantage middlegame pin short,25
oWKzC,r3r1k1/pppb1p1p/5qp1/4B3/2P1Q3/8/P1B2PPP/3R1RK1 b - - 0 21,f6e5 e4e5 e8e5 d1d7,1501,crushing middlegame short,22
qZXOp,r2q1k2/pp1br1pp/2p5/b1Q3B1/4p3/2P2P2/PP4PP/R4RK1 b - - 0 17,e4e3 g5e7 d8e7 c5a5,1501,advantage fork middlegame short,23
XiabQ,8/1p2k3/p2pB1p1/2pPn3/2P1P2p/1P2K3/P1r2P2/6R1 b - - 3 32,c2a2 f2f4 e5c4 b3c4,1502,advantage endgame short,18
u3X8H,8/pB3p2/P1R1p2p/r1n1k1p1/8/4P1P1/5PKP/8 b - - 14 37,c5b7 a6b7 a5b5 c6c5,1502,advancedPawn crushing endgame master short,16
xAX3K,3Q4/5pk1/4p1p1/2p1P1P1/1p6/1K1P4/1P3q2/8 b - - 3 35,f2f3 d8f6 f3f6 e5f6,1502,crushing endgame master queenEndgame short,13
jHDQX,7r/1b2np2/p5k1/1pp1pNP1/2q1P3/2P2Q2/PP3P2/3RK3 b - - 7 40,h8h1 f3h1 c4e4 h1e4,1504,crushing hangingPiece master middlegame short,20
F37YG,8/r5kp/6p1/3RP1P1/2P2Pb1/8/7r/1R2K3 b - - 4 44,a7a2 b1b7 g4d7 d5d7 g7h8 b7b8,1505,endgame long mate mateIn3,13
jZ1lc,6k1/p4p1p/1p4p1/1Q1p4/3P4/7P/q3rPP1/2R3K1 b - - 3 25,e2f2 b5e8 g8g7 e8e5 g7h6 e5e3,1505,crushing endgame long,16
MFaGy,rn1q1r1k/pp4pp/2pbB1N1/5p2/3Pb1Q1/4P3/PP1B1PPP/R4RK1 b - - 1 16,h7g6 g4h3 d8h4 h3h4,1506,mate mateIn2 middlegame short,27
SXXsJ,rn1qk2r/pb2bppp/1p2p3/3nP3/4B3/2N2N2/PP3PPP/R1BQ1RK1 b kq - 2 11,d5c3 d1d8 e8d8 e4b7,1506,advantage opening short,28
lWOlJ,8/p7/7k/1K3p2/1Pp5/P7/2P5/8 b - - 0 38,f5f4 b5c4 h6h5 c4d3 h5h4 d3e2,1506,crushing defensiveMove endgame long pawnEndgame,8
ZZbGw,8/8/4Qpkp/8/2pP4/7P/1q3PPK/q7 b - - 0 35,b2f2 e6g8 g6f5 g8g4,1507,endgame mate mateIn2 queenEndgame short,12
T58lh,r6k/pp3pp1/2p1qR1p/b3P3/6N1/7Q/PPP3PP/7K b - - 3 24,e6d7 f6h6 g7h6 h3h6 h8g8 g4f6,1508,endgame kingsideAttack long mate mateIn3 sacrifice,20
2iQJ8,r6r/ppBR2pp/4pb2/3p4/3kR1P1/3q4/PP1Q1P1P/6K1 b - - 12 30,d4e4 d2f4,1509,mate mateIn1 middlegame oneMove swallowstailMate,21
SFc5l,r2q1rk1/ppp2p2/2n2n1p/6p1/2BP2b1/2N2NP1/PP3PP1/R2QR1K1 b - - 0 13,c6d4 d1d4 g4f3 d4d8 a8d8 g2f3,1509,advantage long opening,26
1sQba,r2q1r1k/1bp2pp1/pb4np/1p2B3/1n1P4/2N2N1P/PPBQ1PP1/3RR1K1 b - - 8 19,b4c2 d2h6 h8g8 h6g7,1510,kingsideAttack mate mateIn2 middlegame pin short,28
F8Fzc,6r1/ppp1Nk2/2n1R2p/7r/2pp2p1/6P1/PPP2PK1/4R3 b - - 1 27,g8e8 e7c6 e8e6 c6d8,1510,advantage endgame master sacrifice short,20
JBiBm,1n5r/4r3/ppp3B1/2k4p/8/1NN5/PPP2PP1/3b2K1 b - - 1 23,c5b4 a2a3 b4c4 g6d3,1512,mate mateIn2 middlegame short,18
D5joR,3r2k1/pp4pp/7q/3rn1N1/6B1/1Q5P/PP3pP1/2R2R1K b - - 0 26,e5g4 b3d5 d8d5 c1c8 d5d8 c8d8,1513,long mate mateIn3 middlegame sacrifice,20
Yi4aQ,5k2/5p1p/2r1b1pP/6N1/1R6/8/1P1K4/8 b - - 5 44,c6c4 g5e6 f7e6 b4c4,1513,crushing endgame master short,11
LhI6Y,8/3Q2k1/p5q1/1p1pP3/2pP4/2P5/PP2K3/r7 b - - 27 55,g6f7 e5e6 f7d7 e6d7,1514,advancedPawn advantage endgame short,14
LkwRw,2r3qr/1k5p/1p6/pPb1Q3/P7/5R2/6PP/2R4K b - - 3 30,g8d8 f3f7 c8c7 f7c7 d8c7 e5h8,1514,crushing long middlegame,16
Hqf1i,r5k1/pppq2rp/3p2pR/3Pp1Q1/6P1/1P1P1P2/1PP1K3/7R b - - 0 22,d7b5 h6h7 g7h7 g5g6 h7g7 g6e6,1515,capturingDefender crushing deflection endgame kingsideAttack long sacrifice,22
aIlNa,r2qkbnr/ppp2pp1/3p3p/4N3/3nP1b1/P1N5/BPPP1PPP/R1BQK2R b KQkq - 0 7,g4d1 a2f7 e8e7 c3d5,1515,attackingF2F7 mate mateIn2 opening short,31
HASGV,3R4/5pk1/1P6/5b2/8/2KB2r1/8/8 b - - 8 65,f5d3 d8d3 g3g6 b6b7 g6b6 d3d7,1516,advancedPawn advantage endgame long,8
Rqjjn,8/1bn2B2/1k6/pP4p1/P5PP/4K3/8/8 b - - 0 54,c7d5 f7d5 b7d5 h4h5,1516,crushing defensiveMove endgame short,11
IbKVm,5k2/3R4/5ppp/B6n/8/P1r2P2/5P1P/4K3 b - - 0 30,c3a3 a5b4 f8e8 d7e7 e8d8 b4a3,1517,advantage endgame exposedKing fork long,13
bXZk3,4Rr1k/pb1p1P1p/1p1p1p1q/8/8/6R1/PPP3PP/1K6 b - - 1 27,b7d5 g3g8 f8g8 e8g8,1517,endgame mate mateIn2 short xRayAttack,19
uRGpk,2rr2k1/p2q1p1p/1p4p1/2p1B3/6b1/PP1P2P1/3QN1BP/2R4K b - - 0 23,d7d3 d2h6 f7f6 e5f6,1517,crushing master middlegame short,22
GrWfU,6k1/1N4pp/1n1p4/1P2pb2/2Pp4/5PP1/7P/5BK1 b - - 1 33,d4d3 b7d6 d3d2 f1e2,1518,advantage defensiveMove endgame master short,16
MyKGe,3r4/4qpkp/4p1p1/1p2P3/p1p5/2P2Q2/PP3PPP/3R2K1 b - - 2 26,e7g5 f3f6 g5f6 e5f6 g7f6 d1d8,1518,crushing endgame long,20
iNlFt,r2r2k1/ppp2ppp/2P5/8/4N1P1/2P2q1P/PPQ2P2/4R1K1 b - - 0 20,b7c6 e4g5 f3d3 e1e8 d8e8 c2d3,1518,advantage clearance deflection endgame long,21
2ahy3,r2qk2r/pp2nppp/4p3/1bppN3/3P2Q1/P1P5/2P2PPP/R1B2RK1 b kq - 1 11,b5f1 g4g7 h8f8 c1h6,1520,advantage defensiveMove middlegame short,27
U9A4t,2r1r3/pb3kp1/4p1QR/6P1/8/1PpP1PP1/1PP2q2/2K5 b - - 0 27,f7e7 g6e6 e7f8 h6h8,1520,endgame mate mateIn2 short,19
VMvtv,1b3rk1/pQ3ppp/1p6/8/2r4q/P1P1N2P/6P1/3R1R1K b - - 0 26,h4g3 b7f7 f8f7 d1d8 f7f8 f1f8,1520,long master mate mateIn3 middlegame sacrifice,19
b9HEq,2Qb2k1/1p2rp2/q3p1p1/n2pP1Pp/P2P1P1P/5N2/NR4K1/8 b - - 1 39,a5c6 a2b4 a6a4 b4c6 a4c6 c8d8,1520,advantage capturingDefender long middlegame pin,22
uh4x5,8/8/8/3R1P2/8/7p/2k2K2/7r b - - 0 54,h3h2 f2g2 h1e1 g2h2,1520,crushing endgame master rookEndgame short,6
bU0dw,1r3rk1/p1Q2ppp/8/8/6q1/2P5/PP4PP/4RR1K b - - 0 21,b8b2 c7f7 f8f7 e1e8 f7f8 f1f8,1521,endgame long mate mateIn3 sacrifice,17
8JJRF,2r1k3/5p2/r1PBp3/p4p1P/Pp6/1P6/5PP1/2R4K b - - 0 36,a6c6 c1c6 c8c6 h5h6 c6d6 h6h7,1522,advancedPawn advantage endgame long sacrifice,17
Jgvfv,r2k3r/1b1p1ppp/p7/1p1p3N/3P4/b7/3B1PPP/4R1K1 b - - 5 22,h8e8 d2a5 d8c8 e1e8,1522,deflection mate mateIn2 middlegame pillsburysMate short,20
QXEcN,1r3qkR/6b1/p2p2r1/2pPp3/2P4Q/1P1K1P2/P5P1/7R b - - 1 31,g7h8 h4h7,1522,endgame mate mateIn1 oneMove,19
eEctj,8/8/4R2P/1p6/2n1b1k1/P3p3/8/4K3 b - - 4 58,g4f3 e6e4 f3e4 h6h7,1522,advancedPawn crushing endgame sacrifice short,9
39CQa,r2r2k1/pp3p1p/2p2P2/5Q1P/2PP4/1P4B1/5PK1/q7 b - - 2 29,a1d4 f5g5 g8f8 g5g7 f8e8 g7g8 e8d7 g8f7 d7c8 f7c7,1523,deflection endgame mate mateIn5 veryLong,18
6FRId,8/p1p5/8/1kpK4/8/2PP4/P7/8 b - - 6 42,c7c6 d5d6 c5c4 d3d4,1523,crushing defensiveMove endgame pawnEndgame short,8
dkq7X,8/8/3p2p1/1Pp1p2k/2P1P3/6b1/6Kp/8 b - - 1 51,g3f4 b5b6 d6d5 b6b7 d5c4 b7b8q,1523,advancedPawn advantage bishopEndgame endgame long promotion,11
yiceF,8/1R3nk1/2p5/p5p1/P4p1p/5P1P/5P2/2rBK3 b - - 4 43,c6c5 e1d2 c1a1 d1b3 c5c4 b3c4,1523,advantage endgame long,15
5fKEt,8/2p1k1rp/2q1nRr1/1pb1Q3/p6B/3P1NP1/PPP3K1/8 b - - 2 26,g7f7 f6e6 e7d7 e6c6,1524,crushing discoveredCheck doubleCheck middlegame short,20
ow4oQ,r1b2rk1/pp2p2p/1n2pppQ/1q6/3B3P/5N2/5PP1/R4RK1 b - - 0 21,c8d7 f3g5 b5g5 h4g5,1524,advantage master middlegame short,22
qzgsF,rn3k2/pp3p2/2p3pp/5b2/2Pq1NP1/5Q2/PP5P/2K2B1R b - - 0 20,f5e4 f4e6 f8g8 e6d4 e4f3 d4f3,1524,advantage long middlegame pin,21
mveSc,3r1rk1/pp1nbppp/1qp1p3/3P4/2PB1PN1/6Q1/P5PP/3R1RK1 b - - 2 22,e7c5 g4h6 g8h8 g3g7,1525,discoveredAttack kingsideAttack mate mateIn2 middlegame pin short,25
oF43I,r2q1rk1/pp1Bbppp/4pn2/6B1/2P5/2N5/PP3PPP/R2Q1RK1 b - - 0 13,d8d7 d1d7 f6d7 g5e7,1525,capturingDefender crushing master middlegame short,25
Hw90H,6k1/1pb3pp/p3R3/3p2q1/2r5/P1P4P/2P3P1/4Q2K b - - 0 29,g5g3 e6e8 g8f7 e1e6,1527,endgame mate mateIn2 short triangleMate,17
Nc6s3,r2q4/p1ppkr2/1p2p2Q/2b1P3/7P/PP6/2P5/1KB3R1 b - - 6 31,d8h8 c1g5 e7e8 h6h8,1527,crushing interference middlegame short,19
oadEs,4rq1k/p4pRp/1p3Q2/3p1N2/2rn1P2/8/6PP/3R2K1 b - - 0 29,d4f5 g7f7 h8g8 f7f8,1527,advantage discoveredAttack discoveredCheck master middlegame short,18
Zivd9,r1bq1kBr/ppppb1pp/2n5/6N1/4P3/2P5/P4PPP/RNBQK2R b KQ - 0 9,f8g8 d1d5 g8f8 d5f7,1528,kingsideAttack mate mateIn2 opening short,27
ZrRNO,r2qr3/5p1p/2p1bkP1/3p4/6PQ/5P2/pPP5/2KR3R b - - 3 22,f6g6 h4h6,1528,mate mateIn1 middlegame oneMove,19
xPnUj,rnb1kb1r/p3Bppp/q4n2/1p6/2B5/3P1N2/P1P1QPPP/1R2K2R b Kkq - 0 12,a6a5 e7b4 c8e6 b4a5,1528,crushing discoveredAttack discoveredCheck middlegame short,26
4la6w,4rk2/1p2Pp1p/p2p2p1/q2P4/2r5/5Q1P/PPP2P2/R3R1K1 b - - 0 19,e8e7 e1e7 f8e7 f3e2 e7f8 e2c4,1529,attraction crushing endgame fork long,21
SMW7z,8/1b2N3/8/PP2p1p1/3k4/6K1/8/8 b - - 0 45,e5e4 a5a6 b7a8 b5b6,1529,crushing endgame short,8
i3wgY,r4r2/5pk1/p5p1/n2n2Rp/1p3p1P/3B4/1PPQ1P2/qNKR4 b - - 1 24,d5c3 b2c3 b4c3 d2c3 a1c3 b1c3,1529,advantage long middlegame,22
j2XYd,r1qr2k1/pp2bppp/2n1pn2/3pN1B1/P2P4/1QP4P/1P1NRPP1/R5K1 b - - 0 16,c6e5 d4e5 g8h8 e5f6,1529,crushing master middlegame short,28
o5x3S,2r3k1/5pp1/p4b1p/q1nNpP2/1p6/5B2/PP2QPPP/3R2K1 b - - 1 24,a5a2 d5f6 g7f6 f3d5,1529,clearance crushing kingsideAttack middlegame short,22
tvwqt,2r1k2r/pp2bp2/4qp1p/3R1n2/6N1/8/PPPQ2PP/2K4R b k - 2 19,c8d8 d5d8 e7d8 h1e1 d8e7 e1e6,1529,advantage long middlegame pin,21
qAkNe,r7/3bnk2/5p2/3pp2p/7N/P1rNR3/5PPP/R5K1 b - - 3 27,a8a3 a1a3 c3a3 d3e5 f6e5 e3a3,1530,advantage discoveredAttack long middlegame,18
NXOcH,5r2/5p1k/4p1pP/4P1R1/2pPQ3/2q1P3/pp4KP/5R2 b - - 1 36,a2a1q f1f7 f8f7 e4g6 h7h8 g6g8,1531,endgame fork long mate mateIn3 sacrifice,18
SMWyS,r3k1nr/1p3pp1/pqb1p2p/4P1NQ/8/3B4/PP3bPP/R3R2K b kq - 1 20,f2e1 h5f7 e8d8 g5e6 d8c8 f7f8,1531,advantage attackingF2F7 long middlegame,24
YumxA,2rq1rk1/pb2bp1p/1p2pnp1/6B1/2nP4/P1N2N2/1P2QPPP/RB1R2K1 b - - 5 16,c4b2 e2b2 b7f3 g2f3,1531,advantage hangingPiece middlegame short,28
oYEIT,6k1/1p3p2/p3p2p/4P1p1/1P1b1PQ1/P5BP/5PK1/2q5 b - - 1 32,b7b5 f4g5 c1g5 g4d4,1531,crushing discoveredAttack endgame short,18
X7Juy,5r2/2p2pkp/1pN2Np1/3Pp3/8/1q6/4Q3/3R1K2 b - - 1 38,g7f6 e2e5,1532,endgame mate mateIn1 oneMove,15
sD8c1,r1bq2rk/ppp1n3/5N1p/3nQ3/3P4/2PB4/P4PPP/R4RK1 b - - 0 18,d5f6 e5f6 g8g7 f6h6 h8g8 d3c4,1532,advantage exposedKing kingsideAttack long middlegame,23
uHMAE,3k1K2/6P1/pp6/8/8/6r1/2p2R2/8 b - - 1 57,g3f3 f2f3 c2c1q g7g8q,1532,advancedPawn crushing endgame hangingPiece promotion rookEndgame short,8
5dlTG,8/7p/p2p2pk/2pP4/2P1bQ2/1P5P/P5PK/4q3 b - - 14 35,g6g5 f4f6 e4g6 f6f8 h6h5 g2g4 h5h4 f8h6 g6h5 h6h5,1534,endgame mate mateIn5 veryLong,16
KlRBh,rnbq1r2/4ppk1/2p2np1/4P2p/pp5P/5P2/PPPQN1P1/1K1R1BNR b - - 0 14,d8d2 e5f6 e7f6 d1d2,1534,advantage intermezzo middlegame short,28
cBjyZ,4rbk1/2p1q2p/3pR1p1/p2P4/1pPB2Q1/8/5PPK/8 b - - 7 35,e7d7 e6g6 h7g6 g4d7,1534,advantage discoveredAttack endgame master short,18
Hszql,r4r1k/pbp2pbp/1p1p4/3Nn3/2P1n3/5NPR/PP1BBPK1/7R b - - 1 21,e5f3 h3h7 h8g8 d5e7,1535,kingsideAttack mate mateIn2 middlegame short,25
pkHtM,r1bqk2r/ppp2ppp/5n2/3pn3/1b2P3/2N5/PPPBNPPP/R2QKB1R b KQkq - 2 7,f6e4 c3e4 b4d2 e4d2,1535,advantage opening short,30
rtpBv,2r1rnk1/5b1p/p2p1RpQ/2q5/1pB1P3/1P6/P1P2PP1/2K4R b - - 0 25,f7c4 f6f8 e8f8 h6h7,1535,kingsideAttack mate mateIn2 middlegame short,22
tnGYs,r2q1rk1/ppp2ppp/2n1pn2/4Pb2/2B2BP1/4P3/PP3P1P/RN1Q1RK1 b - - 0 10,f5g4 d1d8 a8d8 e5f6,1535,advantage middlegame short,28
2HlBU,4r1k1/2n1q1b1/p2N2pp/1pp1pp2/7P/1PP3P1/P2Q1P2/3R1BK1 b - - 1 27,e8d8 d6f5 g6f5 d2d8 e7d8 d1d8,1536,crushing discoveredAttack exposedKing kingsideAttack long middlegame,23
4prOx,4r3/1p2P3/p4k2/2p5/2K5/8/P1P5/4R3 b - - 3 42,b7b6 c4d5 e8e7 e1e7 f6e7 d5c6 b6b5 c6c5 e7d7 c5b6,1536,crushing endgame rookEndgame veryLong,10
VUVf4,3r1k1r/p1p2ppp/1bbq4/3N4/1PP5/5Q2/P4PPP/3RR1K1 b - - 0 19,c6d5 d1d5 d6d5 c4d5,1536,advantage middlegame short,22
petzP,2r4r/1pqn1kp1/p2pp3/P2p1p1p/3P1N1P/1P2PP2/4NKR1/Q7 b - - 1 24,d7f6 g2g7 f7g7 f4e6 g7h6 e6c7,1536,advantage attraction deflection fork long master middlegame sacrifice,24
Tc2Ib,1k4r1/1p5p/p3b2p/P1r1p3/3p3q/3Q3P/2P2PPK/1R3BR1 b - - 1 28,b8a7 b1b7 a7b7 d3a6,1537,advantage attraction middlegame sacrifice short,21
j0LqQ,r1bqkb1r/p4ppp/2pppn2/4P3/8/1P6/PBP2PPP/RN1QKB1R b KQkq - 0 8,d8a5 b2c3 a5c7 e5f6,1537,advantage defensiveMove opening short,28
rbISB,3r1k1r/1p1n2pp/p2P1p2/2p4q/P6B/4QN2/5PPP/4R1K1 b - - 6 22,d7e5 f3e5 h5e5 e3e5 f6e5 h4d8,1537,advantage long middlegame,21
G6WPp,r2q1rk1/pp2bppp/2bppn2/4P1B1/2B5/2N5/PPP2PPP/R2QR1K1 b - - 0 11,f6g4 g5e7 d8e7 d1g4,1538,advantage opening short,28
s1lQX,r4r2/4ppkp/p2p2p1/1bpP2N1/2q1PP2/7P/2P3P1/1RQ1R1K1 b - - 0 21,a6a5 c1b2 g7g8 b2b5,1538,advantage middlegame short,23
DC8Jf,8/8/8/p1p3K1/2P2p1P/1k6/6P1/8 b - - 0 47,b3c4 h4h5 c4d3 h5h6 c5c4 h6h7 c4c3 h7h8q,1539,advancedPawn crushing endgame pawnEndgame promotion quietMove veryLong,8
JP3qj,r3k2r/3pnppp/p3p3/1pbbP3/2P5/3Q1PPq/PB5P/3RR2K b kq - 0 20,d5b7 d3d7 e8f8 d7d8 a8d8 d1d8,1539,backRankMate fork long mate mateIn3 middlegame sacrifice,25
8Iwwk,8/3nk1pp/p7/8/8/1R1b3P/PP2pP2/4K3 b - - 1 32,d7c5 b3c3 d3b1 c3c5,1540,crushing endgame master short,13
Jm7uu,5b2/q4p1k/1NQp2p1/p1nPp3/1p4P1/1P3P2/P3N1K1/8 b - - 0 34,f8e7 b6c8 a7b8 c8e7 b8d8 e7c8,1540,crushing endgame long,19
WqwIA,2k2r1r/p1pq3p/1p6/4p3/8/1Q1BP3/PPP2PP1/2KR4 b - - 1 19,d7f7 d3a6 c8b8 d1d8 f8d8 b3f7,1540,crushing deflection endgame long,19
8SRyl,r3kbnr/3q1ppb/p6p/2pNP3/Q5PP/4B3/PPP2P2/2KR3R b kq - 0 16,d7a4 d5c7 e8e7 e3c5,1541,fork interference mate mateIn2 middlegame morphysMate short,25
KMwJw,1r4k1/pQ3p2/n3RBp1/3p2Pp/3P3P/P4P2/K7/3q4 b - - 9 33,d1f3 b7b8 a6b8 e6e8 g8h7 e8h8,1541,endgame fork long mate mateIn3 operaMate sacrifice,18
Vpwjx,4rr1k/p5pp/8/1p3q2/3Q4/2B1p3/PP2RbPP/5R1K b - - 1 24,f8g8 f1f2 f5f2 e2f2 e3f2 d4f2,1541,advantage long middlegame xRayAttack,19
5ULFH,8/1B5k/PpR4p/6p1/r1P5/7P/6PK/2r5 b - - 8 38,c1c4 c6c4 a4c4 a6a7,1542,advancedPawn crushing endgame short,13
8Hlhr,6k1/1p4p1/2p4p/PpPp2b1/2QPp3/4P3/2KB4/8 b - - 0 46,d5c4 d4d5 c6d5 c5c6 b7c6 a5a6,1542,advantage bishopEndgame endgame long sacrifice,16
RLXqy,7Q/1ppk4/pn1q2p1/4Pb2/3P4/1PN5/P1P5/2K5 b - - 0 31,d6d4 e5e6 d7e6 h8d4,1543,crushing discoveredAttack endgame short,16
Chuf5,5rk1/1p2R2p/p2P1P1r/P1p3qn/2Pb2p1/1P3pB1/2Q2P1P/4RBK1 b - - 0 32,h5g3 e7g7 g5g7 f6g7,1544,advancedPawn advantage fork middlegame short,25
R7pby,2r2rk1/p2b1ppp/1p4q1/3p4/8/2P1RN1P/P4PP1/2RQ2K1 b - - 0 23,d7h3 f3h4 g6g4 e3h3 g4d1 c1d1,1544,advantage discoveredAttack long middlegame,21
31J7G,6Q1/p3k1Rp/1rp1pp2/q2p4/5P2/2P5/bR5P/K7 b - - 3 30,e7d6 g8f8,1545,endgame master mate mateIn1 oneMove,17
JsSM4,8/8/4k3/5pP1/P1nK4/8/8/8 b - - 0 48,f5f4 d4c4 f4f3 c4d3 f3f2 d3e2 f2f1r e2f1,1545,crushing endgame hangingPiece veryLong,6
QAIa1,5k1r/p1p1bpp1/1rBq2bp/8/5N1P/2PP1Q2/PP6/2KR3R b - - 0 24,d6c6 f4g6 f8e8 f3c6 b6c6 g6h8,1545,crushing intermezzo long middlegame pin,22
dLCQA,2qr2k1/bp3pp1/p6p/3NP3/8/7P/PP4P1/3Q1R1K b - - 0 25,c8e6 d5f6 e6f6 e5f6 d8d1 f1d1,1545,advantage endgame long,18
5wjyZ,r3k2Q/3p1r2/2p1p3/pq2P2p/1P1P2pP/P1P3P1/1B6/1B4K1 b q - 0 36,f7f8 b1g6 e8e7 h8g7 e7d8 g7f8,1546,crushing deflection endgame long,21
IRSva,2k4r/ppp2ppp/3r4/3P4/2P2P1Q/4qP2/P6P/R4R1K b - - 0 22,d6h6 h4g4 c8b8 g4g7,1546,advantage endgame short,20
MrnMY,5rk1/1prq2pp/p3p3/2BpP3/8/2P3Q1/P1P3PP/R4RK1 b - - 0 18,c7c5 f1f8 g8f8 g3f2 f8g8 f2c5,1546,attraction crushing endgame fork long,21
6GNQc,6k1/1q1n1p2/2b2bpp/3p4/p1pP2B1/P1P2N1P/3N1PP1/1Q4K1 b - - 1 29,f6e7 b1b7 c6b7 g4d7,1547,advantage capturingDefender middlegame short,22
XTxPs,5q1k/3P2p1/4R2p/p1b2p2/4p3/8/P2p2PP/3R1K2 b - - 1 45,c5e7 d1d2 h8h7 e6e7 f8e7 d7d8q,1547,advancedPawn advantage endgame long master promotion,16
M1DUQ,rq3rk1/pp1n1pp1/5n1p/5b2/2p4B/2N2B2/PPPQ1PPb/R1N1R2K b - - 1 15,d7e5 h4f6 e5f3 g2f3,1548,advantage opening short,27
e91e7,r6r/p3kp1p/1pQbq1p1/2p3B1/8/2P5/PP3P1P/2K2R2 b - - 2 20,f7f6 c6b7 e7d8 b7a8 d8c7 a8h8,1548,advantage interference long middlegame skewer,20
jqATR,5rk1/rbR2ppp/p3p3/1p1qP3/3p1PQ1/1P5P/3N2PK/2R5 b - - 3 27,a7a8 c1c5 d5g2 g4g2 b7g2 h2g2,1548,advantage long middlegame,22
n2Bw0,r1bqkbnr/pp3ppp/2n1p3/8/2pNP3/2N1B3/PP3PPP/R2QKB1R b KQkq - 0 7,f8c5 d4c6 d8d1 a1d1,1548,crushing opening short,29
pAwfV,2r2k2/p4ppp/1p1qrR2/3pN3/3P4/2P3Q1/PP4PP/5RK1 b - - 0 24,e6f6 f1f6 g7f6 e5g6 h7g6 g3d6,1548,crushing discoveredAttack endgame long,21
AApjw,r1b2k2/ppqnr1bB/2p2n1p/4p3/P2P4/1QP1P2P/1P1N2P1/R1B2RK1 b - - 2 16,e5d4 b3g8,1549,mate mateIn1 middlegame oneMove pin,27
TQOLR,r1b2b1r/1k1n1ppp/p1p5/1p2p3/4P3/P1N1BP2/1PP1B1PP/2KR3R b - - 1 14,f8c5 d1d7 c8d7 e3c5,1549,advantage master middlegame short,26
X9DJ2,7r/Q3R1pk/5qbp/3p4/2p3NP/3p4/P4PP1/6K1 b - - 7 33,f6f8 e7g7 f8g7 g4f6,1549,endgame master mate mateIn2 pin sacrifice short,17
pzXRd,r5r1/p7/2p2qk1/2Nb2p1/2p3Qp/8/PPP2PP1/3RR1K1 b - - 1 28,g6h6 d1d5 c6d5 e1e6,1549,crushing middlegame pin sacrifice short,20
roafg,r1b2rk1/6pp/p3pnq1/3p1pB1/6P1/2PBQP2/P6P/R5RK b - - 4 22,h7h6 g4f5 g6g5 g1g5,1549,crushing middlegame short,23
qgnC4,r4rk1/pp3p2/2np3p/3N2qn/4P3/8/PPP1QPPP/R4RK1 b - - 1 15,c6e5 e2h5 g5h5 d5f6 g8h8 f6h5,1550,advantage attraction fork long middlegame sacrifice,23
MZgMm,2rq1r2/p6k/1p2pp1p/4B1PQ/3P4/7P/P5P1/5RK1 b - - 0 26,f6g5 f1f7 f8f7 h5f7,1551,collinearMove endgame mate mateIn2 short,18
frgsh,8/ppp1r1rk/5R1n/2p3p1/3p4/1P6/1PP4R/6K1 b - - 7 32,e7f7 f6h6 h7g8 h6h8,1551,endgame mate mateIn2 short,16
FwD9B,4R3/8/2r2k2/4p1p1/4P3/5PK1/8/8 b - - 7 51,c6e6 e8e6 f6e6 g3g4 e6f6 g4h5,1552,crushing endgame long rookEndgame,8
G4nbU,6k1/pppq2pp/5n2/3P2Q1/6b1/P5P1/1B3PBP/6K1 b - - 3 26,d7f5 b2f6 f5g5 f6g5,1552,crushing endgame pin short,18
Gk54J,1r5k/4p1b1/1p1p3p/p2Q2p1/2P5/6P1/PP1Bq2P/4R1K1 b - - 3 26,e7e6 d5d6 e2c4 d6b8,1552,crushing endgame master short,19
RqNaA,8/8/3p4/1p1Pp2p/pP1pP1k1/P2P2P1/5K2/3b1B2 b - - 3 36,d1f3 f1h3 g4h3 f2f3 h3h2 g3g4 h5g4 f3g4,1552,bishopEndgame crushing deflection endgame veryLong zugzwang,16
e2jDU,r2qkb1r/p2bn2p/2pB1p2/2p3p1/B2p4/5Q1P/PPP2PP1/RN3RK1 b kq - 1 13,e7d5 f3h5,1552,master mate mateIn1 middlegame oneMove,27
zp3jY,1n3rk1/1Q6/2pp1p1p/8/4q3/1P3R1P/1PP3P1/7K b - - 1 30,e4e1 h1h2 g8h8 f3g3 f8g8 g3g8,1552,advantage endgame long quietMove,16
31Gip,2br1r1k/pp4p1/6qp/3pR3/5p2/2Q2N1P/PPP2PP1/R5K1 b - - 2 24,c8h3 f3h4 g6g4 c3h3,1553,crushing discoveredAttack middlegame short,22
GGw40,2r3k1/2qn1pbp/r5p1/p1Ppp3/Q2P4/PR3NP1/3N1PP1/1R4K1 b - - 1 21,e5d4 b3b7 c7c6 a4c6 a6c6 b7d7,1553,capturingDefender crushing long middlegame,24
ITDJt,1k6/4q1pp/Qpp1bp2/8/3NP2P/1P6/PKP5/8 b - - 0 31,e7b7 a6b7 b8b7 d4e6,1553,crushing endgame short,16
QH9e6,2kr3r/ppp4p/5p2/2b1pn2/4b3/2P3PP/PP1NBP1K/2BR1R2 b - - 9 20,e4c6 e2g4 c6d7 d2e4,1553,advantage master middlegame pin short,24
ibNut,8/1p4N1/5b1P/1P6/2k1nPK1/8/8/8 b - - 2 47,c4b5 g4f5 f6g7 h6g7,1553,advancedPawn crushing endgame short,9
qfUFO,4q1rk/1b1r3R/4pPp1/1pp1P3/p2P4/3BP2R/PPQ5/6K1 b - - 0 36,d7h7 h3h7 h8h7 c2h2,1553,attraction kingsideAttack mate mateIn2 middlegame short,21
3my1B,8/pp3p2/4p1p1/3kP2P/2p3P1/2P5/1P4P1/6K1 b - - 0 35,d5e5 h5h6 e5f6 g4g5 f6g5 h6h7,1554,advancedPawn crushing endgame long pawnEndgame,14
97EJx,6k1/6p1/p3R2p/Pp1B4/3p3n/P1r4P/5PP1/6K1 b - - 3 36,d4d3 e6c6 g8f8 c6c3,1554,crushing discoveredAttack discoveredCheck endgame short,16
G8UrU,r3k1nr/pbpp1ppp/1p2p3/8/1PPnP1Nq/P1NB1PP1/7P/R2QK2R b KQkq - 0 14,h4h3 d3f1 d4f3 d1f3,1554,advantage middlegame short,29
ms8Hf,2b1r1k1/4p3/1q1p2B1/3P2NN/1pP5/1P1p3P/6P1/5R1K b - - 0 30,e8f8 g6h7 g8h8 f1f8,1554,deflection mate mateIn2 middlegame short,18
tIbrL,6Q1/3p4/5pp1/q3Rkr1/8/3r1b2/P4BPP/4R1K1 b - - 0 35,f6e5 g8f7 f5g4 h2h3 g4h5 f7h7,1554,long mate mateIn3 middlegame,16
K6b4i,r4k1r/1pp2ppp/p1p2n2/4R3/8/2B2P1P/PPP2P2/2KR4 b - - 0 14,a8e8 c3b4 f8g8 e5e8 f6e8 d1d8,1555,crushing deflection endgame long pin,21
W4qjQ,r2q1rk1/pp2pp1p/2np2p1/2p5/2B1P3/2PP1N2/P1P1bPPP/R1Q2RK1 b - - 2 12,e2f1 c1h6 e7e6 f3g5 d8g5 h6g5,1555,advantage long middlegame,28
6ipv1,8/r7/PK6/5k1p/6p1/8/R7/8 b - - 1 53,a7f7 a2f2 f5g6 f2f7 g6f7 a6a7 g4g3 a7a8q,1556,advancedPawn crushing endgame promotion rookEndgame veryLong,7
Kpb6F,r1b1n2r/1p3pk1/pq4p1/n2pQ1B1/P2P4/1pP5/5PPP/RN3RK1 b - - 4 20,f7f6 e5e7 g7g8 e7e8 g8g7 e8e7,1557,crushing interference long middlegame,25
4ArY6,r4r1k/1b4b1/2qpB1p1/pp5p/3B3Q/P1P2P1R/2P4P/R5K1 b - - 0 27,f8f3 h4h5 g6h5 h3h5,1558,kingsideAttack mate mateIn2 middlegame sacrifice short,22
EvBmo,r2r2k1/3q2p1/pp2R2p/5p2/2QP4/5NP1/7P/6K1 b - - 0 34,d7d5 e6e8 g8f7 c4d5 d8d5 e8a8,1558,advantage endgame long pin,16
UhBAM,1r4k1/3b1ppp/p1pq3r/3p1P2/P5P1/2P2B2/1P3QKP/3R2B1 b - - 2 29,b8e8 g4g5 d7f5 g5h6,1558,advantage middlegame short trappedPiece,22
bi60R,3r4/2qP1pk1/2P3p1/7P/3Q4/5K2/8/8 b - - 2 47,g7h6 d4f4 c7f4 f3f4,1558,crushing endgame short,10
FLqxv,r4rk1/pp3pp1/1np4p/4p3/1P2P1b1/P3PN2/B1P3PP/3R1RK1 b - - 0 16,a8d8 d1d8 f8d8 f3e5,1559,advantage middlegame short,24
ZIp9D,r2q1k2/pb4b1/3NQ1p1/2p5/1n6/5N2/PP3PP1/2K1R3 b - - 0 24,d8f6 e6e8 a8e8 e1e8,1559,mate mateIn2 middlegame sacrifice short,18
7uX3W,r4b2/pbk3pp/2pp1n2/6N1/8/B1N5/P4PPP/4R1K1 b - - 0 23,a8e8 e1e8 f6e8 g5e6 c7b8 e6f8,1560,advantage fork long middlegame,19
BnuFv,2rr2k1/pb3p1p/6p1/3np1q1/4B3/PQ6/1P1N1PPP/R2R3K b - - 7 19,b7a8 d2f3 g5f6 e4d5,1560,crushing middlegame short,22
ocLFw,8/p5k1/1p1K4/1P4P1/8/3B1b2/8/8 b - - 2 39,f3b7 d6c7 b7g2 c7b8 a7a5 b5a6,1560,bishopEndgame crushing enPassant endgame long master,8
ygMWt,2r3k1/pb1p1Qp1/1p1qp2p/5pN1/3P4/2R1P3/P4PPP/6K1 b - - 1 24,g8h8 c3c8 b7c8 f7e8 d6f8 e8f8,1560,endgame fork long mate mateIn3,21
XdnW9,3r2k1/pp2qp2/1bn4p/3Bp1pn/2Q1P3/1NP2PBP/P4PK1/3R4 b - - 2 25,d8d6 d5f7 e7f7 c4f7 g8f7 d1d6,1561,crushing fork long middlegame,24
rHwPp,8/8/3p1k2/2pP2p1/1pP1P1Kp/8/2P3P1/8 b - - 0 37,f6g6 e4e5 b4b3 c2b3 d6e5 d5d6 g6f6 d6d7,1561,advancedPawn crushing endgame pawnEndgame veryLong,12
2xu3K,5rk1/5ppp/p1N1p2n/1p1p2q1/1P1P4/P3P1P1/5QKP/4R3 b - - 2 26,f8c8 h2h4 g5h5 c6e7 g8f8 e7c8,1562,advantage endgame fork long,21
6QukJ,r4rk1/pp3pbn/1n1p4/2pPp1qb/2P1P3/2NB1PB1/PP2QKP1/R6R b - - 1 19,h5g6 g3h4 g5h6 h4e7,1562,advantage middlegame short,28
N5y24,4rrk1/4p1bp/p2pp1p1/1p4B1/1Q2P3/P5NP/1nq2PP1/1RR3K1 b - - 1 22,c2a4 b1b2 g7b2 b4b2,1562,advantage middlegame short,24
dMyKF,8/8/6p1/1pkr1p1p/5P1P/4K1P1/1R6/8 b - - 0 40,d5d4 b2b5 c5c4 b5b4 c4b4 e3d4,1562,crushing deflection endgame long rookEndgame,11
mgJ2k,r2q1k1r/ppp1n1bp/3p2p1/5p2/4PP2/1Q3N1P/P3B1P1/5R1K b - - 3 19,b7b6 f3g5 d6d5 g5e6 f8f7 e6d8,1562,advantage exposedKing fork long middlegame pin,23
B2g28,2rr2k1/pp3pp1/2bBp2p/8/1P2q2P/P5Q1/3R1PP1/3R2K1 b - - 1 25,e4f5 d6e5 f7f6 d2d8 c8d8 d1d8,1563,crushing discoveredAttack kingsideAttack long master middlegame,21
E3ObF,4r1kb/p1r5/1p1Rnqp1/5p2/1B2p3/P3P1QP/5PP1/3R2K1 b - - 2 39,f6g5 d6e6 g5g3 e6e8,1563,advantage kingsideAttack middlegame short,21
fLSUy,2rr2k1/1q3ppp/p4b2/1p1P4/5Q2/8/PP2BPPP/3R1RK1 b - - 2 20,d8d5 e2f3 d5d1 f3b7,1563,crushing middlegame short,21
tQxQa,2q1r1k1/p4p2/5bp1/2R2p1p/1P5P/P4QP1/5PB1/6K1 b - - 0 32,c8a6 c5c6 a6b5 c6f6 e8e1 g1h2,1564,advantage endgame interference long master,18
B3rCc,rn3rk1/2q1ppbp/b1p3p1/p3N3/Pp1P1Q2/1B6/1PP1NPPP/R3R1K1 b - - 0 15,a6e2 b3f7 g8h8 e5g6,1565,crushing kingsideAttack middlegame short,28
agGph,4r3/1P4k1/6Pn/5PKp/7P/3p1N2/8/8 b - - 5 51,e8b8 f5f6 g7f8 g5h6,1565,crushing deflection endgame short,11
uCvoB,8/2r1k3/1p2p2p/1B1p2b1/P2qP1P1/5Q2/6P1/5R1K b - - 2 45,d4e4 f3f8,1565,endgame master mate mateIn1 oneMove,16
iIq5W,8/6pk/2R5/5KPp/7P/2P5/7r/8 b - - 4 44,h2h4 g5g6 h7h6 c6c8 h4f4 f5f4,1566,crushing endgame long quietMove rookEndgame,9
m7ACs,r4rk1/2pb1ppp/p3p3/1P6/3B1P2/1Q3Rbq/P2KB3/R7 b - - 3 25,d7b5 f3g3 h3g3 b3g3,1566,crushing middlegame short,21
EqpHQ,3r1rk1/ppq1b1pp/2n2p2/2pbp3/8/P1BP2P1/1PQNPPBP/R4RK1 b - - 1 14,h7h5 g2d5 d8d5 c2b3 f8d8 e2e4,1567,crushing long middlegame pin,28
H89Oq,8/8/5pp1/1r2p1k1/1PR2PP1/8/5K2/8 b - - 0 41,e5f4 c4c5 b5c5 b4c5 f6f5 c5c6,1567,crushing endgame long rookEndgame,10
puzg5,2kr3r/1p3pp1/p1nb2p1/3Np3/2BpP1Q1/1R6/qPP2PPP/2K4R b - - 1 19,c8b8 b3b7 b8b7 c4a2,1567,advantage discoveredAttack middlegame short,25
9kjrL,2r2kR1/8/4p3/b2pB3/p2P1P2/2PQ3P/P2K4/q7 b - - 4 42,f8g8 d3g6 g8f8 e5d6,1568,balestraMate endgame master mate mateIn2 short,16
MZk7p,8/pp2kp1p/6p1/8/1P4P1/P2R3P/1r1r1PK1/4R3 b - - 4 31,e7f6 d3f3 f6g7 e1e7,1568,advantage endgame rookEndgame short,16
hB2nb,r1r3k1/1p3pb1/1q1p2p1/4p1P1/1pbpP2Q/P7/1PP2PPR/2K4R b - - 1 24,b4a3 h4h8 g7h8 h2h8 g8g7 h1h7,1568,blindSwineMate kingsideAttack long mate mateIn3 middlegame sacrifice,24
9CQUy,r1b4r/2q3Qp/p2kP3/2p5/2n5/8/1R5P/3R2K1 b - - 2 30,d6c6 g7g2,1569,mate mateIn1 middlegame oneMove,15
G5UHW,r1b5/ppk1p2Q/3p4/2p1n3/8/q1P5/2PK3P/3R1R2 b - - 3 29,e5c6 d1a1 a3b2 f1b1 b2a1 b1a1,1569,advantage clearance long middlegame trappedPiece,17
q5hK4,r1bq1rk1/2p2pbp/p1np1np1/1p2p1B1/4P3/1BNP1Q1P/PPP1NPP1/R3K2R b KQ - 1 10,b5b4 c3d5 f6d5 g5d8,1569,crushing middlegame short,32
WOlnf,8/8/4R3/1p4r1/3P1k2/2K5/8/8 b - - 0 56,f4f5 e6e5 f5g6 e5g5 g6g5 c3b4,1570,crushing endgame long rookEndgame,6
2i7wy,8/6pk/3q2p1/2p5/Q7/6PP/5P1K/8 b - - 0 36,d6d4 a4d4 c5d4 h2g2 h7h6 g2f3 d4d3 f3e3,1571,crushing endgame queenEndgame veryLong,10
Ag5Ho,3r2k1/3q3p/4N1p1/1p1Pbp2/2p5/P3PQP1/6KP/1R6 b - - 3 30,d7d5 e6d8 d5f3 g2f3,1571,crushing endgame short,18
HlT3e,8/8/8/8/4pPkP/8/4K3/8 b - - 0 83,g4h4 e2e3 h4h5 e3e4 h5g6 e4e5 g6f7 e5f5,1571,crushing defensiveMove endgame pawnEndgame veryLong zugzwang,5
4bQJu,4r2k/1p3Qpp/pq2r3/4p3/1P1p1P2/P5P1/7P/4RRK1 b - - 0 28,e5f4 f7e8 e6e8 e1e8,1572,backRankMate endgame mate mateIn2 short xRayAttack,19
dmqsh,r5k1/B4ppp/3R1n2/4N3/1p2b3/5P2/Pr4PP/R5K1 b - - 0 22,e4b1 a7d4 b2a2 a1b1,1572,crushing middlegame short,18
XMvZZ,r1bq1rk1/pp1n2p1/2n1p1PR/2ppP3/5P1b/2NP4/PPP3B1/R1BQ1KN1 b - - 2 15,d7e5 h6h8 g8h8 d1h5 h8g8 h5h7,1573,attraction kingsideAttack long mate mateIn3 middlegame sacrifice,29
pM7H8,8/p6r/1p3kp1/2p1p3/2P1P2P/4K3/P6R/8 b - - 3 43,g6g5 h4g5 f6g7 h2h7 g7h7 e3f3 h7g6 f3g4,1573,crushing defensiveMove discoveredAttack endgame rookEndgame veryLong,13
kBoMU,r7/6R1/p1p5/3p1p1k/3P1B2/P5P1/2r5/6K1 b - - 2 36,a8e8 g7g5 h5h6 g5g8 h6h7 g8e8,1574,advantage discoveredAttack discoveredCheck endgame long,13
RVg9W,r1bb1rk1/2R3pp/1P1N1p2/p2qnP2/Bp1B1R2/8/6PP/3Q2K1 b - - 0 26,d8c7 a4b3 e5c4 b3c4 d5c4 d6c4,1575,advantage long middlegame pin,23
eGoX6,rq2k2r/1b2n1pp/p3Nn2/1ppp4/8/3PR1b1/PPP3P1/RNBQ1B1K b kq - 3 16,e7f5 e6g7 e8d7 g7f5,1575,middlegame,27
2SpbR,8/3kN2p/p1pP1pr1/1pP1p3/1Pr4P/P5P1/5P2/3R1K2 b - - 2 39,g6g4 e7c6 d7c6 d6d7,1576,advancedPawn advantage endgame sacrifice short,19
7k9dB,2k1r1r1/ppp2pbp/2n1b3/5qB1/2pp4/5NN1/PPPQ1PPP/R2R2K1 b - - 15 15,f5g6 f3h4 h7h6 h4g6,1576,advantage middlegame short trappedPiece,27
AhErs,2r3nk/5R2/p2q3p/1P2p1pP/3nP1b1/P1N3P1/BPpN1Q2/2K5 b - - 0 29,c8c3 f7h7 h8h7 f2f7 h7h8 f7g8,1576,attraction exposedKing kingsideAttack long mate mateIn3 middlegame sacrifice,23
JEJox,r4r1k/pp1q1p2/2pp3p/4p2N/2B1P3/3P1P1P/PPP3RK/6R1 b - - 2 21,f8g8 g2g8 a8g8 g1g8 h8g8 h5f6 g8f8 f6d7,1576,attraction crushing exposedKing fork middlegame veryLong,23
S29Yg,r3r1k1/1b3pb1/pq4pp/B3p3/2Pp1P2/3P3P/1P4P1/RB1QR1K1 b - - 0 27,b6b2 a1a2 b2a2 b1a2,1576,crushing middlegame short trappedPiece,24
rPRc1,8/6k1/1N3PP1/1p5K/7P/1P2r1r1/8/8 b - - 0 57,g7f8 b6d7 f8e8 f6f7 e8d7 f7f8q e3e5 h5h6,1576,advancedPawn crushing deflection endgame exposedKing master promotion veryLong,10
Nd738,5r1k/6p1/p3pP1p/1pq3b1/2p1QPN1/7R/6PK/8 b - - 0 35,g5f4 e4f4 f8f6 g4f6,1577,crushing endgame hangingPiece short,17
c2jXN,4rrqk/1pp3p1/p2p3p/8/PPP1n2N/2PQ2PP/5P2/3R2K1 b - - 0 30,e4f2 h4g6 h8h7 g6f8 h7h8 f8g6,1577,advantage discoveredCheck doubleCheck fork long middlegame,22
EWPCe,8/R3k3/2p1p2p/2Nr2p1/8/2P2P2/b5P1/6K1 b - - 0 32,e7d6 c5e4 d6e5 a7a2,1578,advantage endgame short,13
lxPgz,2r2rn1/pp1k1p2/2b1p1p1/2BpP2p/q4P1Q/2RB4/4K1PP/2R5 b - - 5 29,f8e8 c3a3 a4a3 c5a3,1578,crushing middlegame short trappedPiece,23
qlRni,4r1k1/1b3q1p/p3rBpQ/1p1pPpR1/5P2/2P3R1/Pn4PP/6K1 b - - 1 27,e6f6 e5f6 e8e1 g1f2 b2d3 g3d3,1578,advantage long middlegame,23
e4Lw8,rnb1k2r/ppp1bppp/5n2/3p4/P2P1p1q/2NQ2P1/1PP1PN1P/R1B1KB1R b KQkq - 0 8,f4g3 h2g3 h4h1 f2h1,1579,advantage opening short trappedPiece,31
Mwi9z,5r2/5p1k/1P4p1/p2pPnP1/4pR1p/4P2P/p1r3P1/B2R2K1 b - - 1 31,f5e3 f4h4 h7g8 e5e6,1580,crushing endgame short,21
9pDll,6R1/8/5p2/6k1/3r3p/1P3P1K/8/8 b - - 3 53,g5f4 g8g4 f4e5 g4d4 e5d4 h3h4,1581,crushing endgame long master masterVsMaster rookEndgame,8
HyC1h,4r1k1/1pp3pp/p3p3/2q5/3PQ3/P5P1/1P4PP/5RK1 b - - 0 22,c5b6 e4f4 h7h6 f4f7 g8h7 f7e8,1581,crushing endgame fork long,18
JMZDa,r3r3/1pp2qpk/5p1p/2p2N2/PnP1RP2/1P3Q1P/6P1/4R1K1 b - - 4 31,g7g6 e4e7 e8e7 e1e7,1581,crushing middlegame pin short,22
VWhg3,8/4kp2/3p4/5p1P/p3bP2/8/5B2/6K1 b - - 0 45,e7f6 f2d4 f6e6 h5h6,1581,bishopEndgame crushing endgame short,10
inwDE,1rb2rk1/4bpp1/pqp2n1p/2p1N3/N7/1P1PQ3/P1P2PPP/2KR3R b - - 0 16,b6a7 e5c6 a7a8 c6e7,1581,advantage fork middlegame short,26
nfqWj,3Q1r2/1N4bk/5N1p/p3p3/2Q2r2/8/PPB4q/1KR3q1 b - - 3 39,h7h8 c4g8 f8g8 d8g8,1581,mate mateIn2 middlegame sacrifice short xRayAttack,18
7VN5n,2Q4k/5Kb1/1r6/7p/8/6P1/8/1r6 b - - 2 51,h8h7 c8g8 h7h6 g8g7,1582,endgame mate mateIn2 short,8
vB0On,8/1p6/p1pk1K2/7p/4P1pP/6P1/5P2/8 b - - 2 55,a6a5 e4e5 d6d7 f6f7 d7c7 e5e6 a5a4 e6e7,1582,advancedPawn crushing endgame pawnEndgame veryLong,11
w1vha,2r1k2r/pp3ppp/2n1b3/q2P2b1/8/P3BB2/5PPP/R2Q1RK1 b k - 0 20,c8d8 e3g5 d8d5 f3d5,1582,advantage hangingPiece middlegame short,23
N8Yzf,1r3rk1/1pp2ppp/p2pq3/4RN2/5b2/P2Q3P/5PP1/1B1R2K1 b - - 0 26,f4e5 f5e7 g8h8 d3h7,1583,discoveredAttack kingsideAttack mate mateIn2 middlegame short,22
h3FXT,8/8/6k1/4p1pp/3pP2P/6K1/2P3P1/8 b - - 1 42,g5g4 g3f2 g6f6 f2e2 f6e6 e2d3,1583,crushing endgame long pawnEndgame,10
5fTa7,rr4k1/3P1p1p/2R3p1/8/2Pp3P/8/p4PP1/R5K1 b - - 1 29,b8b1 g1h2 b1a1 c6c8 a8c8 d7c8q,1584,advancedPawn advantage endgame long promotion rookEndgame sacrifice,16
9SevD,2r2r2/1p3pkp/p5p1/3P4/3pQ3/1B2b1qP/PP2R1P1/4R2K b - - 11 28,c8c1 e2e3 g3e3 e4e3 d4e3 e1c1,1584,capturingDefender crushing long middlegame,21
AYSUE,2r2r2/p4pkp/b3p1p1/3pR3/3P4/2q2N2/P4PPP/R2Q2K1 b - - 1 20,a6d3 e5e3 d3c2 e3c3 c2d1 c3c8 f8c8 a1d1,1584,advantage middlegame veryLong,21
FgRgu,8/5p2/4p1kp/N1P1P1p1/p7/b6P/3n1BP1/6K1 b - - 0 37,d2b3 c5c6 b3a5 c6c7,1585,advancedPawn crushing endgame sacrifice short,15
X0M2F,r4rk1/1p3ppp/2npb3/qP1Np3/3nP3/P2Q4/3B1PPP/R3KB1R b KQ - 2 17,a5b5 d3b5 d4b5 f1b5,1585,advantage master middlegame short,26
SMmYo,2kr1b1r/ppp1pppp/8/8/3Nq3/8/PPP1RPPP/R1BQ2K1 b - - 0 11,e4d4 e2d2 d4d2 c1d2,1586,crushing middlegame short,24
lOp23,3r3b/p2PK3/7k/8/5p2/1P6/P7/4R3 b - - 2 53,d8g8 e1h1 h6g6 h1g1 g6f5 g1g8,1588,crushing endgame exposedKing long skewer,10
VGskP,8/pr4k1/6R1/4PP2/7p/1p1K4/7P/8 b - - 1 52,g7f7 e5e6 f7f8 f5f6 b3b2 e6e7 b7e7 f6e7,1589,advancedPawn crushing endgame exposedKing rookEndgame veryLong,10
oCGwY,1r3k1r/pp1q2p1/2pp4/3b4/5Q1p/4R3/P4PPP/4R1K1 b - - 1 27,d7f7 f4d6 f8g8 d6b8,1589,advantage fork middlegame short,19
trof4,6k1/5pp1/p6p/Qp6/2bq4/P2p1BPP/5PK1/8 b - - 3 35,c4d5 a5d8 g8h7 d8d5 d4d5 f3d5,1589,advantage endgame long,16
7BLU1,2r3r1/pp1nkpR1/2p1p2p/3p1b2/2PP4/4PB2/PP1N1P1P/K5R1 b - - 4 19,f5g6 g1g6 g8g7 g6g7,1591,advantage middlegame pin short,24
bFevp,r4r2/ppp3p1/b2q1n1k/4N1p1/P2P4/8/2Q2PPP/1R4K1 b - - 3 25,f6d5 e5g4 h6h5 c2h7 d6h6 g4h6,1592,advantage long middlegame,20
mrFki,3r2k1/p5pp/1p3p2/3q4/8/P5Q1/1PP3PP/4R2K b - - 0 30,d8d7 g3b8 d7d8 e1e8,1593,advantage endgame master short,16
DVXi1,rk5r/1q5p/p2Q3p/8/3p4/8/PP3PPP/3R2K1 b - - 2 29,b8a7 d6d4 b7b6 d4g7,1594,advantage endgame master short,16
2Yk66,r4rk1/pp3ppb/4p3/q1p1N1Q1/2BP4/2P2P2/P1P4P/3R2K1 b - - 0 21,f7f6 c4e6 g8h8 e5g6 h7g6 g5g6,1595,advantage fork long middlegame,22
LoO8b,8/2kP4/2P2p2/p3p1pp/n1K1P3/P6P/6P1/8 b - - 3 44,a4b6 c4b5 b6d7 c6d7,1595,advancedPawn crushing defensiveMove endgame knightEndgame short,14
0MPdL,r1b1nrk1/p1p2ppp/2p5/8/2Bq4/5Q2/PP1N1PPP/R3R1K1 b - - 1 14,d4d2 f3f7 f8f7 e1e8,1596,deflection kingsideAttack mate mateIn2 middlegame pin sacrifice short,23
FlaRl,1r4k1/4Rqpp/3p4/8/5P1B/1p1Q4/6PP/7K b - - 0 35,f7e7 h4e7 b3b2 d3b1,1596,crushing endgame hangingPiece short,14
aKtuu,4r3/3R4/6p1/1p1kNp2/1b3PbB/3K4/P3p3/8 b - - 5 37,d5c5 h4f2,1596,endgame master mate mateIn1 oneMove,14
zYu4w,r6r/2q1k3/2p1pnp1/pp1pP1N1/6R1/2P2Q2/PP3P1P/6RK b - - 3 26,f6g4 f3f7 e7d8 g5e6 d8c8 f7c7,1596,deflection fork long mate mateIn3 middlegame,22
59z2P,1r1q1rk1/p5pp/1pbNp3/2p1PpPQ/3p1P2/3P1RbP/PPPB4/R5K1 b - - 3 19,c6f3 h5f3 g3h4 f3h5,1597,advantage middlegame short,28
6qVxi,1r3rk1/3Rbpp1/b1p1p2p/p3P3/4N3/P3qN2/1PQ3PP/R6K b - - 1 19,a6d3 c2d3 e3d3 d7d3,1597,advantage middlegame short,23
MLBum,r2q1rk1/pbp2pbp/1p1p1np1/6B1/4B3/2P1PQ1P/PP1N1PP1/R4RK1 b - - 0 12,b7e4 d2e4 f6e4 g5d8,1597,advantage master middlegame short,28
Qoo2c,8/8/4p3/1p3p1p/1k3P2/1P4PP/2K5/8 b - - 4 37,b4a3 c2c3 a3a2 c3b4,1597,crushing endgame pawnEndgame short,10
j2KQa,r4rk1/5ppn/1Q1Np2p/p3P3/P1R2P1q/1P3N2/6PP/5K2 b - - 2 28,h4g4 f4f5 e6f5 c4g4,1597,crushing discoveredAttack middlegame short,21
tBFOY,r4rk1/2p2p2/pbn5/1p3qN1/2p2P1Q/P7/1P4PP/3R1R1K b - - 4 22,c6e7 g2g4 f5g6 f4f5,1597,advantage middlegame short,21
g3u7h,r4rk1/1b3p1p/pp2p1p1/3p4/P6Q/2qBR3/2P2PPP/5RK1 b - - 3 19,b7c6 d3g6 f7g6 e3c3,1598,crushing discoveredAttack middlegame short,22
oKx4b,3r2r1/pk1n1p2/3b2p1/QppPpp2/4P3/1q1N2PP/5PB1/R5K1 b - - 3 30,d8a8 a5a6 b7c7 a6c6 c7d8 c6a8 d8e7 a8g8,1598,crushing fork interference middlegame skewer veryLong,23
q3SJB,4r1r1/p4pk1/1p1b1pp1/1PpPp2p/P3P1qP/1P1B2P1/4RPQK/4R3 b - - 10 34,f6f5 f2f3 f5e4 f3g4,1598,crushing middlegame short trappedPiece,26
Zgu7c,8/8/kp3p2/8/8/P1PQ1KP1/4r2r/8 b - - 9 67,b6b5 d3e2 h2e2 f3e2,1599,crushing endgame queenRookEndgame short,10
a1lAk,r2q1rk1/pbp2pbp/1pn2np1/8/3PN3/2NBBQ2/PP3PPP/R4RK1 b - - 5 12,c6d4 e4f6 d8f6 f3b7,1599,advantage discoveredAttack middlegame short,28
Qi5nM,r2qk2r/ppp2Bp1/5b1p/4p3/3nP1b1/2NP1N2/PPP3PP/R2Q1RK1 b kq - 0 11,e8f7 f3e5 f7g8 e5g4,1600,advantage middlegame pin short,27
TDreB,r5k1/2p2pP1/1p1p4/2nPp3/2P1P3/pPN2Pqb/P2Q3R/2K2B2 b - - 8 30,h3f1 h2h8 g8g7 d2h6,1600,kingsideAttack mate mateIn2 middlegame short triangleMate,23
ZDwa9,3k3r/5ppp/p1R1p3/8/2N5/P5KP/1nr5/1R6 b - - 1 28,d8d7 c4e5 d7e7 c6c2,1600,crushing discoveredAttack endgame short,15
1EI44,3nr1k1/1pp3p1/p2qprb1/3p2P1/3P4/2P1RN2/PP2QPP1/4R1K1 b - - 0 21,f6f8 f3e5 f8f5 e5g6,1601,advantage middlegame short,24
aXj7k,8/1b3p2/3kp3/p1p3pP/P1P1P3/3BK3/8/8 b - - 0 37,d6e5 h5h6 e5f6 e4e5 f6e7 h6h7,1602,advancedPawn bishopEndgame crushing endgame long,13
dT1zM,3r1rk1/1pp2p2/p3b2p/4R1p1/1P2Q3/P1P3P1/7q/2K4R b - - 3 26,h2f2 e5g5 h6g5 e4h7,1602,mate mateIn2 middlegame sacrifice short,19
2dXSH,3r3k/ppp2pPb/4q3/4p3/4p2P/2P1Q3/PPP2P2/1K5R b - - 0 26,h8g7 e3g5 e6g6 g5d8,1603,advantage endgame fork short,20
XVuO9,8/p6p/1p2PQpk/2p5/8/1P1q3P/P6K/8 b - - 0 46,d3d4 f6d4 c5d4 e6e7,1603,advancedPawn crushing endgame master queenEndgame short,13
kAAvf,3r1k2/3rbppp/p1p2N2/1p1qp3/1P4b1/P1BP1QN1/1P1R1PPP/3R3K b - - 0 21,d5f3 f6d7 d8d7 g2f3 g4f3 h1g1 f3d1 d2d1,1603,advantage intermezzo middlegame veryLong,27
FBQ5J,4r2r/pp1k1ppp/2pb4/3p3n/8/3B1PBb/PPPNRP1P/4R1K1 b - - 11 18,f7f5 e2e8 h8e8 e1e8,1604,advantage middlegame short,25
39ApT,r2qk2r/p4pbp/bp1pnnp1/2p5/2P1P3/P1N1BN2/1PQ1BPPP/R3R1K1 b kq - 1 13,f6g4 c2a4 d8d7 a4a6 g4e3 f2e3 g7c3 b2c3,1605,advantage fork middlegame veryLong,30
9uGvx,6k1/ppR4p/2n2Bp1/6N1/8/2P5/1r2rPP1/6K1 b - - 2 33,e2f2 c7c8 c6d8 c8d8,1605,endgame mate mateIn2 pillsburysMate short,15
Evpbm,2kr4/1b4Q1/p7/1p6/3q4/5P2/P5PP/4R2K b - - 2 40,d4f2 e1c1 c8b8 g7c7 b8a7 c7d8,1605,advantage endgame exposedKing fork long,13
JHAXW,r1q1r1k1/ppp2N1p/2pb1Qp1/8/4R1P1/2P5/PP3P1P/3R2K1 b - - 4 21,e8e4 f7h6,1605,mate mateIn1 middlegame oneMove,22
Rvpju,2r1r1kR/8/1n1p2p1/p7/q1bNP1P1/1pQ1BP2/1P6/1K1R4 b - - 0 34,g8h8 d4e6 h8g8 c3g7,1605,discoveredAttack mate mateIn2 middlegame short,20
a38wc,6k1/8/1pb2r2/p1p1N3/P2pP2q/5Q1p/1P3P2/6RK b - - 2 47,g8f8 e5g6 f8e8 g6h4 f6f3 h4f3,1605,advantage endgame fork long,17
n1UYt,3Q1rk1/4Rrp1/1p6/p1p4R/2Qp1q2/P6P/1P4P1/7K b - - 2 29,f8d8 e7f7 f4f7 h5h8 g8h8 c4f7,1605,crushing deflection endgame long,18
tWbVo,r2q1r2/pb4p1/1pn1pPk1/2pn2N1/4Q3/8/PPP2PPP/R1B2RK1 b - - 0 16,g6f6 e4e6,1605,mate mateIn1 middlegame oneMove,25
CQ1UF,r1b2rk1/pp3p2/1q1p2pp/3Nb2n/2B1P3/7P/PP4P1/R1B1QR1K b - - 1 16,h5g3 e1g3 e5g3 d5b6,1606,advantage middlegame short,25
j0j7E,2kr3r/pppq1pb1/2np1n1p/1B1Np2b/4P3/3PQ1B1/PPP2PKN/R4R2 b - - 0 15,h8g8 b5c6 d7c6 d5e7 c8d7 e7c6,1606,attraction crushing fork long middlegame,29
w9VaZ,8/8/2p5/1P3k2/2P3p1/3K4/8/8 b - - 0 59,f5e6 b5b6 e6d7 c4c5,1606,crushing defensiveMove endgame pawnEndgame short,6
mgKhJ,2kr3r/pp2R1pp/1qp5/6Q1/8/3Pp3/PP4PP/R5K1 b - - 0 21,h8e8 g5f5 c8b8 f5e5 b8a8 e7e8,1607,advantage endgame long pin,19
pi9WY,8/5rpp/2Q1ppk1/pR6/7K/P5P1/1P5P/5q2 b - - 3 39,g6h6 b5h5 h6g6 c6e4 f6f5 e4e6,1607,crushing endgame exposedKing long master,15
qmrxx,r1b2r1k/ppp1Nppp/3p4/1q2P1nQ/8/3B4/PPP3PP/5R1K b - - 9 20,b5e5 e7g6 h8g8 g6e5,1608,advantage kingsideAttack middlegame pin short,24
iEuPM,r2n2k1/pp4p1/4p1rp/1Q1p1p2/3P4/2P2Pq1/PP2R1P1/R4NK1 b - - 5 22,g3f3 b5e8 g8h7 e8g6 h7g6 g2f3,1609,advantage fork long middlegame,23
xFPr3,5rk1/2q2p2/2r4p/2pp1NpP/Q5P1/3bP3/PP3R2/K1R5 b - - 2 35,c5c4 a4c6 c7c6 f5e7 g8g7 e7c6,1609,attraction crushing fork long middlegame sacrifice,20
Gre1a,5r1k/2q1r1b1/p2N2Rp/1Pp1p2Q/2B5/4P3/1PP2P2/2K5 b - - 0 26,a6b5 g6h6 g7h6 h5h6 e7h7 h6f8,1613,exposedKing fork long mate mateIn3 middlegame,19
rc8OQ,r1b2rk1/ppp2pp1/5q1p/3p3Q/8/3B1R2/P1P2PPP/4R1K1 b - - 3 22,f6g5 h5f7 f8f7 e1e8 f7f8 f3f8,1613,kingsideAttack long mate mateIn3 middlegame pillsburysMate sacrifice,22
Iv5Ni,r1k3qr/ppp5/4p1Qp/4Nn2/1n3PP1/3P3P/1PP5/3KR2R b - - 0 22,g8g6 e5g6 h8d8 g4f5,1614,advantage middlegame short,22
KKJLo,2r2k2/1b2r3/5QR1/8/3pP2P/3P4/7K/q4B2 b - - 7 47,f8e8 g6g8 e8d7 f1h3,1614,crushing middlegame short,13
qW75w,3b2k1/5ppp/pqp1p3/8/P1Q5/1P5P/1BPr1PP1/5RK1 b - - 1 23,d8e7 c4c3 e7f6 c3d2,1614,crushing endgame short,20
Hmugq,5k2/2P3pb/5P2/4KP1p/p3P2P/r7/5r2/1R6 b - - 0 47,g7f6 e5f6 h7f5 e4f5 f2f5 f6f5,1615,crushing endgame long,14
ZcpkE,1r2k3/2p3R1/3p4/1pr3p1/1RP2p2/5P2/7P/6K1 b - - 6 35,c5c4 b4c4 b5c4 g7g8 e8e7 g8b8,1615,crushing endgame exposedKing long rookEndgame skewer,14
bGvca,1k5r/1pp5/p3Qp2/7P/2P5/1PKR3P/5q2/8 b - - 0 32,h8h5 e6e8 b8a7 e8h5,1615,crushing endgame fork short,14
Id7UU,r1b2b1r/p1qk2p1/2pN3p/n3Q3/5n1P/3B4/PPPP1PP1/RNB1K2R b KQ - 0 13,f8d6 e5g7 d7e6 g7h8,1616,crushing fork middlegame short,27
xfrtx,r3r1k1/pQ3p1p/3P2p1/1pp2q1P/8/1BP2PK1/P7/8 b - - 0 27,f5h5 b7f7 g8h8 f7f6,1616,endgame mate mateIn2 short,18
euL5t,rn2r1k1/ppp2p1p/4q1p1/4P3/3PQ1bP/2PB4/PP6/R1B1K1R1 b Q - 2 15,g4f5 e4f5 e6f5 d3f5,1617,crushing middlegame pin short,24
pRFCb,2r3rk/3n1ppp/p3pb2/q2p3N/3P2Q1/2P1B3/P1R2PPP/4R1K1 b - - 2 21,c8c3 e3d2 c3c2 d2a5,1617,advantage middlegame short,24
zQFsz,2k4r/B1p1nppp/1p2p3/1Nb1r3/PP6/5P2/6KP/2R4R b - - 0 21,c7c6 b4c5 c6b5 c5b6,1617,advantage discoveredAttack discoveredCheck middlegame queensideAttack short,20
0cnrH,2kr3r/pp1nBpbp/2b3pq/8/4PPP1/2N5/PPP1Q2P/1K1R3R b - - 4 18,d8e8 e7g5 g7c3 g5h6,1618,advantage middlegame short,25
6vWGq,r3k2r/p2n1pp1/1ppqp1p1/3p1nP1/3P1P1P/1QPBP2R/PP1N4/2KR4 b kq - 4 18,h8h4 d3f5 h4h3 f5h3,1618,crushing middlegame short,28
Rmtdj,r4rk1/ppb2pp1/3p4/3Np1P1/5Pb1/P1PP2P1/1P1B4/2K4R b - - 5 25,g7g6 d5f6 g8g7 h1h7,1618,fork hookMate mate mateIn2 middlegame short,22
fCYHX,2k1r2r/pppqn3/2n2pp1/3p3p/3P3P/1NPQ1PP1/PP3PK1/4R2R b - - 2 19,f6f5 b3c5 d7d6 e1e6,1618,advantage middlegame short,26
kbWUh,2Q3r1/pp2qk1p/2b1pp2/3p4/7N/6P1/PP4P1/4R2K b - - 0 32,g8g3 h4f5 e7d7 c8d7 c6d7 f5g3,1618,advantage endgame long,18
mJ8QX,2kr3r/pppn1pb1/2b1p2p/4P1p1/P7/1BN3B1/1PP2PPP/R2R2K1 b - - 0 16,g7e5 d1d7 d8d7 g3e5,1618,advantage capturingDefender intermezzo middlegame short,26
3WuzV,r1bq1rk1/pp2ppb1/2n3np/6p1/2BP4/2NQ1NB1/PP3PPP/R4RK1 b - - 3 14,c8g4 d3g6 g4f3 g2f3,1619,advantage master middlegame pin short,28
w8wHW,8/3p4/2pkp1R1/5p1P/2P2P2/3PKPr1/8/8 b - - 2 55,g3g6 h5g6 d6e7 e3d4 e7f6 d4c5 f6g6 c5d6 g6f7 d6d7,1619,crushing endgame veryLong,13
5JDK8,rn3rk1/pb1p1ppp/8/2p5/8/2RQ1NP1/q3PPBP/5RK1 b - - 1 16,a2a5 f3g5 g7g6 g2b7,1620,crushing discoveredAttack middlegame short,22
90GG5,4r1k1/Q5bp/6p1/2p5/5R2/7P/PP4PK/4q3 b - - 4 29,g7e5 a7f7 g8h8 f7e8 h8g7 e8f8,1620,endgame fork long mate mateIn3,14
VEazq,7k/ppp1qp2/3n2p1/3QN3/3P2P1/8/PP3PK1/8 b - - 0 28,c7c6 d5d6 e7d6 e5f7 h8g7 f7d6,1620,attraction capturingDefender crushing deflection endgame exposedKing fork long sacrifice,16
txkDo,4k3/5n2/5K2/6N1/8/5P2/8/8 b - - 0 64,f7g5 f6g5 e8f7 g5f5,1620,crushing defensiveMove endgame short,5
DLmcn,r4rk1/1pp2ppp/5qb1/p2N4/2PP4/7R/PPn2PP1/R1BQ2K1 b - - 7 18,f6d4 d5e7 g8h8 e7g6 f7g6 d1c2,1621,advantage kingsideAttack long middlegame pin,24
jYvt8,r3rBk1/q6p/3pNQp1/2pPn3/pp2P3/8/P5PP/5R1K b - - 4 29,e8f8 f6f8 a8f8 f1f8,1621,kingsideAttack mate mateIn2 middlegame short,21
kjOuv,2r4k/3r1p2/p5p1/1p1p2Pp/1P3N2/PKP1n3/3R3P/4R3 b - - 12 39,d5d4 e1e3 d4e3 d2d7,1621,crushing endgame short,19
4fiKU,r5k1/p1R2rp1/4p2p/4Bp1P/8/1q1pP1Q1/5PP1/6K1 b - - 1 27,a8f8 g3g7 f7g7 c7g7,1622,advantage endgame sacrifice short xRayAttack,18
8g7az,1Bbk1b1r/rp1npppp/pN3n2/8/3N4/8/PP2PPPP/2KR1B1R b - - 9 13,d7b8 d4e6 d8e8 e6c7,1623,cornerMate discoveredCheck doubleCheck mate mateIn2 opening short,26
K3DLw,q7/3R1p2/p3p1k1/1p3rpp/2pQ3P/2P3P1/PP4P1/6K1 b - - 2 32,g5g4 d7d8 a8d8 d4d8,1623,advantage endgame short,19
dNbXj,b2r4/R5pk/p3B2p/Np1n4/8/P4r2/1P5K/6R1 b - - 4 35,d5f4 g1g7 h7h8 g7h7,1623,mate mateIn2 middlegame pillsburysMate short,16
N6iDE,r1b1r1k1/pppnq1pp/2n5/4P2Q/8/2P2NB1/PP3PPP/R3R1K1 b - - 4 18,e7f7 h5f7 g8f7 e5e6 f7g8 e6d7,1624,advancedPawn advantage attraction fork long middlegame,25
VfTb6,4r1k1/p3rp1p/1pQ3pb/8/2R3P1/4BR1q/P4P2/6K1 b - - 5 32,h3h4 g4g5 h4h5 g5h6,1624,advantage middlegame short,18
glNec,r2q1rk1/1ppb1p2/pbnp3p/3N2p1/B2P4/5NP1/PP3PP1/R2QR1K1 b - - 0 15,d7e6 d5b6 c7b6 d4d5 e6d5 d1d5,1624,crushing fork long middlegame,27
uIzmF,4N3/8/2k2p2/5p1p/1K2bP1P/6P1/8/8 b - - 4 84,c6d5 e8f6 d5d4 f6h5,1624,crushing endgame short,10
EhELV,1r1k4/8/p2p4/Pr1n2p1/1PRP4/3N4/4K3/7R b - - 1 45,d5b4 h1h8 d8d7 h8b8,1625,advantage endgame master short,14
z1mRM,5r1r/p1q2pk1/5Qp1/2p1p1N1/2Pp4/1P5P/P6P/5RK1 b - - 1 28,g7g8 g5e6 f7e6 f6f8 g8h7 f1f7 c7f7 f8f7,1625,crushing endgame fork veryLong,19
0wwBT,2r1k2r/pp2nppp/4p3/1BbpP3/3q4/8/PP2QPPP/R1B1R1K1 b k - 0 14,e7c6 c1e3 d4e5 e3c5,1626,advantage middlegame pin short skewer,25
7eZGH,8/7p/3ppk2/1p1P2p1/pP1KP1P1/P7/7P/8 b - - 4 34,f6e7 e4e5 d6e5 d4e5 e6d5 e5d5,1626,crushing endgame long pawnEndgame,14
k5VYE,rnbqk2r/pp3ppp/5n2/2bp4/8/3BBN2/PPP2PPP/RN1QK2R b KQkq - 1 7,e8g8 e3c5 d8a5 b2b4,1626,advantage hangingPiece opening short,28
ky7r9,4r3/Q1R3bk/1p1Pb1pp/2p1q3/4N3/6N1/PP4PP/7K b - - 0 30,e5b2 c7g7 b2g7 e4f6 h7h8 a7g7 h8g7 f6e8,1626,attraction crushing middlegame pin sacrifice veryLong,19
oSqmE,2r1r2k/pp3p1P/6p1/4P1P1/2p2Q1R/8/PP1R1K2/2q5 b - - 2 33,e8e6 d2d8 c8d8 f4c1,1626,crushing discoveredAttack endgame short,18
dw0X5,8/4R1N1/2r2p2/2ppk3/8/2n3P1/5PP1/6K1 b - - 2 40,e5d6 g7f5,1627,endgame mate mateIn1 oneMove,12
6Kh2j,r5k1/3N1r1p/p3QPp1/2p2p2/3p4/8/PqP2PPP/3R2K1 b - - 0 24,b2c2 d1e1 c2e4 e1e4,1628,crushing endgame quietMove short,20
IgMMz,8/1b1P1r1k/pp4pp/4Q3/2P4q/8/P2R2P1/6K1 b - - 0 41,h4d8 e5e8 f7f8 e8f8 d8f8 d7d8q,1628,advancedPawn crushing endgame long promotion,15
eMoUS,2b3k1/4R2p/8/8/4P1p1/1P3r2/P1KQ4/7q b - - 3 42,h1f1 d2g5 g8h8 g5g7,1628,endgame mate mateIn2 short,12
uaLbY,5rk1/2Q2ppp/p4nn1/1p6/7P/1B6/Pq3PP1/3R2K1 b - - 0 27,g6h4 c7f7 f8f7 d1d8 f6e8 d8e8,1628,long mate mateIn3 middlegame pin sacrifice,18
wsC8G,4rrk1/p5p1/1p3n1p/3bN3/2Bp1q2/8/PP2Q1PP/2R1R1K1 b - - 1 23,e8e5 e2e5 f4e5 e1e5 d5c4 c1c4,1628,advantage long middlegame,21
RHVFI,3r1rk1/p1q1bppn/2bp4/1p4PQ/2p1P3/2P1B1NP/PP1N3K/R4R2 b - - 3 20,g7g6 h5h6 e7g5 e3g5,1629,crushing middlegame short,26
TG1HI,R5k1/2bb1pp1/2pq2p1/1p1p4/3Br1PP/4PQ2/4NP2/6K1 b - - 2 31,g8h7 f3f7 d6h2 g1f1 h2h3 f1e1,1629,crushing long middlegame,20
TwXV8,r1b1kbnr/pp3ppp/2n5/1B6/Q2q4/2N5/PP3PPP/R1B1K1NR b KQkq - 1 9,c8d7 b5c6 d4a4 c6a4 d7a4 c3a4,1629,crushing long opening,26
pjBh5,3r2k1/1pp3p1/p1p5/3qR1Qp/3r4/5P1P/PP4P1/6RK b - - 3 30,d5a2 e5e7 a2f7 e7f7,1629,crushing endgame short,19
eytOO,5r2/1pp3pk/pb1p3p/3Pp3/PP2N3/2P4P/6PK/4R3 b - - 2 24,b6f2 e1f1 f8f4 e4f2,1630,advantage endgame short,19
8pxKl,8/1p1k3p/4n3/1P3p2/P2B4/4K3/7P/8 b - - 0 41,e6d4 e3d4 d7d6 a4a5,1631,crushing defensiveMove endgame short,10
MPv6l,8/5k2/4p2p/3pP2p/3P1P1P/6K1/8/8 b - - 2 41,f7g7 f4f5 e6f5 g3f4 g7g6 e5e6 g6f6 e6e7 f6e7 f4f5,1631,advancedPawn crushing deflection endgame pawnEndgame veryLong,10
FabQt,r2qk2r/1b2bppp/p4n2/1p1pN3/3n4/1BN1Q3/PP3PPP/R1B1R1K1 b kq - 5 14,d4e6 e5f7 e8f7 e3e6,1632,advantage attackingF2F7 attraction discoveredAttack middlegame short,27
hLA3N,r2q1rk1/ppb2pp1/2n1b2p/2N5/1P1P4/P4Q2/1B3PPP/R4RK1 b - - 0 20,b7b6 c5e6 f7e6 f3c6 d8d6 c6d6,1632,advantage long middlegame,24
nvmAf,8/2B4p/3Pkp2/3r2p1/p1K3P1/P6P/6P1/8 b - - 9 43,d5e5 d6d7 e5e4 c4d3 e6d7 d3e4,1632,advancedPawn crushing defensiveMove endgame long,13
JLU9k,r2qk1r1/5pBp/p2bp3/1p6/4pP2/2P3R1/PP4PP/R2Q2K1 b q - 1 20,d8b6 g7d4 g8g3 d4b6,1634,crushing defensiveMove middlegame short,22
CwHwy,1k3r1r/ppp1R1Qp/1n6/2q5/P7/6P1/6P1/4R2K b - - 0 27,b6a4 g7f8 h8f8 e7e8 f8e8 e1e8,1635,backRankMate long mate mateIn3 middlegame sacrifice,16
GYDpU,5rk1/Q4p2/2p1N1p1/p2p4/8/1P3R1P/P1Pq2P1/4rRK1 b - - 0 29,e1e6 f3f7 d2d4 a7d4,1635,crushing endgame short,19
dmR7M,3rr1k1/p4ppp/1pppq3/8/2P1P3/5R1P/P3QPP1/3R2K1 b - - 2 22,e6e4 f3e3 e4e3 f2e3,1635,advantage endgame short,21
hJwTp,5k2/p1R5/6Kp/6b1/r1B5/8/P7/8 b - - 15 43,f8e8 c4b5 e8d8 c7d7 d8c8 b5a4,1635,crushing endgame exposedKing fork long,9
jqOQi,8/6pk/p5rp/6q1/4Q3/1P2N1Pr/P4P2/5RK1 b - - 0 40,h3g3 f2g3 g5g3 e3g2,1635,advantage defensiveMove endgame master short,15
8cONp,1r1q1r1k/p4Bp1/1p1p2Pp/6b1/8/1N2n1Q1/1P6/1K4RR b - - 2 28,d8f6 g3g5 f6g5 g1g5 f8f7 g6f7,1636,advancedPawn advantage long middlegame pin,19
IjiB6,8/5p2/p3k3/1p2p3/1P2PP1p/P4K2/6P1/8 b - - 3 36,f7f5 e4f5 e6f5 f4e5 f5e5 f3g4,1636,crushing endgame long master masterVsMaster pawnEndgame,12
Pzkzz,r2r2k1/pp3ppp/4p3/q1nn2P1/8/2P2QB1/4N1PP/3RKR2 b - - 5 28,a8c8 f3f7 g8h8 g3e5,1636,advantage kingsideAttack middlegame short,22
SvVFD,r1b5/p4kpQ/2p2R2/1p1p4/1P1q2P1/4p3/P3B3/2K4R b - - 0 27,d4f6 h1f1 f6f1 e2f1,1636,advantage endgame pin short,18
H4vmY,5Q2/5p1k/5P1p/4P1p1/p2p4/1b1q3P/6PK/8 b - - 1 39,h7g6 f8g7 g6f5 g7h7 f5f4 h7d3,1637,advantage endgame long skewer,14
KbauJ,k3r3/1p4Q1/p7/2Nn4/8/P7/KP2r3/8 b - - 4 41,e8e7 g7g8 a8a7 g8d5,1637,crushing endgame fork short,11
Kz9PQ,3Q4/1p4kp/p1q1pp2/3p2b1/3P1p2/P1P5/1PKN3r/6R1 b - - 3 47,f4f3 g1g5 f6g5 d8g5 g7f8 g5f4,1637,advantage endgame long xRayAttack,19
VQFxm,r3k1nr/2p1qppp/pb1p4/8/p1QP4/2N1BP2/1P3P1P/R4RK1 b kq - 1 17,g8f6 c4c6 e7d7 c6a8,1637,advantage fork middlegame short,24
Xq3Gb,R7/6p1/4p2p/3p1k2/7P/1r3P2/4nNPK/8 b - - 8 34,e2f4 a8f8 f5e5 f2g4,1637,advantage endgame master short,13
N1y4J,8/p2n2p1/4p1kR/6N1/3P1Q2/2P3K1/4q1PP/1r6 b - - 0 35,g7h6 f4f7 g6g5 h2h4,1638,endgame fork mate mateIn2 sacrifice short,15
Q3K1s,6kB/4bp1p/2p5/5N2/8/pq5P/5P2/K2RR3 b - - 0 32,g8h8 d1d8 e7d8 e1e8,1638,endgame mate mateIn2 sacrifice short,14
1pu6a,2rqr2k/p4Q1p/bpp2ppB/8/3bN3/6P1/Pn3PBP/2R2RK1 b - - 7 22,c8c7 h6g7,1639,mate mateIn1 middlegame oneMove,24
jo6ol,r4r2/p1Q2kp1/5q2/1ppp4/7P/1P1PP3/P1P5/1K4R1 b - - 1 26,f6e7 g1g7 f7g7 c7e7,1639,advantage attraction deflection endgame pin short,18
yWLdE,3Q4/5Npk/p3p2p/1b1p4/8/7P/5PPK/3q4 b - - 2 39,d1h5 d8h8 h7g6 g2g4 h5h3 h2h3,1639,crushing endgame long,14
ffzAd,2Q5/6p1/3pkb2/8/p1PpPr2/Pp1r2q1/1P6/1K1R3R b - - 3 45,e6e5 c8e8 f6e7 e8e7,1640,mate mateIn2 middlegame short,18
HbVG1,r5k1/5ppp/2p1rn2/1qP1P3/p1RpP3/1N6/PP2Q1PP/5R1K b - - 0 21,f6e4 b3d4 e6e5 d4b5 e4g3 h2g3,1641,advantage fork long master middlegame,23
0qnHN,6k1/p3Np2/5Qp1/4p2p/1p2q3/7P/5P1K/8 b - - 1 33,g8h7 f6f7 h7h6 e7g8 h6g5 f7f6,1642,endgame long mate mateIn3,13
A40kP,5b1k/3r1p1P/p4Pp1/1pp1rnN1/P4N2/1P5R/7P/5R1K b - - 1 41,e5e3 g5f7 d7f7 f4g6,1642,kingsideAttack master mate mateIn2 middlegame short,20
RmOCc,r2q1rk1/1bp1bppp/p1np4/1Pn1p3/4P3/1B1P1N2/1PP2PPP/R1BQRNK1 b - - 0 12,c5b3 b5c6 b3a1 c6b7,1642,advancedPawn advantage master opening short,31
jET2J,1r4kr/p1p3pp/1bq5/4P3/2b1N3/2P2QB1/PP4PP/5R1K b - - 10 22,c4d5 e4f6 g7f6 f3g4 g8f7 f1f6 c6f6 e5f6,1642,advantage discoveredAttack fork middlegame sacrifice veryLong,21
07Rhx,6R1/pkp5/2Nb4/1p1P2p1/1P1K2P1/r7/8/8 b - - 5 42,a3b3 c6a5 b7a6 a5b3,1643,crushing endgame fork master short,13
A38WI,R7/P5k1/6pp/8/5P2/7P/r1p5/2K5 b - - 2 53,g6g5 f4f5 a2a1 c1c2,1643,crushing endgame master quietMove rookEndgame short,10
PRJYY,r1r2B1k/1p2bp2/p2p1np1/3Pp3/P7/5P2/qPPQ2P1/2K4R b - - 1 25,h8g8 h1h8 g8h8 d2h6 f6h7 h6g7,1643,attraction kingsideAttack long mate mateIn3 middlegame sacrifice,22
duxG0,r1b1k2r/1pp2pp1/p1n1p3/3p3p/1q1P1Pn1/2NBPQ2/PPP3P1/2KR2NR b kq - 7 13,c8d7 f3g4 h5g4 h1h8 e8e7 h8a8,1643,advantage long middlegame skewer,29
YILxX,4k2r/5ppp/1q1np1b1/r2p4/P1p2B2/2P2B2/5PPP/R2Q1RK1 b k - 1 20,d6f5 a1b1 b6d8 b1b8 d8b8 f4b8,1644,crushing long middlegame pin,23
AFili,r1bq1rk1/ppppnpp1/2n4B/6Q1/2BPP3/2b2N2/P4PPP/R4RK1 b - - 1 13,e7g6 g5g6 d8f6 g6f6,1645,advantage middlegame pin short,27
rrLTc,8/7p/8/pp2pK1P/3kP3/1P6/P7/8 b - - 0 45,b5b4 h5h6 d4c3 f5e5,1646,crushing endgame pawnEndgame short zugzwang,10
SsdEy,2r4r/pp2nRp1/2n1p1B1/2Npk1P1/P2p4/1P6/6PP/3R2K1 b - - 0 28,e7g6 d1e1 e5d6 c5b7,1647,mate mateIn2 middlegame short,21
sZcTj,2kr3r/ppp2ppp/2qb4/4pb2/2P5/P1QPBP1P/1P2BP2/R3K2R b KQ - 2 16,d6c5 c3e5 c5e3 e5f5 c8b8 f2e3,1647,crushing long middlegame,26
1nJJG,4r1k1/Q3n3/2p1q1p1/1p1p3p/p5p1/P2BP3/1PP3P1/1K3R2 b - - 4 28,g8g7 a7d4 g7h7 f1f6,1648,advantage endgame short,20
7MJue,6k1/pp5p/2Pp2p1/4p1N1/2P2r2/4Nr1q/PP1Q1P2/5RK1 b - - 4 28,f3g3 f2g3 h3g3 e3g2,1648,crushing middlegame short,20
DKCOo,r3r1k1/p2p1pp1/1p4qp/2p1b3/4R3/2P2QP1/PP1B1P1P/2R3K1 b - - 2 19,a7a5 e4e5 e8e5 f3a8,1648,advantage deflection discoveredAttack middlegame short,23
rNYNE,rn2k2r/1p2ppb1/p2p1n1p/q4Pp1/8/2NB2BP/PPP2PP1/R2QK2R b KQkq - 2 15,f6h5 d1h5 g7c3 b2c3 a5c3 e1e2,1648,advantage defensiveMove hangingPiece long master opening,28
lRldD,1r2k2r/1b2bppp/p3p3/2B1p3/Bp6/8/PPPR1PPP/2KR4 b - - 2 19,e8f8 d2d8 b8d8 d1d8,1649,mate mateIn2 middlegame pin short,23
ISiZL,8/pp4k1/2p3r1/5q2/3P3R/7R/PPP2PP1/2K5 b - - 5 31,f5f2 h4h7 g7g8 h7h8 g8f7 h3f3 f2f3 g2f3,1650,advantage endgame exposedKing fork master queenRookEndgame veryLong,15
QJlQz,8/8/4k1pK/5p1P/6P1/8/8/8 b - - 0 57,g6h5 g4g5 f5f4 g5g6,1650,crushing endgame pawnEndgame quietMove short,6
ZENcN,r5r1/p4Q1k/4p3/5n2/3P1q2/2P4P/P1P3R1/4R1K1 b - - 0 30,g8g7 g2g7 f5g7 f7f4,1650,crushing middlegame short,16
14XIE,8/p7/8/kp3R2/P2p4/1P1N4/2r1r3/1K6 b - - 1 50,e2d2 f5b5 a5a6 d3b4,1651,endgame mate mateIn2 short,11
4QN4r,8/p2Q1pk1/4p1pp/3pN3/1b6/1Pr3P1/Pq3PKP/1B6 b - - 8 30,g7f6 d7f7 f6e5 f7f4,1652,endgame mate mateIn2 sacrifice short,19
Iz8TP,1k5r/1p3q1p/1Prbb1pQ/1R2p1P1/2ppPn2/5PNP/2PN3K/R4B2 b - - 4 34,d6c5 b5a5 c6b6 a5a8 b8c7 a8h8,1652,advantage long middlegame skewer,26
XDrDi,8/7k/pK2P1p1/P5P1/5P2/8/4b3/8 b - - 0 59,e2g4 e6e7 g4d7 b6c7 d7b5 c7d8,1652,advancedPawn bishopEndgame crushing defensiveMove endgame long,9
1xXev,r4r2/1p1nppkp/2bp2p1/p3P3/2P2P2/2NQ1B2/Pq4PP/2R2R1K b - - 0 17,d6e5 f3c6 b7c6 d3d7,1653,advantage capturingDefender master middlegame short,25
sExsu,8/2k5/1p2p2R/3p2p1/6P1/2P1KPr1/8/8 b - - 1 49,c7d6 e3f2 g3g1 f2g1,1653,crushing endgame rookEndgame short trappedPiece,11
2LlvJ,3rr2k/1p4N1/p1p2p1P/4n1p1/Pq6/4B1P1/2Q1PP2/5K1R b - - 1 27,e8e7 e3c5 b4c4 c2c4 e5c4 c5e7 d8d1 f1g2 d1h1 g2h1,1654,advantage fork middlegame veryLong,20
EuKTP,1R6/1p5p/p1p3r1/2Pk1p2/1P2pP1b/4B2P/P5P1/5K2 b - - 2 33,g6g3 e3f2 g3a3 f2h4,1654,crushing endgame short skewer,18
aDF2q,2rr2k1/p3q3/1p2pp1p/6n1/3B2Q1/4P3/PP6/1K1R3R b - - 1 27,g8h7 h1h6 h7h6 d1h1 h6g7 g4g5,1654,attraction crushing deflection long middlegame pin sacrifice,18
fhXDV,3r2k1/2q3b1/2b1Q1p1/p7/1p2p2R/2P5/PP2BPP1/1K6 b - - 0 30,g8f8 e2c4 d8d1 b1c2 c6a4 b2b3,1654,crushing long middlegame quietMove,18
yabTS,7r/2R1Qp1p/4p3/3p1k1b/3PP3/P4p2/1P3KPq/8 b - - 0 36,d5e4 c7c5 e6e5 c5e5,1654,advantage endgame short,17
zlhWY,5r1k/1p1q1rp1/p3p1Rp/5p1Q/2pP1P2/P1P4P/1P5K/6R1 b - - 3 29,d7c7 g6h6 g7h6 h5h6 f7h7 h6f8,1654,deflection endgame kingsideAttack long mate mateIn3 sacrifice,21
1bjpQ,3rr1k1/pp4p1/3q2bp/8/3Bp1Q1/1PP5/P4RPP/5R1K b - - 2 28,d6e6 f2f8 g8h7 g4e6,1655,crushing kingsideAttack middlegame short,20
6eTua,3rr1k1/6p1/4pp2/pN1p4/P1qNbPP1/2P4P/1P3Q1K/4R3 b - - 2 33,c4a4 b2b3 a4b5 d4b5,1655,crushing middlegame short trappedPiece,21
dfcuA,r4rk1/pb3ppp/1p2p3/8/2Rq4/1P6/P1QPBPPP/4R1K1 b - - 3 17,d4d5 e2f3 d5d7 c4c7 d7c7 c2c7,1655,crushing long middlegame,22
lGoVX,8/1B3ppk/1qP1p2p/4P3/3b1P2/p1p2P1P/P5K1/2Q5 b - - 0 38,b6b2 c1b2 a3b2 c6c7 b2b1q b7e4 b1e4 f3e4,1655,advancedPawn clearance crushing endgame fork master veryLong,18
Ouq8C,r1q2rk1/p1p1bppn/3p3p/2pPpN2/2P5/1PN1PQPP/P4PK1/R4R2 b - - 3 19,c8d7 f3g4 d7f5 g4f5,1656,crushing middlegame short,28
poCSj,rn2kb1r/pp2pppp/3p4/8/2B1n3/N1P1B3/PP3PPP/R4RK1 b kq - 1 11,a7a6 c4d5 b8c6 d5e4,1656,advantage middlegame short,25
uLpuB,r3k2r/1pp1qpp1/2n4p/p2np3/P1N1Q1b1/2PP1N2/1P2B1PP/R4R1K b kq - 4 16,f7f5 e4d5 a8d8 d5b5,1656,advantage hangingPiece middlegame short,27
ENuoi,r1bq1r1k/1pp1n1pN/p2p2n1/4p2Q/4p3/1BPP4/PP3bPP/R1B1RN1K b - - 1 15,f8f5 h7g5,1658,discoveredAttack master mate mateIn1 oneMove opening,29
OGMHV,2rr1k2/7R/4p1R1/1pnpP3/p1b5/P1P2N2/1P5P/7K b - - 10 35,d8d7 h7h8 f8f7 g6f6 f7g7 h8c8,1658,advantage exposedKing long middlegame,18
l7ZDa,1r1q1r1k/1p2b3/p3pnQ1/2pb4/3P1R2/2P5/PP4PP/R1B3K1 b - - 2 22,d5e4 f4h4 f6h7 h4h7,1658,kingsideAttack mate mateIn2 middlegame short,22
tfwHR,r1b2rk1/pppp1ppp/2n4n/2b3B1/2BpP2q/5Q1N/PPP2PPP/RN2K2R b KQ - 7 8,c6e5 g5h4 e5f3 g2f3,1658,advantage middlegame short,31
6WfKL,1kr5/3p4/3P1p2/4P3/4RP1p/2P1B1p1/q5P1/2R4K b - - 6 38,c8c3 e4b4 b8a8 c1c3 a2a1 c3c1 a1c1 e3c1,1659,crushing endgame intermezzo veryLong,16
D9WPD,5Q2/7b/p2kp3/1p6/3Pq1P1/P1P5/7P/6K1 b - - 11 47,d6d5 f8c5,1659,endgame mate mateIn1 oneMove,13
cGfgk,1r1q1rk1/2p2p1n/p1np2pp/7b/3pPN1P/P3PN2/B1P3Q1/2K3RR b - - 1 20,h5f3 g2g6 g8h8 g6g7,1659,kingsideAttack mate mateIn2 middlegame pin short,26
gmEr0,3r2k1/p1nr2p1/2pP1p1p/2B1p3/1P6/P6P/5PP1/R2R2K1 b - - 0 23,c7d5 b4b5 c6b5 d1d5,1659,advantage deflection endgame short,20
iUSFI,2r2rk1/1p2bpp1/p3p2B/n2p4/q2P4/P1P3QP/1P3PP1/3RR1K1 b - - 0 20,g7g6 g3e5 f7f6 e5e6,1659,crushing kingsideAttack middlegame short,24
ghjPt,2N2rk1/5pbp/1pq2np1/pQnp4/P3P3/4BP1P/1P4P1/R4RK1 b - - 0 23,c6b5 c8e7 g8h8 a4b5,1660,advantage intermezzo middlegame short,24
ma3mP,1rr3k1/5ppp/Q3b3/3pR3/3q4/2N5/PP3PPP/4R1K1 b - - 0 22,b8b2 a6c8 e6c8 e5e8,1660,backRankMate mate mateIn2 middlegame sacrifice short,19
097Nu,r1bb1rk1/2qn1p2/p1pp3Q/1p2p3/3PP3/2PB1N2/PP3PPP/R3R1K1 b - - 0 16,d8f6 f3g5 f6g5 h6g5,1661,crushing kingsideAttack middlegame short,27
4hy3d,r1bq1rk1/p2n1pp1/1p2pb1p/2pp4/3PP3/2PB1N2/PP1NQPPP/R4RK1 b - - 0 11,d5e4 e2e4 g7g6 e4a8,1661,advantage master middlegame short,30
XK4yb,r5q1/ppp2k1p/2bp1pn1/7Q/8/4R3/PPP2PPP/4R1K1 b - - 11 22,a8e8 e3e8 c6e8 h5d5 f7g7 d5g8 g7g8 e1e8,1661,advantage attraction middlegame veryLong,21
ADIbc,2r3k1/6p1/5p1p/p4n2/P2p1PP1/1PpK3P/2P5/2R5 b - - 0 38,f5g3 c1g1 g3e2 d3e2 c8e8 e2d3,1662,advantage endgame long trappedPiece,17
05jP1,7k/6p1/3K2Bp/7P/5r2/8/8/8 b - - 3 69,f4e4 g6e4 g7g6 h5g6,1663,crushing endgame hangingPiece master short,7
4UpXB,r2q2k1/3b1r2/p3p2p/3pP1N1/1p1P2P1/6B1/3Q2KP/R4R2 b - - 0 29,h6g5 f1f7 g8f7 a1f1,1663,attraction crushing middlegame short,20
T67IB,2r1r1k1/1p4q1/p5N1/2P2pQR/1P2p1pP/P2p4/5PPK/2n5 b - - 2 33,c8c6 h5h8 g7h8 g6h8 g8h8 g5h5 h8g7 h5e8,1663,attraction crushing discoveredAttack discoveredCheck exposedKing fork middlegame veryLong,21
yMBUs,2r2rk1/3bppbp/1R1p1np1/8/3PP3/2NQ1PP1/q2B2BP/5RK1 b - - 2 21,a2a5 c3d5 f6d5 d2a5,1665,advantage discoveredAttack middlegame short,24
yQbIY,3r1rk1/p2nn1p1/2pb1q1p/1p1pp3/6Q1/1BPPB2P/PP1N1PP1/2KR3R b - - 1 16,a7a5 d2e4 f6g6 g4g6 e7g6 e4d6,1665,advantage capturingDefender long middlegame pin,28
545Pp,r4rk1/5p2/p5p1/1p4q1/1PnP1P1R/P3P2Q/6P1/5RK1 b - - 0 28,g5f5 h4h8 g8g7 h3h6 g7f6 h8f8 a8f8 h6f8,1667,crushing deflection middlegame veryLong,19
KyZtH,6k1/6bp/5rp1/p2N3P/1p1Pp3/4n1P1/PPrN2P1/1K1R3R b - - 1 28,c2d2 d5f6 g7f6 d1d2,1667,advantage intermezzo middlegame short,21
g8O9n,3k3r/p2rbp2/2p4p/3p2p1/6B1/3P2BP/2K2PP1/1R6 b - - 1 25,e7d6 g3d6 d7d6 b1b8 d8e7 b8h8,1667,advantage endgame exposedKing long skewer,18
ykfPE,6k1/p1Q2pp1/5q1p/3p4/8/2P4P/P3rPP1/5RK1 b - - 2 23,e2a2 c7b8 g8h7 b8b1 g7g6 b1a2,1667,crushing endgame fork long,16
gH7PD,1Q6/5ppk/2r1p2p/p2p4/P7/6P1/2r2b1P/R4K2 b - - 1 31,f2c5 b8b1 c5b4 a1a2 g7g6 a2c2 c6c2 b1c2,1668,advantage endgame pin veryLong,16
wqcqa,r1b1k2r/pp1nbpp1/1q2pn1p/2pp4/2PP3B/P1N1PN1P/1P3PP1/R2QKB1R b KQkq - 2 9,b6b2 c3a4 b2a1 d1a1,1668,crushing middlegame short trappedPiece,32
TajeE,r4r1k/5ppp/1p3b1B/p2qp3/3p2R1/7P/PP4P1/5QK1 b - - 3 26,e5e4 f1f6 g7f6 h6g7 h8g8 g7f6 d5g5 g4g5,1669,discoveredAttack discoveredCheck fork mate mateIn4 middlegame pillsburysMate pin sacrifice veryLong,20
WOS8L,8/2P5/3K4/1R3kp1/p7/2r2p2/P7/8 b - - 1 48,f5f4 b5c5 c3c5 d6c5 f4e3 c7c8q,1669,advancedPawn crushing endgame long master promotion rookEndgame,9
p5OzA,2kr4/ppp2Npp/2nb1n2/6q1/8/8/PPP1QPPP/R4RK1 b - - 1 15,d8e8 e2e8 f6e8 f7g5,1669,advantage middlegame short,22
cH7fd,8/5pp1/pPk1p2p/P1Pp4/5P2/7P/1r4P1/2R3K1 b - - 0 40,b2a2 c1b1 a2a5 b6b7,1670,advancedPawn crushing endgame quietMove rookEndgame short,16
2klxC,4k1nr/4np2/p7/1p2ppP1/8/3q4/P4Q2/2RR2K1 b k - 1 29,d3h3 d1d8 e8d8 f2b6 d8e8 b6b8,1671,attraction crushing long middlegame sacrifice,16
jCzLh,r1b4r/pp1pkppp/n7/2p2N2/2P3n1/4PN2/PP4PP/2KR1B1R b - - 8 13,e7f6 d1d6 f6f5 f1d3,1671,master mate mateIn2 middlegame sacrifice short,25
toTnl,r2q1rk1/6bp/p2p4/2pPp2p/2P1Q3/3B1PB1/PP6/3R2K1 b - - 1 29,d8f6 e4h7 g8f7 h7h5 f7e7 g3h4,1671,advantage kingsideAttack long middlegame pin,21
NrRNa,r4r1k/p2q2pp/2pp2p1/1p2n1BP/6P1/2P5/PPP2PQ1/2K3RR b - - 1 21,e5f3 h5g6 h7h6 g5h6 g7h6 h1h6,1672,crushing kingsideAttack long middlegame pin,24
WOEhL,5r2/p2p1p2/1p3R2/2p1r2k/8/6PK/PPP2BP1/8 b - - 3 26,e5e6 g3g4 h5g5 f2h4,1672,endgame mate mateIn2 short,16
mhjQI,2kr4/pppq2pR/2n5/2P1p1N1/8/P2PpPP1/2P1Q1K1/8 b - - 0 24,d7d4 g5e6 d4c3 e6d8 c3d2 e2d2 e3d2 h7h1,1672,crushing defensiveMove endgame fork master veryLong,20
9VQNl,3rr1k1/RQ3ppp/2N3b1/8/1K1P4/1PP5/7P/2q5 b - - 0 34,d8c8 c6e7 g8h8 e7c8,1673,advantage fork master middlegame short,16
JtvlC,7r/5p1p/4pkPB/2qn4/p7/P4R2/1P3P2/1K5R b - - 2 33,f6g6 h1g1 g6h6 f3h3,1673,endgame mate mateIn2 sacrifice short,16
PXRsw,r1b2r2/p4pbk/3p2p1/1p1Pp2n/2q1P2P/2N1B1N1/PP3P2/2KQ2RR b - - 1 22,h5g3 g1g3 b5b4 h4h5,1673,advantage middlegame short,26
0hD2G,3q1rk1/p1p2p1p/3p1bp1/3B4/2P5/7P/P3rPP1/1RQ2RK1 b - - 1 17,f6d4 c1d1 d4f2 f1f2 e2f2 g1f2,1674,advantage fork long middlegame,21
XlaKb,r3k1nr/pp3ppp/2nbp3/3pq3/P7/2NB1QP1/1P1B1P1P/R4RK1 b kq - 0 13,g8f6 d2f4 e5h5 f3h5 f6h5 f4d6,1674,advantage long middlegame,26
3ScVU,3r2k1/1p1r1p1p/p4Q2/5P2/P5q1/8/8/R4R1K b - - 1 36,d7d2 f1g1 d2d1 f6d8 d1d8 g1g4,1675,crushing endgame long pin,14
8ISto,r1kr4/pp3pp1/1nR2n1p/8/5BPP/3B1P2/PPP2P2/2KR4 b - - 0 20,b7c6 d3a6,1675,mate mateIn1 middlegame oneMove,22
LqRdL,r4r1k/2p2p1p/p2p4/1p1P1N2/4P3/1B5K/PP1n1bR1/R7 b - - 1 28,d2e4 b3c2 a8e8 c2e4 e8e4 g2f2,1675,advantage capturingDefender long middlegame,20
ou2mJ,r2q1rk1/1p2bpp1/p1n1bn1p/3pN3/2pPPB2/2N5/PPQ1BPPP/3R1RK1 b - - 0 13,c6e5 d4e5 d5d4 e5f6,1675,advantage middlegame short,30
1BOC9,r3k2r/1bq2pb1/p6p/Bp1Bn3/6P1/P7/1PP2Q1P/2KR1R2 b kq - 1 23,c7a5 d5f7 e5f7 f2f7,1676,attackingF2F7 mate mateIn2 middlegame short,22
e0406,Qnk3r1/1pp2p2/5p2/3R1r1p/7P/5qP1/PPP3B1/3R3K b - - 3 29,f3g3 d5d8 g8d8 a8b7,1676,mate mateIn2 middlegame queensideAttack sacrifice short,20
rNUTa,r2k1bnr/ppp3pp/1q2P1B1/8/3N4/8/PPP3PP/RNBQ1K2 b - - 0 14,h7g6 d4c6 d8e8 d1d7,1676,doubleCheck mate mateIn2 middlegame short,24
zq5RF,r2nk2r/pp1qbp2/3P4/4P1pp/3P4/5P2/3Q1P1P/1RR4K b kq - 0 24,e7f8 c1c7 d7f5 d6d7 f5d7 c7d7,1676,advancedPawn advantage long middlegame,21
uikNr,r1b2rk1/p3bppp/8/q3p3/1P1pP3/P7/2P2BPP/R2QKB1R b KQ - 0 14,e7b4 a3b4 a5b4 d1d2,1677,advantage master middlegame short,24
xH8T2,r2q1r2/ppp1ppkp/5np1/6Nb/1n1P2PQ/2NB4/PPP4P/R4RK1 b - - 0 13,f6g4 f1f7 f8f7 g5e6 g7h8 e6d8,1677,advantage fork long master middlegame sacrifice,27
BWK6K,8/7p/5Qpk/5p2/5P2/P5P1/7q/5K2 b - - 0 44,h2g3 f6g5 g3g5 f4g5 h6g5 a3a4 g5f4 a4a5,1678,crushing defensiveMove endgame queenEndgame quietMove veryLong,10
nPEYk,4Q1k1/1pp3pn/1pnp4/4p3/2P1P3/1P4pq/rB1P4/5RK1 b - - 1 22,h7f8 f1f8 g8h7 f8h8,1678,kingsideAttack mate mateIn2 middlegame short,20
0NMnj,8/6p1/1p2p2p/p2k1pP1/P2P1P1P/1P1K4/8/8 b - - 0 40,h6g5 f4g5 g7g6 h4h5 g6h5 g5g6,1679,crushing endgame long pawnEndgame,14
9nRmt,r2q1rk1/pp3ppp/2np4/8/3P4/3B1Q2/PP3PPP/R4RK1 b - - 0 15,c6d4 f3e4 g7g6 e4d4,1679,crushing middlegame short,22
hRQ4Y,rnb1kb1r/1p3ppp/p3p3/3pN3/3q4/2BB4/PPP2PPP/R2QK2R b KQkq - 1 12,f8b4 d3b5 a6b5 d1d4,1679,advantage discoveredAttack opening short,27
3mZpS,r4rk1/1pp2pp1/p2p1q2/3Np3/4P1b1/1P1P2Pp/1PPQ4/2K3RR b - - 1 18,f6h6 d2h6 g7h6 d5f6 g8g7 f6g4,1680,advantage fork long middlegame,24
e9v4H,r1bq3r/ppppb1pp/2n2k2/3Q4/8/2p2N2/PPP2PPP/R1B2RK1 b - - 2 10,d7d6 c1g5 f6g6 f3h4,1680,crushing master opening short,26
24aIN,8/5kp1/p2K4/8/3P4/1p6/1P6/8 b - - 3 49,f7e8 d6c7 a6a5 d4d5 e8f7 d5d6 a5a4 d6d7,1681,advancedPawn crushing endgame pawnEndgame quietMove veryLong,7
Biaqo,3r4/pp1k2R1/3P4/8/5nP1/P2R3P/KP6/2r5 b - - 0 32,d7c6 g7c7 c6b5 d3b3,1681,crushing endgame short,14
XsDTg,1k6/7R/3N4/2p2p2/p3b3/P7/2r5/3K4 b - - 5 38,c2c3 h7h8 b8c7 d6b5,1681,advantage endgame master short,10
7gaWu,3r1rk1/3n3p/p3R1p1/8/2Q5/5qP1/P6P/3R2K1 b - - 5 34,f3d1 e6e1 g8g7 e1d1,1682,advantage discoveredAttack discoveredCheck endgame master short,15
QPRuJ,2kr3r/2p3pp/ppQnbp2/8/8/5P2/PPP3PP/2KR4 b - - 5 28,a6a5 d1d6 d8d6 c6a8 c8d7 a8h8,1682,advantage endgame long pin sacrifice skewer,20
zZBe1,r4rk1/1pp2Npp/p1n5/8/4QPP1/2qB3K/P6P/2q1R3 b - - 3 25,c1e1 f7h6 g7h6 e4h7,1682,mate mateIn2 middlegame sacrifice short,20
JIJGf,2r1nrk1/1p2bppp/p3b2B/4P3/8/2qB1RQ1/2P3PP/3R3K b - - 2 23,e6d5 d3h7 g8h7 f3c3 c8c3 g3c3,1683,advantage discoveredAttack long middlegame pin,22
30Oq6,5rk1/pp4q1/2p4Q/3pbpP1/1n4p1/2N5/PPP5/2K2R1R b - - 1 27,g4g3 h6e6 g7f7 e6e5,1684,crushing deflection kingsideAttack middlegame short,20
9Te52,r2qk2r/p3bpp1/2p3n1/2p4p/N2pP1b1/5NQP/PPP3P1/R1B2RK1 b kq - 0 14,e7d6 e4e5 g4f3 e5d6,1684,advantage middlegame short,27
cRxbV,b5k1/p4pp1/2p2b1p/1qP5/4B3/P3QPP1/4N1KP/8 b - - 2 27,a8b7 e4d3 b5d3 e3d3,1684,crushing endgame short,18
3VCBZ,5rk1/5Rpp/6b1/pp6/3b1Q2/1B4P1/Pq3P1P/4R1K1 b - - 0 25,g6f7 f4f7 f8f7 e1e8,1685,mate mateIn2 middlegame pin sacrifice short,18
g6NgG,3r2k1/7p/p1r1pRpb/4B3/2Pp4/3K4/1P3P1P/4R3 b - - 2 31,c6b6 e5c7 b6b3 d3c2 b3b2 c2b2,1685,advantage defensiveMove endgame fork long,17
zxFVo,3r1r2/pb1R3p/1p2pkp1/4N3/2B2n2/1P3P2/P5PP/R5K1 b - - 6 29,b7f3 d7d8 f8d8 e5f3,1685,advantage intermezzo middlegame short,20
gLGLH,r1bq1rnk/ppp3b1/3p1p1P/8/3PP2Q/2P3R1/P2N1PP1/2K4R b - - 0 22,g7h6 h4h6 g8h6 h1h6,1686,kingsideAttack mate mateIn2 middlegame sacrifice short,24
ncLFL,r2q1rk1/1b3pp1/ppn1pb1p/2pP4/P1B5/2NP3P/1PP2PPN/R2Q1RK1 b - - 0 13,f6c3 d5c6 b7c6 b2c3,1686,advantage intermezzo middlegame short,29
vzDxs,8/6p1/4N1kp/pb1p4/6P1/4P2P/5R1K/1r6 b - - 0 38,a5a4 e6f8 g6g5 f2f5 g5h4 f8g6,1686,cornerMate endgame long mate mateIn3,13
Vte0K,r7/p1p2pk1/1q2p1P1/2RpP1N1/3P1Pp1/2PQ4/2P4K/1r6 b - - 0 29,f7g6 c5c7 b6c7 g5e6 g7f7 e6c7 a8h8 h2g2,1687,advantage attraction defensiveMove deflection endgame fork sacrifice veryLong,20
XZc8m,5rk1/4p1b1/p3q2p/2rp1N2/6nP/3Q4/PPB3P1/2K2R1R b - - 0 28,f8c8 f5e7 e6e7 d3h7,1687,clearance kingsideAttack mate mateIn2 middlegame sacrifice short,20
tHNwa,r4rk1/2p2pp1/p2p4/1p1P2p1/8/P3P1nP/BPbN1RP1/2R3K1 b - - 1 20,g3e4 c1c2 e4f2 g1f2,1687,crushing middlegame short,23
xTgtU,r2r2k1/1b2npp1/pn2p2p/2p5/3qNP2/P2P3P/BP2Q1PN/R4R1K b - - 2 21,d4d3 e2d3 d8d3 e4c5 d3d2 c5b7,1687,advantage fork long middlegame,26
y0lwh,2b5/5kbp/2p1p3/p1qpP2Q/1r6/5N2/P5PP/5R1K b - - 1 27,f7g8 f3g5 b4f4 h5h7 g8f8 f1f4,1687,crushing long middlegame,18
3bbOm,rnbk1b1r/pp2pQp1/2p2n1p/q1P3N1/8/8/PP3PPP/R1BR2K1 b - - 1 14,d8c7 c1f4,1689,mate mateIn1 oneMove opening,26
WZRHH,rn3rk1/ppQ2ppp/2b5/8/2B5/4P3/qP3PPP/3RK2R b K - 1 17,a2b2 c7f7 f8f7 d1d8 c6e8 d8e8,1689,kingsideAttack long mate mateIn3 middlegame pin sacrifice,21
dTksW,3r2k1/5bpp/2q2p2/3p4/pp1Q4/6RP/PP3PP1/3B2K1 b - - 1 32,c6c1 d4f6 c1d1 g1h2 g7g6 f6d8,1689,advantage endgame long pin sacrifice,19
pJHQP,5rk1/4bppp/p3p3/3nQ3/Pp1P4/1P1RN1P1/1Bq2P1P/6K1 b - - 4 28,e7f6 e3c2 f6e5 d4e5,1689,crushing middlegame short,22
8UcSy,5k2/p6p/1p2Bn2/5pR1/P7/1P3PBK/1q1r3P/8 b - - 0 32,f6d5 g3d6 d5e7 g5g8,1690,endgame mate mateIn2 operaMate pin short,16
9hlRV,8/6p1/R4pkp/P3p2P/6P1/6K1/r4P2/8 b - - 0 36,g6g5 a6a7 f6f5 a7g7 g5f6 g7g6,1690,crushing endgame long rookEndgame,12
g2MCo,8/3k4/2p3NK/3n1P1p/1P6/8/8/8 b - - 12 55,d5b4 f5f6 d7e6 h6g7,1690,crushing defensiveMove endgame knightEndgame master short,8
8WEPL,r1qr2k1/1b3ppp/p1n1p3/2p2nP1/2P2P2/4P3/P1N1Q1BP/B2R1RK1 b - - 2 21,c6b4 d1d8 c8d8 g2b7,1691,crushing master middlegame short,26
D2Nhz,r1r3k1/4qppp/1p2p3/2n5/PQ1N4/4P3/5PPP/R1R3K1 b - - 0 22,e7f6 b4b6 e6e5 b6f6,1691,advantage middlegame short,20
bde5b,8/5k2/3p4/3PpKR1/4Pp2/5P2/8/7r b - - 23 64,h1f1 g5g6 f1f3 g6d6,1691,crushing endgame rookEndgame short,10
h6T1N,4b3/6k1/5P2/pp2K1P1/3p4/3B4/8/8 b - - 0 44,g7f8 g5g6 e8g6 d3g6 a5a4 e5d4,1691,bishopEndgame crushing endgame long,9
rHhT4,r2q1rk1/pp2ppbp/2p3p1/3n1b2/3P4/1PN1PN2/PB3PPP/2RQ1RK1 b - - 1 12,d8a5 e3e4 f5e4 c3e4,1692,advantage fork middlegame short,28
aVFQi,8/8/3R1p2/2p5/3bk2P/1r4B1/5PK1/8 b - - 0 42,c5c4 f2f3 b3f3 d6d4,1693,advantage endgame master short,10
1d5vl,2r4k/4r2p/p2q4/2N3R1/1p2pP2/1P2P3/P1QP1K2/8 b - - 0 39,h7h6 c2b2 h8h7 c5e4 d6d3 e4f6,1694,crushing endgame long,17
EQQfC,4rk2/1p3pB1/pq1R2bp/8/2B1rQ2/7P/1PP2pPK/8 b - - 0 32,f8g7 f4f6 g7h7 d6b6,1694,advantage master middlegame short,19
XCIrw,r1bq1rk1/p4pp1/2pb1n1p/3p4/7B/2NB4/PPP2PPP/R2Q1RK1 b - - 1 13,d6h2 g1h2 g7g5 h4g3,1694,advantage defensiveMove hangingPiece middlegame short,26
6uqkU,2k3r1/1bp3r1/pp6/3p1p1q/5Qp1/P3P1RP/1P6/2R1B1K1 b - - 3 32,g4h3 c1c7 g7c7 g3g8 c8d7 g8g7,1695,crushing deflection long middlegame queensideAttack,20
NrKjh,4rr2/1bqn1ppk/p1n1p2p/3pP3/3P1BQ1/1PP4P/1P1N1PP1/R3R1K1 b - - 7 19,f7f5 e5f6 d7f6 f4c7,1695,advantage discoveredAttack enPassant middlegame short,27
sNO0Q,r3r1k1/4bp1p/p2p2BP/2pn4/q4B2/2P2PQ1/PP4P1/1K1R3R b - - 0 24,a4f4 g6h7 g8h8 g3g7,1695,discoveredCheck doubleCheck kingsideAttack mate mateIn2 middlegame short,23
54Y2T,r2r4/2q4k/6R1/4p3/1pn1Pn2/1p3Q2/PPP2B2/2K3R1 b - - 0 32,b3a2 f3h1 f4h5 h1h5,1696,mate mateIn2 middlegame short,18
IK2ix,2rb1rk1/pp3pp1/1q1p2np/5N2/2p1n1Q1/2P4P/PP2BPP1/R1B2RK1 b - - 1 20,e4f6 f5h6 g7h6 g4c8 d8c7 c8f5,1696,advantage discoveredAttack long opening,27
5wzPB,r1bk3r/ppp2pbp/5np1/4p1B1/8/2NB4/PPP2PPP/R4RK1 b - - 1 11,c8e6 c3e4 h7h6 g5f6 g7f6 e4f6 d8e7 f6e4,1697,crushing defensiveMove middlegame veryLong,25
ifcWr,1r6/4pk2/4Rbp1/8/4R3/4B1P1/r4P2/5K2 b - - 0 31,b8b4 e6f6 e7f6 e4b4,1697,advantage endgame master masterVsMaster short,12
S3bck,r2r4/p4kp1/2q2p1p/3pp3/2n5/2P2P2/P1P2QPP/1RB2R1K b - - 9 21,a8b8 f2a7 c6d7 a7d7 d8d7 b1b8,1698,crushing long middlegame,22
WwBR8,r3kbnr/p1p2ppp/1p1p4/5b2/3Pnq2/1QP2N2/PP1NBPPP/2KRR3 b kq - 3 11,e4d2 e2b5 e8d8 e1e8,1701,discoveredCheck doubleCheck mate mateIn2 middlegame operaMate short,29
eCOms,r1b1k1nr/ppp2ppp/8/3Pn3/1b6/1BN5/PPPP1PPP/R1B2RK1 b kq - 3 10,g8f6 f1e1 e8g8 e1e5,1701,advantage opening pin short,27
iDf6r,rnb1kb1r/ppppqppp/8/4P3/2B1n3/5N2/PPP2PPP/RNBQK2R b KQkq - 2 5,e4f2 e1f2 e7c5 d1d4 c5d4 f3d4,1701,crushing hangingPiece long opening,30
2bmdp,8/5R2/5p1p/4p3/4P2k/5RPP/7K/r1r5 b - - 0 38,h4g5 f7g7 g5h5 f3f5,1702,endgame mate mateIn2 rookEndgame short,12
PzO2Q,8/8/p5p1/2p5/1p3pkP/nP2pNp1/6K1/2R5 b - - 1 56,e3e2 c1c5 e2e1n f3e1,1702,crushing endgame short,14
mgijO,r2q1r2/pbp2ppk/1pn1pb2/6N1/3P3P/2P5/PP2QPP1/R3K2R b KQ - 1 14,f6g5 h4g5 h7g6 e2h5,1702,crushing discoveredAttack discoveredCheck middlegame short,25
Cciwz,r1bqk1r1/pp3p2/2n1P3/5pNp/1b1p1Q2/2N5/PP1B1PPP/R3R1K1 b q - 0 15,d8g5 e6f7 e8f7 f4c7 g5e7 e1e7,1703,advancedPawn attackingF2F7 attraction crushing discoveredCheck doubleCheck long middlegame,26
mDUWP,4rrk1/ppp1n1pn/7p/3pR3/3P3q/P1PQ1P2/2P2NP1/R1B3K1 b - - 0 21,e7g6 d3g6 e8e5 d4e5,1703,crushing hangingPiece middlegame short,24
vnbKv,r1b4k/pp4pp/8/8/1P1N1rq1/P3p1Pn/Q1P1BPK1/R4R2 b - - 1 28,f4f2 f1f2 g4e4 f2f3,1703,crushing middlegame short,22
P7ceU,6r1/4k2p/1p1prp1p/3Q4/3N2q1/8/2P3PP/5R1K b - - 8 36,e6e5 d4c6 e7e8 c6e5,1705,crushing endgame fork short,16
YtGYp,r1b3qb/p7/1p1k2B1/2p1p1Q1/4n3/3R4/P1P3P1/4K3 b - - 1 29,d6c7 g5e7 c7b8 g6e4 g8e6 e7e6,1705,advantage long middlegame,17
l9I7B,r5k1/pp2r1pp/1qpb4/3p1QR1/1P1P4/P6P/2P1NP2/R6K b - - 0 26,e7e2 g5g7 g8g7 a1g1 d6g3 g1g3 g7h8 f5f6,1705,attraction kingsideAttack mate mateIn4 middlegame sacrifice veryLong,22
mHlpS,2k4r/pp2Rppp/q1p5/8/5n2/7P/5PB1/1Q5K b - - 0 31,f4g2 b1f5 c8b8 f5e5 b8a8 e7e8 h8e8 e5e8,1705,backRankMate endgame mate mateIn4 veryLong,16
8DOaf,2r4k/1b5r/p6Q/1p1p1R2/3b4/6RK/PP2q2P/8 b - - 4 38,c8g8 g3g8 h8g8 f5f8,1706,attraction killBoxMate mate mateIn2 middlegame short,16
qSfG2,2r4k/4PRnP/p3n1PQ/4p3/4P3/3P4/2p4K/1q3B2 b - - 2 53,c2c1q h6g7 e6g7 f7f8 c8f8 e7f8q,1706,advancedPawn exposedKing long mate mateIn3 middlegame promotion sacrifice,17
0cfLE,r1br2k1/pp2pp1p/6p1/8/1B1bP3/8/q3BPPP/2RQ1R1K b - - 3 16,e7e5 e2c4 a2b2 c1b1,1707,advantage master middlegame short,22
28HAG,2b2k2/5P2/p2b2q1/1p1p4/2rnp2B/6N1/PP4Q1/4NRK1 b - - 2 36,d6g3 h4e7 f8e7 f7f8q,1707,advancedPawn attraction crushing middlegame promotion short,19
LBZxo,5r1k/3R1p1p/p3p2P/2p2p2/2P1bP2/4P1R1/r5P1/5BK1 b - - 4 27,a2a1 g3g7 a1d1 d7d1,1707,crushing endgame short,19
eKDwD,8/8/p3p1p1/P3k3/3pP1PP/5K2/8/8 b - - 0 41,d4d3 h4h5 d3d2 f3e2,1707,crushing endgame pawnEndgame short,10
eaqsM,r1b2rk1/pp2b1p1/1qn1p1P1/3pP3/3P4/1PP5/P2N2P1/R2QK2R b KQ - 0 16,c6e5 h1h8 g8h8 d1h5 h8g8 h5h7,1707,attraction fork long mate mateIn3 middlegame sacrifice,24
ekrrD,6k1/p2n1pp1/1p2p2p/3q4/3P1Q2/4N1PP/1P4RK/3r4 b - - 6 31,d5d4 e3d1 d4f4 g3f4,1707,advantage endgame master short,18
piCD3,1r4k1/2R2pp1/p2qb2p/Q2p4/3Nr3/1P5P/P4PP1/3R2K1 b - - 1 30,e4d4 d1d4 b8b5 a5c3,1707,advantage defensiveMove hangingPiece master middlegame short,20
tzzxn,4r3/p1r1ppkp/1p1p1np1/6Q1/3P4/2P1RqNP/PP3P2/4R1K1 b - - 1 24,f3d5 g3h5 f6h5 g5d5,1707,crushing deflection master masterVsMaster middlegame pin short,23
u2yKt,r3r2k/ppp5/3pqRQ1/8/8/7P/PPP3P1/7K b - - 0 25,e6g8 g6h5 g8h7 f6h6 h7h6 h5h6,1707,advantage clearance endgame long pin,16
I2JtO,6k1/6pp/3rpp2/qPR5/1n2QPP1/1P1P3P/8/7K b - - 0 34,b4d5 c5d5 d6d5 e4e6 g8f8 e6d5,1708,advantage attraction deflection endgame fork long,17
ZbA1K,1r3rk1/1PR4p/3Q1p2/p2ppb2/q7/8/5PPP/5RK1 b - - 1 32,d5d4 d6e7 f5d7 c7d7 a4d7 e7d7,1708,crushing long middlegame,18
0A50Y,6rk/3q2rp/3pR1P1/1p1P1p2/2p2P2/2P2B1Q/1P1n1K2/4R3 b - - 10 33,g7g6 e6e7 g6g7 e7d7,1709,crushing master middlegame short,20
Y7SMx,r1r3k1/6b1/6P1/q1p1ppN1/2Pp4/p2Pn3/4K2Q/B5RR b - - 4 33,a5a4 h2h7 g8f8 g5e6 f8e7 h7g7,1709,crushing deflection exposedKing kingsideAttack long master middlegame,20
ZYsdm,r4r1k/pp1R2p1/2p1q1P1/2Q5/5p2/1P2n3/1PP5/6KR b - - 0 32,h8g8 h1h8 g8h8 c5h5 h8g8 h5h7,1709,attraction long mate mateIn3 middlegame sacrifice,18
oZcq1,2r3k1/4pp2/3p2p1/4b3/1Nqr4/6PQ/2P3P1/2K4R b - - 1 31,c4b4 h3c8 g8g7 c8h8,1709,endgame hangingPiece mate mateIn2 short,16
7czTO,4k2r/q4pp1/pprPpnn1/3p2N1/PRpP3p/2P1Q2P/5PPB/1R4K1 b k - 3 25,f6d7 g5e6 f7e6 e3e6,1710,crushing middlegame short,27
rzvzT,6r1/3k1p2/2qb4/p1p1QP1p/PpP1np2/1P5P/2P4K/3R1R2 b - - 8 35,g8g2 h2g2 e4d2 e5d5 c6d5 c4d5,1711,advantage hangingPiece long master middlegame pin,21
RF5Jq,2rq1b1r/p4ppp/2Qp1k2/8/5BPP/2N5/PP3P2/n2KR3 b - - 0 17,c8c6 c3d5 f6g6 h4h5,1712,mate mateIn2 middlegame short,21
AaNep,r1b1k1r1/5q2/p1Q1p3/1p1n4/1P6/P4N1P/5PP1/R4RK1 b - - 1 23,e8f8 c6a8 f7b7 a8b7,1713,crushing hangingPiece middlegame pin short,19
HgEf4,3kr3/5p1p/p5p1/2PPNb2/P7/1r3P2/5KPP/4R3 b - - 0 33,f7f6 e5f7 d8d7 c5c6 d7c7 e1e8,1713,crushing deflection endgame exposedKing long,17
ezuXa,3r1rk1/1pp1q2p/p3P1p1/4QpN1/2P4P/8/P4PP1/4R1K1 b - - 2 21,d8e8 g5f7 f8f7 e6f7 g8f7 e5d5,1713,advancedPawn attraction crushing endgame kingsideAttack long quietMove,20
8Vq3Y,8/1P4R1/4k1p1/2p1p1r1/R1P4r/5K2/8/8 b - - 0 49,h4h8 a4a6 e6f5 g7f7,1714,endgame epauletteMate mate mateIn2 rookEndgame short,11
LhQ1f,8/3bb1k1/1R2ppp1/3p3p/3P1P1P/3BKNP1/r7/8 b - - 7 46,a2a3 b6b7 d7b5 b7b5,1714,advantage endgame master short,17
ZgGTl,5rk1/1p4pp/p2qbp2/3p1p2/PPrP4/3Q1N2/5PPP/1R2R1K1 b - - 3 22,c4b4 b1b4 d6b4 e1e6,1714,advantage middlegame short,23
x0ov4,r2q1r2/1pp1k3/3p1pQ1/1N1Pp3/4P3/8/PPP2PP1/R3K3 b Q - 0 23,f8g8 g6h7 e7f8 b5c7 d8c7 h7c7,1714,crushing endgame long,20
4Jhgo,6k1/q5pp/2b2P2/1p6/8/1P4Q1/1P2r1PP/5R1K b - - 0 30,e2g2 f6f7 a7f7 g3b8 f7e8 b8e8 c6e8 h1g2,1715,advancedPawn advantage endgame veryLong,15
7Chd5,2Q4k/2p2qp1/p1n4r/1pP1p2r/1P1pNp2/P2P3P/4PPRK/R7 b - - 1 42,h8h7 e4g5 h5g5 g2g5 f7e6 c8e6,1715,crushing fork long middlegame,24
S7jZy,8/6Q1/8/5pkp/4p3/PpPq3P/1K1p1PP1/8 b - - 1 45,g5h4 g7f6,1715,endgame mate mateIn1 oneMove queenEndgame,14
e6NUe,r7/pb2rp2/1p5k/q1p1PR2/P1Bp4/1P1Pn2R/2P4P/6K1 b - - 4 30,h6g7 f5g5 g7f8 h3h8,1715,mate mateIn2 middlegame short,21
OnG4R,r4k2/3q1pp1/2p5/p1Pp2r1/Pp1Nn2p/1P2PP1P/2Q3P1/R4RK1 b - - 0 22,d7h3 f3e4 h3e3 c2f2,1716,advantage middlegame short,24
syug1,r1bq3r/1p1kbQ2/2pBpn1p/p1P2pp1/2NPp3/P3P3/1P3PPP/R3KB1R b KQ - 6 16,h8h7 c4e5,1716,mate mateIn1 middlegame oneMove,30
v23jT,5rk1/pp4pp/4Rp2/3Q4/8/6P1/q1r2PBP/6K1 b - - 0 22,c2c1 e6e1 a2d5 g2d5 g8h8 e1c1,1716,advantage discoveredAttack discoveredCheck endgame long master,16
ymET8,8/1k6/1ppp4/1P6/PKP5/8/8/8 b - - 1 60,d6d5 b5c6 b7c6 c4d5 c6d5 b4b5 d5d6 b5b6 d6d7 b6b7,1716,attraction crushing defensiveMove endgame pawnEndgame veryLong,8
GKysg,r1bq1rk1/1p1nb2R/1np1p1p1/4NpB1/p1PPNP2/3Q4/P3B1PP/5RK1 b - - 0 21,g8h7 d3h3 h7g8 e5g6,1717,crushing deflection master middlegame short,28
N2yXX,3r2k1/2R3pb/4pb1p/1pP2q2/1P3PP1/3pQB2/8/4B1K1 b - - 0 46,f6d4 e3d4 d8d4 g4f5,1717,advantage middlegame short,19
U2gkq,r3q1k1/2pn2p1/3p3p/2p1p3/2P3N1/P4Ppr/1PP3K1/R2Q1R2 b - - 1 24,e8h5 d1d5 g8f8 d5a8 f8e7 f1h1 h3h1 a1h1,1717,crushing fork middlegame veryLong,22
Nl0ls,3r4/1k5b/7R/1N1P1p2/2P5/3B1p1P/3n1Pr1/7K b - - 0 36,d8e8 b5d6 b7b8 d6e8 d2e4 d3e4 f5e4 h6h7,1718,crushing fork middlegame veryLong,15
OGV2W,6k1/5p2/2p1qB1p/p1b5/8/8/PQ3PPP/6K1 b - - 2 30,e6f5 b2b8 c5f8 f6e7 f5e6 b8f8,1718,advantage endgame long pin,14
rfAcR,8/R6R/p2rp1p1/5bk1/8/5PK1/1P1r3P/8 b - - 4 38,d2b2 f3f4 g5f6 a7f7,1718,endgame epauletteMate mate mateIn2 short,13
35PlY,8/p5k1/bp1p1rp1/2pP2q1/2NpP3/P6Q/1PP5/1K5R b - - 2 28,a6c4 h3h8 g7f7 h1h7,1719,endgame mate mateIn2 short,19
58ts3,6R1/pp5p/1b2pBk1/8/4N3/3p1q2/PP1K1P2/8 b - - 3 32,g6h6 f6g5 h6h5 e4f6 f3f6 g5f6,1719,advantage endgame exposedKing long,15
RUD9u,r3k3/2p2p2/1p5q/p2Ppp2/2Pb4/P2Q2N1/RP4rP/1K5R b q - 3 24,e5e4 d3d4 g2g3 d4e5,1719,advantage middlegame short,21
TL1g4,r4rk1/5ppp/3p3b/3N1Q2/1p2PP2/qPp5/P6P/1B1K2R1 b - - 4 25,a3b2 d5f6 g8h8 f5h7,1719,kingsideAttack mate mateIn2 middlegame pin short,21
wybyl,1rb2rk1/p5pp/2p1pn2/3pq1N1/8/P1P3P1/2Q2P1P/R1B2RK1 b - - 0 18,h7h6 c1f4 e5f5 c2f5,1720,advantage middlegame short,23
Z1ytN,r2qk2r/pQpn2p1/3b3p/3N1b2/3PP3/6P1/PP3PP1/2R1KB1R b Kkq - 0 16,f5e4 d5c7 d6c7 b7e4 d8e7 e4e7 e8e7 c1c7,1721,crushing discoveredAttack exposedKing fork middlegame veryLong,24
gTWdO,5rk1/4p1bp/3p4/5N2/3PK3/2p4P/6R1/8 b - - 1 46,c3c2 g2g7 g8h8 g7g1,1721,crushing defensiveMove endgame master masterVsMaster short,12
YZL3g,4kb1r/N2npp1p/1p1p1np1/1Q1P4/2P1q3/P3P3/1Rb2PPP/5RK1 b k - 5 22,c2d3 b5c6 e4c4 c6a8 d7b8 a8b8,1722,advantage long middlegame,25
nVA7y,8/7p/1P4p1/8/1KR1kp2/8/8/7r b - - 6 52,e4e3 c4c3 e3e4 b6b7 h1b1 c3b3 b1b3 b4b3 f4f3 b7b8q,1722,advancedPawn crushing endgame promotion rookEndgame veryLong,8
ono5q,rn1qk2r/p4p2/1p1p3p/1Bpb2p1/8/P1P1PNP1/2Q2PP1/R3K2R b KQkq - 1 15,d5c6 c2e4 e8f8 b5c6,1722,crushing middlegame pin short,25
SYmZn,6Q1/3bq3/6kp/8/1p2P1p1/1B4P1/5P2/6K1 b - - 7 45,e7g7 b3f7 g6f6 e4e5 f6e5 g8g7,1723,attraction crushing deflection endgame long master,12
crByQ,1r3r2/1p3pk1/4p1pp/p1npq2P/P5Q1/1P3B2/2P2PP1/R3R1K1 b - - 1 26,e5f5 g4d4 f5f6 d4c5,1723,advantage fork middlegame short,23
KDQFh,r1b1r2k/1p2np1B/6pp/p1R5/2PpNq2/P2Q4/1P3PPP/R5K1 b - - 5 24,h8h7 g2g3 f4e4 d3e4,1725,crushing middlegame short,24
vVLmo,2kr1b1r/nppn1pp1/1q6/1N1R4/Q2N4/7p/PPP2PPP/4R1K1 b - - 1 19,a7b5 a4a8 d7b8 d5d8 c8d8 a8b8 d8d7 b8e8,1725,attraction crushing middlegame queensideAttack veryLong,24
8F9iY,4R3/2pR4/pk5p/N5r1/1P6/7P/b1r2P2/5K2 b - - 5 33,g5f5 e8b8 b6a7 b8b7 a7a8 d7d8,1726,endgame long mate mateIn3,14
V3Rlf,r2qnr1k/p1pbb1pp/3n4/4NPpP/3pP3/PQ4N1/1P6/R1B1KB1R b KQ - 0 18,a8b8 e5g6 h7g6 h5g6,1726,discoveredAttack discoveredCheck kingsideAttack mate mateIn2 middlegame sacrifice short,27
90jU9,5rk1/pb4p1/1p2q3/2b2p2/2P2BPQ/1P1rpN1P/1P2R2K/5R2 b - - 1 32,e6e4 f3g5 f5g4 g5e4,1727,advantage middlegame short,22
gxYX4,r2qk2r/5pbp/3p1np1/p3p3/1P2P3/1P2BN1P/1P3PP1/R2Q1RK1 b kq - 0 18,a5b4 a1a8 d8a8 d1d6 f6e4 d6b4,1728,crushing long middlegame pin,25
vBLSq,2r3k1/pp5p/2P3p1/3p1r2/P2bq3/4P1BP/4QP1K/2R2R2 b - - 0 29,b7c6 e2a6 c8f8 e3d4,1728,advantage middlegame short,20
9zeMD,5r2/2p3k1/ppb4p/3qN1p1/3prPQ1/1P6/P1P2RPP/5R1K b - - 2 33,e4f4 f2f4 f8f4 f1f4 d5e5 f4f1,1729,advantage defensiveMove long middlegame pin,22
HWzYI,4r1k1/p1p2p1p/2Q3p1/8/8/1P4P1/3b1PKP/1RB1q3 b - - 3 24,e8e6 c6a8 e6e8 c1d2 e1f2 g2f2,1729,advantage endgame long,17
OxysO,r2q1rk1/1pp2pB1/1pn2n2/8/6bN/3p2P1/PPPQ2BP/R4RK1 b - - 0 15,g8g7 d2g5 g7h7 f1f6 d8d4 g1h1,1729,crushing defensiveMove deflection long middlegame,24
VjW8c,6k1/1pp1qpp1/p3pN1p/1r1rP3/8/P3R1QP/5PP1/6K1 b - - 4 25,g8h8 g3g7 h8g7 e3g3 g7h8 g3g8,1729,arabianMate attraction endgame kingsideAttack long mate mateIn3 sacrifice,20
3qXDr,2q3k1/1p2R1b1/p5N1/3p1bQp/8/1Pr4P/P4PPK/8 b - - 0 33,f5g6 g5g6 c8f8 e7e8,1730,advantage endgame pin short,18
wcr7B,3r3k/p3R2p/2p1Q1p1/5p2/3b4/2N3P1/PqP2PKP/8 b - - 3 27,b2c3 e6f7 d4g7 e7e8 d8e8 f7e8 g7f8 e8f8,1730,endgame mate mateIn4 veryLong,18
JKzX4,5rk1/1b2qppp/p1nr4/1p2p2Q/8/1BPpR3/PP1B1PPP/R5K1 b - - 3 22,d6g6 e3h3 h7h6 h5g6,1731,crushing middlegame pin short,25
JZZq9,4r1k1/2b2p2/Q1R1bqpp/8/P7/3B4/1PP2PPP/6K1 b - - 2 26,e8c8 a6c8 e6c8 c6f6,1731,crushing middlegame short,18
WnzeD,3r1r1k/pp4p1/2pp3p/1P2n3/P3R3/2Q3PP/5qB1/R6K b - - 2 34,e5f3 a1f1 f2g3 f1f3,1731,advantage middlegame short,20
OwRE0,3r1rk1/2p3p1/1pnq1p1p/p1p1p3/2P2P2/2QP2PP/PP2RPB1/3R2K1 b - - 0 20,e5f4 g2d5 g8h8 e2e6 d6e6 d5e6,1732,advantage kingsideAttack long middlegame,26
WPivC,5r1k/pp4p1/2p1Q2p/2bpB3/4p3/7P/P1q2PP1/5R1K b - - 5 30,f8f2 e6h6 h8g8 h6g7,1732,endgame mate mateIn2 pin short,19
Dnare,r5k1/pppq1pb1/2np1n2/5bB1/2BP1P2/P1N3QP/1P4P1/3R2K1 b - - 2 19,f5g6 g5f6 g7f6 g3g6,1733,advantage discoveredAttack kingsideAttack middlegame pin short,24
sH77d,4r1k1/2p2ppp/2p5/q3P3/P4Q2/1bN4P/5PP1/2R3K1 b - - 8 30,a5e5 f4e5 e8e5 c1b1,1733,advantage endgame short,18
ahJ7H,r2q1rk1/pp2ppb1/2p3pn/3pP2p/5BbP/3BP3/PPPQ1P1N/R3K2R b KQ - 5 13,g4f5 f4h6 g7h6 d3f5,1734,advantage master middlegame short,29
IAjPj,r4rk1/pp1b1ppp/4p3/q1npB3/4n3/2PBPN2/PP3PPP/R2Q1RK1 b - - 6 13,d7b5 b2b4 a5a6 d3b5,1735,advantage fork middlegame short,28
UkwRD,r4bkr/p2P2p1/7p/5R2/8/1P5P/6P1/4R1K1 b - - 0 33,a8d8 e1e8 g8h7 e8d8 f8c5 f5c5,1735,advantage endgame long,14
jYJ8V,8/8/p5pp/3k4/3PpPP1/1K2P3/8/8 b - - 0 43,h6h5 f4f5 g6g5 g4h5 g5g4 h5h6 g4g3 h6h7 g3g2 h7h8q,1735,advancedPawn crushing endgame pawnEndgame promotion veryLong,10
o3Kxc,1r2r1k1/2pbnpp1/1b1p1q1p/1p2P3/4P3/1BP2N1P/1PN2PP1/R2QR1K1 b - - 0 17,d6e5 d1d7 e8d8 d7g4,1736,crushing hangingPiece master middlegame short,27
zPAt7,6k1/5p2/p3q3/1p1P4/4nb2/PPP4P/5PP1/3QN1K1 b - - 0 30,e4c3 d5e6 c3d1 e6e7,1736,advancedPawn crushing endgame short,17
3iUHH,8/p1p1rpk1/6p1/3B3p/q1PQ3P/4PP2/P4PK1/8 b - - 10 33,g7g8 d4f6 a4a3 f6g6,1737,advantage endgame pin short,17
jGbFP,8/k2P1R2/7P/4bB2/6P1/1p1r1b2/8/2K5 b - - 5 53,b3b2 c1c2 b2b1q c2b1 d3d1 b1c2,1737,advantage endgame long,11
Xl3tK,1r1qr1k1/2pp1pp1/3N1n1p/p7/P2Q4/2p1B2P/1P3PP1/R3R1K1 b - - 0 22,c3b2 d6e8 b2a1r e8f6,1738,advantage kingsideAttack middlegame short,23
E13AW,r4rk1/pp3p1p/2p1pPpQ/8/2P5/7P/PP2B2q/4K3 b - - 6 29,h2g3 e1f1 g3h3 h6h3,1739,advantage defensiveMove endgame short,19
ozbVK,r1b1r1k1/ppp2pbn/2nq3p/6p1/3P4/2NBBNP1/PPP2Q2/R3K2R b KQ - 1 14,c8g4 d3h7 g8h7 f3g5 h7g8 f2f7,1739,advantage attraction discoveredAttack kingsideAttack long middlegame pin,27
vnnSj,r2q2k1/6np/p2p1ppQ/1ppP4/6PN/3P3P/PP3P2/4R1K1 b - - 0 22,d8a5 e1e7 a5e1 e7e1,1739,crushing endgame short,22
M6Tud,4rbk1/ppq2ppp/2pn4/4N3/1P4b1/P4NP1/1Q3PBP/4R1K1 b - - 0 21,f7f6 e5g4 e8e1 f3e1,1740,crushing hangingPiece middlegame short,23
lwpfK,r1b3k1/p4ppp/2p5/5p2/2B1rR2/8/PP4PP/5RK1 b - - 2 20,c8d7 f4e4 f5e4 f1f7,1740,crushing discoveredAttack endgame short,18
lHMwW,3r2k1/1b3p2/4p1pp/p7/B2q4/1P3P2/P3Q1PP/2R4K b - - 1 30,b7a6 e2a6 d4d1 a6f1,1741,advantage endgame hangingPiece short,18
2jDgk,r1b3k1/pp2r1p1/2p3Qp/3p4/8/1P2q3/PB3RPP/5R1K b - - 3 23,c8d7 f2f7 e3g5 g6g5,1742,advantage middlegame short,20
4aFgm,r3r3/1p1q1p1k/p1p2Pp1/3p2Qp/1P6/P6R/5PPP/5RK1 b - - 0 26,d7f5 h3h5 h7g8 h5h8 g8h8 g5h6 h8g8 h6g7,1742,attraction endgame mate mateIn4 sacrifice veryLong,21
HRdzO,r1b3k1/p1p2pp1/2p3rp/1p6/3PN1P1/2P1qPP1/PP4K1/R2Q1R2 b - - 2 19,c8g4 f1e1 e3e1 d1e1,1742,crushing middlegame short,24
YEXrz,2R4k/3r3p/3P1bp1/1p3p2/1P6/1B3P2/7P/7K b - - 1 39,h8g7 c8c7 g7h6 c7d7,1742,crushing endgame pin short,14
gTJA4,8/8/2pkp1N1/2qp3p/4n1p1/6P1/PQ3PKP/8 b - - 5 33,d5d4 b2b8 d6d7 g6e5 c5e5 b8e5,1742,crushing endgame long,15
N2AQ3,r1b1kb1r/ppp2ppp/2n5/8/Q1Bpq3/5N2/PP1P1PPP/R1BK3R b kq - 5 10,c8g4 h1e1 e4e1 d1e1,1744,advantage opening pin short,27
mN3kv,5q1k/1pRB4/3p1p2/3P2rp/4PQ2/4KP2/r5PP/8 b - - 4 41,g5g2 c7c8 a2a3 e3d4,1744,crushing endgame pin short,17
xdIlR,r3k1nr/p1pq1p1p/1p1p4/3NbRQ1/4P3/2P5/P5PP/1R5K b kq - 2 18,g8e7 f5e5 d6e5 d5f6 e8d8 f6d7,1744,advantage fork long middlegame sacrifice,22
1ARm1,4r3/p1r1kp1p/1p2pnp1/2p5/2P3P1/5P1P/PP1RN3/3R2K1 b - - 4 30,c7d7 g4g5 d7d2 g5f6 e7f6 d1d2,1745,advantage endgame long master sacrifice,21
S5caI,8/2pk4/p7/2p4P/4r3/8/5KP1/7R b - - 0 34,d7e7 h5h6 e4f4 f2g3,1745,advantage defensiveMove endgame master rookEndgame short,9
gcAXb,8/8/3p4/4p3/1pB1P2k/1P2P3/4K3/4n3 b - - 12 55,e1g2 e2f2 h4g5 f2g2,1745,crushing endgame short trappedPiece,10
Etlpf,4r1k1/p4pbp/6p1/2R5/8/1P1rBP2/P4K1P/4R3 b - - 2 27,e8e3 c5c8 g7f8 e1e3 d3e3 f2e3,1746,crushing endgame intermezzo long,16
VO9AI,r4rk1/pp3ppp/2pp1qn1/5P2/8/3BB1Q1/P1P2PPP/1R4K1 b - - 0 17,g6e5 e3g5 f6g5 g3g5,1746,advantage middlegame short trappedPiece,23
ilu9Q,6k1/p6p/1p3b2/2pPp3/2P1P3/6P1/P2B1QK1/3q4 b - - 4 30,g8g7 d2h6 g7g6 f2f5 g6h6 f5f6,1746,crushing deflection endgame long master,16
zrqrL,8/3Q1kpp/1q2p3/3pP3/6PP/3n4/5P2/6K1 b - - 3 39,f7g6 d7e8 g6h6 e8h5,1746,endgame mate mateIn2 short,13
7KvXd,r3r1k1/2q1bppp/4p3/p1p1n3/8/2P1B2P/1P1Q1PP1/RB3NK1 b - - 0 25,e5c4 d2d3 e7f6 d3c4,1747,advantage middlegame short,23
vtOwZ,r2q1rk1/p3bpp1/1p2pn1p/2p1N3/3P4/6B1/PPP2PPP/R2QR1K1 b - - 1 16,d8d4 e5c6 d4d1 c6e7,1747,advantage fork middlegame sacrifice short,26
LJDOE,4k2r/6pp/p3R3/8/1Q1P4/7P/PPr2qP1/7K b k - 0 29,e8f7 b4e7 f7g8 e7d8 f2f8 e6e8 c2c1 h1h2,1748,clearance crushing endgame pin veryLong,15
SAIVm,6k1/p4p1p/6pP/1P1Pp3/3p4/1P6/P7/2K5 b - - 0 34,g8f8 a2a4 f8e7 a4a5,1748,crushing defensiveMove endgame pawnEndgame quietMove short,13
V1N41,3r4/5p1k/8/p4QpP/1p6/4q3/PP6/K5R1 b - - 3 34,h7h6 f5f6 h6h7 f6f7 h7h8 f7f6,1748,crushing endgame fork long,13
gQxbJ,r6r/pk4b1/R1p3b1/1pPp1pp1/3P4/2P2B2/1P1N1PP1/R5K1 b - - 1 30,g5g4 f3d5 c6d5 a6g6,1748,advantage master middlegame short,22
8BGko,r5k1/3qppbp/3p2p1/2RQ4/r7/P3PNP1/R4P1P/6K1 b - - 0 21,a4a3 d5a8 a3a8 a2a8 g7f8 c5c8,1749,advantage long middlegame xRayAttack,20
OZrEZ,2rr2k1/pp3p1p/4p1p1/q3P3/3n1P2/2B5/PPP3QP/2KR2R1 b - - 0 21,a5a2 d1d4 d8d4 c3d4,1749,advantage middlegame short,22
qPGse,r1b2rk1/pp1p2p1/2p2p2/8/8/2Q1Bq2/PP3P1P/2KR2R1 b - - 1 19,d7d5 g1g7 g8g7 e3h6 g7f7 c3f3,1749,attraction crushing discoveredAttack kingsideAttack long middlegame sacrifice,20
2mpB1,2r5/5kbp/1Q1nqpp1/4p3/8/4B1P1/PP3P1P/3R2K1 b - - 5 31,d6c4 b6b7 f7e8 b7g7,1750,advantage deflection master middlegame short skewer,18
6YA12,5n1k/5pqp/1p2rNp1/p5P1/7Q/P3PR2/b5PK/8 b - - 5 49,h7h5 g5h6 g7f6 f3f6,1750,crushing enPassant master masterVsMaster middlegame short trappedPiece,18
Zc70X,r1b1k2r/1p1p1ppp/p3p3/8/1b1Pq3/1BNnPN1P/P2Q2P1/1R3RK1 b kq - 5 18,b4c3 d2c3 e4e3 g1h2,1750,advantage defensiveMove middlegame short,26
tgGt9,3r1rk1/2q3pp/b1pN4/p2n1N2/3p4/1P3Q2/P4RPP/4R2K b - - 1 26,d8d6 f5h6 g7h6 f3f8,1750,discoveredAttack kingsideAttack mate mateIn2 middlegame short,21
z2Iic,1q1r3k/2r1b1pp/pp1pBp2/4nPPQ/4PR2/7P/Pp5N/3R2K1 b - - 1 26,c7c1 h5h7 h8h7 f4h4,1750,attraction kingsideAttack mate mateIn2 middlegame sacrifice short,24
gsS0x,r4rk1/pq1p1p2/1pnppnp1/7p/3PPP1P/PQ1B2N1/1P4P1/2R2RK1 b - - 0 18,c6d4 b3c3 e6e5 f4e5 d6e5 f1f6,1751,advantage long middlegame,27
wu23z,8/pp6/4p2k/3bPp2/1P3K1P/P7/4B3/8 b - - 7 46,d5e4 e2c4 e4c6 c4e6,1751,bishopEndgame crushing endgame short,12
1eJuj,8/3kBp2/3P1P1p/1p2p1bP/n1p1K3/8/2P1B3/8 b - - 2 44,g5f4 e2g4 d7c6 d6d7 a4c3 e4f3,1752,advancedPawn crushing endgame long master,15
ae6vR,r1b2kr1/2p2q2/p4n1Q/1p1p1p2/3P1N2/2P5/PP3PPP/4RRK1 b - - 8 25,f7g7 f4g6 f8f7 e1e7,1752,mate mateIn2 middlegame short,23
14Jg1,2k4r/pp1n4/2q5/3P4/8/1P1Q3b/P6p/R3R2K b - - 0 27,c6d6 d3c3 d7c5 c3h8,1753,crushing fork middlegame short,15
Vs59y,1r5k/p4rp1/2B1b3/7K/7Q/5N2/P3q1P1/8 b - - 5 32,f7f5 h5g6 f5h5 h4h5 h8g8 h5h7 g8f8 h7g7,1753,discoveredAttack discoveredCheck mate mateIn4 middlegame veryLong,13
oDeFS,3k4/8/p1K5/8/1P6/8/8/8 b - - 6 62,d8c8 c6b6 a6a5 b6a5 c8b7 a5b5,1753,crushing defensiveMove endgame long pawnEndgame zugzwang,4
yDI3H,4rbk1/pp5p/2p3pq/5n2/2P1PPQ1/1P5P/P5BK/4R3 b - - 0 24,h6f4 g4f4 f8d6 e4e5,1753,crushing hangingPiece middlegame short,20
ilnFM,r5k1/2p1Np2/pb1p2bp/1p4p1/3q4/1B3RPP/PP1Q2PK/8 b - - 2 23,g8g7 f3f7 g6f7 e7f5 g7f6 f5d4,1754,advantage fork long middlegame sacrifice,22
5ZGZ8,2kr1r2/1pp3B1/p1q1b2p/3p2p1/3Qn3/P1P5/2P1BPPP/1R3RK1 b - - 6 19,e4c3 d4c3 c6c3 g7c3,1755,advantage middlegame short,24
BMzld,r3r1k1/pp3p1n/2p1q1p1/3p3N/3P1Q2/6R1/PPb2PPP/5RK1 b - - 8 22,e6f5 f4h6 f5h5 h6h5,1755,advantage middlegame pin short,23
aGr8T,r5rk/6pp/p4p2/8/2pP4/2P1P2Q/P4q1P/2KR2R1 b - - 3 24,a8b8 g1g2 b8b2 g2f2,1755,crushing endgame short trappedPiece,18
eYrrB,5rk1/pp3p1R/4pPp1/3nP1P1/1b1PQ3/2r1B3/1qB4P/2R3K1 b - - 0 25,c3e3 h7g7 g8h8 e4h4,1755,kingsideAttack mate mateIn2 middlegame short,22
w8KMy,1r3rk1/1b2q1pp/4pn2/1BN1bp2/1Q6/4B3/P4PPP/1R1R2K1 b - - 0 24,b7e4 c5e4 e7b4 e4f6 e5f6 b1b4,1755,crushing intermezzo long middlegame sacrifice,22
2nbkI,3r4/p4pk1/4p2p/1p2N1p1/5n2/1P3PKP/P4P2/2R5 b - - 0 30,f4d3 c1d1 d8d5 e5d3,1756,advantage endgame short,17
KZ0oI,rnbqr3/ppp1pkbp/3p1np1/8/3PPP2/2N2N2/PPP3PP/R1BQK2R b KQ - 0 7,b8d7 f3g5 f7g8 g5e6 d7c5 e6d8,1757,crushing long opening trappedPiece,30
ME1qB,4r1k1/pp2qRn1/8/3BPp2/8/8/PP2Q2K/8 b - - 0 34,e7e5 e2e5 e8e5 f7f5,1757,advantage discoveredAttack discoveredCheck endgame short,14
PQE3h,3r1rk1/pp3ppp/2nq1b2/3p4/3P4/2N1BQ2/PP3PPP/3RR1K1 b - - 5 16,d8d7 e3f4 d6b4 c3d5 d7d5 f3d5,1757,crushing long master masterVsMaster middlegame,24
iGq79,8/5pp1/2p4p/1pKpP3/4kP1P/4P1P1/8/8 b - - 2 39,e4e3 f4f5 d5d4 e5e6 d4d3 e6e7,1757,advancedPawn crushing endgame long pawnEndgame quietMove,13
iQFyn,8/1pK5/2p5/n1k5/8/8/NP6/8 b - - 5 41,b7b5 b2b4 c5c4 b4a5 b5b4 a2b4,1757,crushing endgame fork knightEndgame long,7
QgJIY,r2q2k1/5pp1/r3p2p/p1RpPn1P/Qp1P4/6P1/4NP2/2R3K1 b - - 6 33,d8g5 c5c8 g8h7 a4e8 g5c1 e2c1 a8c8 e8c8,1758,advantage middlegame veryLong,22
X7ky7,8/R7/8/2P3kp/5r2/4K3/8/8 b - - 2 48,h5h4 a7g7 g5f6 e3f4 f6g7 c5c6,1758,crushing deflection endgame long rookEndgame,6
pwJOl,3k3r/1Bp3p1/p2qnp2/5Q2/1P1B4/P3P1P1/3r1P2/2R2K2 b - - 4 28,e6d4 f5c8 d8e7 c1c7 d6c7 c8c7,1758,crushing deflection long middlegame,19
5eTJf,r4rk1/p1qnpp1p/1p1p1bp1/2pb2B1/7R/3P1N1P/2PQBPP1/4R1K1 b - - 3 17,g8g7 g5f6 d7f6 d2h6 g7h8 f3g5,1760,clearance crushing long middlegame,27
TndwK,r1b2r1k/p1q5/4p1Q1/1ppnP3/7P/8/PPP3P1/1K1R1R2 b - - 2 24,f8f1 d1f1 c8a6 f1f7 c7f7 g6f7,1761,crushing long middlegame,20
xfMRe,8/pp2P1k1/2p2pp1/7p/6qP/4R3/P5PK/8 b - - 25 53,g4h4 h2g1 h4d4 e7e8q,1761,advancedPawn advantage endgame master promotion queenRookEndgame short,14
R1rgp,r3k2r/pp1n1p2/2p1p1pn/2bpP1Np/3q1P1P/P1NP4/1P2Q1P1/R1B1K2R b KQkq - 0 13,a7a5 g5f3 d4f2 e2f2 c5f2 e1f2,1762,advantage long middlegame,29
Ipu7u,r1b1k1nr/ppp2ppp/2n1p3/8/2N3Q1/2PBB3/P1P4q/R3K1R1 b Qkq - 1 14,g8f6 g4g7 h8g8 g7g8 f6g8 g1g8,1763,advantage fork long middlegame,24
dnYZC,3r3k/p1q3p1/1pb2p2/2pn1B2/2N2b2/2P4P/PP2QPP1/2B1R2K b - - 2 24,f4c1 e2h5 c1h6 h5g6,1763,crushing middlegame short,23
O6MZM,6k1/q3p1n1/3pP1Q1/1p3p1p/1P6/6PB/r1p2P1P/5RK1 b - - 1 35,c2c1q g6f7 g8h8 f7f8 h8h7 h3f5 g7f5 f8f5,1764,advantage exposedKing middlegame veryLong,19
PcwMO,1n2kr2/1R6/2p1p3/P3N3/3Pn3/5p2/P1K5/8 b - - 3 40,f3f2 b7b8 e8e7 e5g6 e7f7 b8f8,1764,crushing endgame exposedKing fork hangingPiece long,13
VVwde,r1bq1rk1/pp2ppb1/3p2p1/4N3/2B2Bn1/2N5/PPQ2PP1/R3K2R b KQ - 0 13,d6e5 c2g6 c8f5 g6f5,1764,crushing middlegame pin short,25
z8mGq,6k1/3prp1p/bpp3p1/2r1Pp2/3R4/P1P2N2/1P3PPP/4R1K1 b - - 2 22,a6c4 b2b4 c5d5 d4c4,1764,crushing endgame short,22
zYpPE,8/1r2b3/2Rp4/1P1Pp1k1/P3P3/3K4/8/8 b - - 4 52,g5f4 b5b6 e7d8 a4a5,1764,crushing defensiveMove endgame short,11
12qoO,2kr3r/Qppq1p2/6pp/3N4/4Pbn1/3P2P1/PPP4P/R4RK1 b - - 0 20,f4e3 d5e3 d7d4 a7d4,1765,advantage middlegame short,23
OMIiW,3r1rk1/5pp1/pq3b1p/1p1Np3/2pP4/P3PQP1/1P3PKP/R4R2 b - - 1 18,b6c6 d5e7 f6e7 f3c6,1765,advantage discoveredAttack middlegame short,24
qx64Z,2kr4/p2r1ppp/b1p1p3/b1N5/3P4/P7/1P3PPP/R1BR2K1 b - - 4 17,d7d4 d1d4 d8d4 c1e3,1765,advantage master middlegame short,22
iFeG8,r2q1r1k/2p1pp1p/p4bpN/1p6/2nP4/5Q2/PPP3PP/2BR1RK1 b - - 4 23,d8d6 h6f7 f8f7 f3a8,1766,advantage deflection kingsideAttack middlegame short,25
yyN94,r1b2rk1/2q2ppp/p1p1p3/3p2B1/1bB1N3/4Q3/PPP2PPP/R4RK1 b - - 0 13,d5c4 e4f6 g7f6 g5f6 b4d2 e3d2,1766,crushing long middlegame sacrifice,26
58Czw,3r4/p1p2pp1/1k2p2p/N3P3/1P3r1b/5P2/P3B1KP/2R5 b - - 0 26,f4b4 c1c6 b6a5 c6a6,1768,endgame mate mateIn2 operaMate sacrifice short,19
TDgUM,r1q2rk1/p1p1bppp/2p1pn2/3pNb2/3P1B2/1QP1P3/PP1N1PPP/R3K2R b KQ - 1 10,a8b8 e5c6 b8b3 c6e7 g8h8 e7c8,1768,advantage fork long middlegame sacrifice,30
p2bmj,6k1/2p2p2/1p1p1n2/6q1/2p5/5Q2/rPP2BP1/5RK1 b - - 3 27,a2b2 f2d4 b2c2 d4f6 g5g2 f3g2 c2g2 g1g2,1768,crushing endgame master veryLong,16
WP7P0,r4rk1/p2n2q1/1ppQ4/8/3P4/2B4P/PPN2P2/R6K b - - 0 23,g7f6 a1g1 g8h7 d6d7 f8f7 d7g4,1770,advantage defensiveMove exposedKing long middlegame,18
j44Lc,r5k1/ppp3pp/1b1p1p2/5q2/3P4/1P5P/1B2RPPK/4Q3 b - - 1 24,f5f4 g2g3 f4f5 e2e8 g8f7 e8a8,1770,crushing defensiveMove endgame long,20
2XSAK,rn2k2r/ppp2pp1/3bp2p/7q/2P5/3P1NPb/PP2BP1P/R1BQR1K1 b kq - 2 11,e8g8 f3g5 h5g5 c1g5,1771,advantage opening short,28
TrZcU,4R3/kp3pp1/p6p/Prq5/5Q2/7P/5PP1/6K1 b - - 1 41,b5b1 g1h2 c5a5 f4b8,1771,crushing defensiveMove endgame short,15
fYtPR,8/3b4/PR6/2K2k2/r6P/6P1/8/8 b - - 0 49,f5g4 b6b4 a4b4 c5b4,1771,crushing endgame short,8
NiLGJ,1R6/5p2/4q1k1/8/4NPP1/5P1K/r6P/8 b - - 0 46,e6c4 b8g8 g6h7 e4f6 h7h6 g4g5,1772,endgame exposedKing long mate mateIn3,11
4TzN0,4r3/pp2rk1R/6p1/8/6N1/3B1p2/PPP5/1K6 b - - 2 29,f7g8 g4f6 g8f8 h7h8 f8g7 h8e8 g7f6 e8e7,1773,crushing deflection endgame exposedKing fork skewer veryLong,14
QRVn5,r1b1k2r/pp1p1ppp/2n1pn2/q7/1b1PP3/1QNB1N2/P2B1PPP/R3K2R b KQkq - 6 9,a5a3 b3a3 b4a3 c3b5,1773,advantage middlegame short,29
WOaie,6r1/4kp2/p2Np3/2P1P3/1PK3pp/p7/P4RPb/8 b - - 3 34,g8g7 c5c6 h2e5 c6c7,1773,advancedPawn advantage endgame master short,17
an7iw,2r2rk1/pp3pp1/2n4p/3NP1q1/2nPN3/1R1Q2P1/P5KP/2R5 b - - 2 25,g5c1 e4f6 g7f6 d5f6 g8g7 d3h7,1773,kingsideAttack long mate mateIn3 middlegame sacrifice,22
bgymk,2r5/5p1p/1p2pkpB/8/Q7/8/PPP1K2P/q7 b - - 14 39,a1b2 a4h4 f6e5 h6g7 e5d6 g7b2,1773,crushing endgame long skewer,15
quoQd,r2q1rk1/pb1n1pbp/1p1Npnp1/3pN3/8/1P4P1/PBQPPPBP/R3K2R b KQ - 5 12,b7a6 e5c6 d7c5 c6d8,1773,crushing middlegame short,30
7AE3W,3q2k1/2pr2r1/1p1p3p/1P1PpQ2/R4p2/5P2/P5PP/2R4K b - - 6 35,d8g5 a4a8 d7d8 f5g5,1774,crushing endgame master masterVsMaster short,20
wu9j7,r4rk1/p4ppp/1pn2q2/3Q2B1/8/2P3Pb/P1P1NP2/1R1R2K1 b - - 1 22,f6g6 e2f4 h3e6 f4g6 e6d5 g6f8,1774,advantage fork long middlegame,22
Vrw2p,r1b2rk1/ppp1bppp/4pn2/6B1/3q3P/2NB4/PPP3P1/R2Q1R1K b - - 1 11,d4g4 d1g4 f6g4 g5e7,1775,advantage opening short,26
8AB8g,4r2k/3R3p/7B/3b1PK1/8/8/8/8 b - - 8 55,e8g8 g5f6 d5e4 h6g7 g8g7 d7g7,1776,crushing defensiveMove endgame long,8
mss6u,5k2/R3R1p1/4p2p/3p1pnK/3P1N2/6P1/r5P1/2r5 b - - 1 45,a2a7 f4g6 f8g8 e7e8 g8f7 e8f8,1776,endgame long mate mateIn3,16
8Kv5N,8/4k3/p1b1Pp2/1pp2P2/5K2/1P6/P3B3/8 b - - 0 36,c6d5 e2f3 d5e6 f5e6,1777,bishopEndgame crushing endgame master short,12
CrGbh,r5k1/1bR2qpp/pp6/5p2/1P1p4/P2P2Q1/5PPP/6K1 b - - 1 28,f7c7 g3c7 a8c8 c7f4,1777,crushing endgame hangingPiece short,19
Idiv3,4r1k1/4q1np/1p4p1/p2p1p2/3PnQ1P/2PB2N1/1P2R1K1/8 b - - 4 40,e7d6 e2e4 d6f4 e4f4,1777,advantage master middlegame short,20
nW6B0,6r1/5k2/2b5/6Rp/3B1K1P/5P2/p5P1/8 b - - 5 50,g8g5 f4g5 f7e6 g5h5,1777,crushing endgame master short,11
r5mXH,8/p7/2p2pp1/5P2/2pk2Pp/P4P1P/1P1K4/8 b - - 0 42,g6g5 f3f4 g5f4 g4g5 f6g5 f5f6,1777,crushing endgame long pawnEndgame sacrifice,14
bLeF7,8/2p5/Rp1k4/1P1Pnbp1/2PKp3/8/8/8 b - - 5 46,g5g4 c4c5 d6e7 d4e5,1778,crushing deflection endgame short,12
sjqyj,2rqk2r/3b1pb1/6pp/1NBQ3n/4P2P/6P1/PPP5/2KR1Bn1 b k - 2 21,c8c5 b5d6 e8e7 d5f7,1778,mate mateIn2 middlegame short,23
ssXEm,k5q1/r4r2/1Q1Bp3/1P1pP3/4bPp1/4P3/3K3p/R5R1 b - - 0 43,h2g1q b6c6 f7b7 a1a7 a8a7 c6a6,1778,attraction exposedKing long master mate mateIn3 middlegame pin,18
C5BQL,4r3/4Rq1k/p1pQ2rP/Pp3p2/3p4/3P4/1PP5/1K2R3 b - - 4 41,g6d6 e7f7 h7g6 e1e8 g6f7 h6h7 f7e8 h7h8q,1779,advancedPawn crushing discoveredAttack endgame hangingPiece promotion veryLong,18
Co1sx,3r1rk1/ppb2ppp/2p5/7q/3P4/1P3N1P/P1Q2PP1/3RR1K1 b - - 3 22,c7a5 e1e5 h5g6 c2g6 h7g6 e5a5,1779,advantage long middlegame,22
GbFf8,5rk1/5ppp/pBq5/p3p3/P3r2b/1P3Q2/2P3PP/1R3R1K b - - 2 25,c6c2 b1c1 c2c1 f1c1,1779,advantage middlegame short,21
fieJv,8/7R/1p1r1k1p/6p1/2B2pK1/1P6/8/8 b - - 6 36,b6b5 h7h6 f6e5 h6d6 e5d6 c4b5,1779,crushing endgame long,10
p0ouY,2r3k1/1pq3pp/4rp2/p2p4/P1PPb1P1/1B2Q3/1P5P/2R2RK1 b - - 0 22,e6c6 c4d5 c6c1 d5d6 g8h8 d6c7,1779,advancedPawn crushing discoveredAttack discoveredCheck long middlegame sacrifice,22
UAQNO,5r2/pp2R1kp/6p1/6p1/5q2/1Q3P2/PP1r2PP/3N2K1 b - - 1 27,f8f7 e7f7 f4f7 b3c3 f7f6 c3d2,1780,crushing endgame fork long,18
VLRhc,2rr2k1/2q1bppp/p1npbn2/3Np1B1/1p2P2P/1N3P2/PPPQB1P1/3R1R1K b - - 1 16,f6d5 e4d5 e6d5 d2d5 e7g5 h4g5,1780,advantage fork long middlegame,30
5U7TE,5k2/6p1/4p3/2pp4/8/4P1qP/r5P1/1R3Q1K b - - 1 34,f8e7 b1b7 e7d6 f1f8 d6e5 f8b8,1781,crushing endgame long,13
LaPPB,4r1k1/pp3ppp/2pb2n1/8/3P1PP1/2N1p2P/PPQ5/qBN1K3 b - - 3 25,d6f4 c1b3 a1b1 c2b1,1781,advantage middlegame short trappedPiece,23
Q0JaL,5r2/3k1p1p/1p1qPQ2/p2p4/1r1n4/7P/4B1P1/2R2RK1 b - - 0 28,f7e6 f6g7 d6e7 c1c7 d7c7 g7e7,1781,attraction crushing deflection long middlegame,18
gqkW4,r2qk2r/p3ppbp/1p1p2p1/3Q4/P3P3/5B2/1PP2PPP/R4RK1 b kq - 0 13,g7b2 d5b5 d8d7 b5b2,1781,crushing fork middlegame short,24
hd07q,r2r2k1/1p3ppp/pNp5/4q3/1PQ1n3/4P3/P4PPP/3R1RK1 b - - 3 18,a8b8 b6d7 e5e7 d7b8,1781,advantage fork master middlegame short,22
P7lIx,4k3/ppp2p1p/8/1b2B3/8/8/PPP3rP/2KR4 b - - 1 18,c7c6 e5f6 g2g1 d1g1,1782,crushing endgame quietMove short,15
cOYYg,4r1k1/p1n1b1p1/2n1Pr1p/1p1q4/2pp2QP/P4NN1/1P3PP1/2BRR1K1 b - - 3 27,d4d3 g3h5 d5h5 g4h5,1782,advantage master masterVsMaster middlegame short,26
LvNIm,8/1p2rk2/p1pQ4/7P/4p3/4Pr2/PPP5/6K1 b - - 3 38,f3e3 d6f4 f7g8 f4e3,1783,crushing endgame fork queenRookEndgame short,14
aC6ra,6k1/1p3r2/3b2Rp/8/1qQ2Pp1/3P4/6KP/8 b - - 1 37,g8f8 c4c8 f8e7 g6e6,1783,endgame killBoxMate mate mateIn2 short,13
3Wglk,k6r/p4ppp/B1pr2b1/3n4/8/1R5P/PP3PPK/4R3 b - - 3 28,h8b8 a6b7 b8b7 e1e8 d6d8 e8d8 b7b8 b3b8,1785,mate mateIn4 middlegame queensideAttack sacrifice veryLong,19
Ad7cB,8/2qk4/Q6p/5Pp1/6P1/5K2/8/8 b - - 0 65,c7c6 a6c6 d7c6 f3e4 c6d6 e4d4 h6h5 g4h5,1785,crushing endgame queenEndgame veryLong,8
L3Dwr,5r2/2pk2b1/2p1p2p/3pP2P/2nP3q/PR2Brp1/K1PNQ1R1/8 b - - 8 32,c4e3 d2f3 e3g2 f3h4,1785,advantage middlegame short,23
MHN2M,8/6p1/1p4kp/2p1p3/P5P1/1PP5/4K3/8 b - - 0 42,g6g5 b3b4 c5b4 c3b4,1785,crushing endgame pawnEndgame short,11
MQbND,8/5p1p/5p2/1k1p4/p2PpP1P/P3K1P1/8/8 b - - 0 30,h7h5 g3g4 h5g4 h4h5 g4g3 h5h6 b5c4 h6h7 g3g2 e3f2,1786,advancedPawn crushing endgame pawnEndgame quietMove veryLong,13
YPC08,r4r2/1bk1R3/ppp4p/3nPBp1/8/1P4q1/PB1Q2P1/5RK1 b - - 2 27,d5e7 d2d6,1786,master mate mateIn1 middlegame oneMove,21
zrznE,3r2k1/1p3Np1/p1p1p2p/qn6/4R3/1Q5P/5PP1/6K1 b - - 0 32,g8f7 b3e6 f7f8 e4f4,1786,endgame mate mateIn2 short,17
HKpHY,5r1r/1kq5/p1nbp2p/1p1p2p1/1P1P4/4B1P1/N1R1QP1P/5RK1 b - - 7 23,f8f7 f1c1 h8c8 c2c6 c7c6 c1c6,1787,advantage long middlegame quietMove,23
Iu16n,r5q1/1pp2k2/p2p4/7n/2Q3p1/2P5/1P3PP1/4R1K1 b - - 1 30,f7g6 c4g4 g6h6 e1e6 g8e6 g4e6,1787,crushing endgame exposedKing long,16
UQZYe,4R3/2r3kp/1p1p1rp1/p2P2QP/5p2/1B3P1K/Pq6/8 b - - 1 36,b2f2 h5h6 g7f7 e8f8 f7f8 g5f6 f8g8 f6d8 g8f7 d8c7,1788,attraction crushing deflection endgame fork veryLong,18
qs41v,5r1k/6b1/4Qnp1/8/4P3/2B1KP2/p1q5/7R b - - 1 34,f6h5 h1h5 g6h5 e6h6 h8g8 h6g7,1788,exposedKing long mate mateIn3 middlegame pin sacrifice,13
9i90X,2r1k2r/p3pp1p/2B3p1/5b2/8/3RB3/PbP1KPPP/3R4 b k - 0 17,e8f8 e3h6 b2g7 d3d8 c8d8 d1d8,1789,long master mate mateIn3 middlegame,20
Qz77I,1r5r/2Rbk1bp/p2Np1p1/3pP3/3N4/1P6/P5PP/5RK1 b - - 0 23,g7e5 f1f7 e7d6 f7d7,1789,blindSwineMate mate mateIn2 middlegame short,20
tzALc,rnb1k2r/1p3ppp/p7/3p4/3Nn3/B1qQ4/P3BPPP/2R2RK1 b kq - 1 13,c3d3 c1c8 e8d7 e2g4 f7f5 g4f5,1789,hangingPiece long mate mateIn3 middlegame,24
fI8CK,r2qk2r/1pp3p1/3pPnnp/p1b1pp2/2P1P3/P1N5/1P2BPPP/R1BQ1RK1 b kq - 0 12,f5e4 e2h5 f6h5 d1h5 e8g8 h5g6,1790,crushing long opening pin,30
l3gn8,r7/8/P7/R3Kp1p/7P/5k2/8/8 b - - 1 39,f3g4 a5a4 f5f4 a4f4 g4g3 f4a4,1790,crushing defensiveMove endgame long rookEndgame,8
quKB1,2r2rk1/1p2n3/6P1/3p1p2/p7/4Q3/PqB2P2/2RK3R b - - 0 24,c8c7 e3e6 g8g7 h1h7,1791,mate mateIn2 middlegame short,17
wkk0C,5r2/pr3kpp/1p2np2/8/5P2/2P1B3/PP5P/3RR2K b - - 0 23,f8d8 f4f5 d8d1 f5e6 f7e6 e1d1,1791,crushing endgame long sacrifice,18
E2uuP,rn1q1rk1/ppp3pp/3b1p2/4N3/2QPpP2/5R2/PPP3PP/R1B3K1 b - - 1 13,g8h8 e5g6 h7g6 f3h3,1792,mate mateIn2 middlegame sacrifice short,26
fW4y4,3r4/pp2Q2p/1n4pk/8/1P2R3/5P1P/P2q2P1/6K1 b - - 0 33,d2c1 g1h2 c1g5 e4h4 g5h4 e7h4,1792,crushing defensiveMove endgame long xRayAttack,16
hR6MJ,r2q1rk1/5p2/pp4p1/2p4R/P3N1Qb/1P1P4/1P1B2PP/6K1 b - - 0 23,h4f6 e4f6 d8f6 d2c3 f6c3 b2c3,1792,crushing long middlegame pin,21
HHq2j,4R3/1b4rk/pp1q2pb/2p5/3p1PRQ/P2P3P/1P5K/8 b - - 15 33,d6c6 h4h6 h7h6 g4h4,1793,attraction mate mateIn2 middlegame sacrifice short,19
bhw4n,r4r2/pp1q1p1k/3ppQpp/2p4P/2P1P3/4P3/PPP5/1K4RR b - - 0 21,f8g8 h5g6 g8g6 h1h6 h7h6 g1h1,1793,attraction discoveredAttack endgame long mate mateIn3 sacrifice,23
u1KEJ,4r2r/p1q1bpkp/2b2pp1/1pp5/6N1/5N1P/2PQ1PP1/1R2R1K1 b - - 3 22,c6f3 d2h6 g7g8 g4f6 e7f6 e1e8,1793,deflection long mate mateIn3 middlegame,23
02Nl2,r1br2Bk/1p6/p1p1p2p/4P3/8/2P2q2/PPQ5/1K5R b - - 1 25,d8g8 h1h6 h8g7 c2h7 g7f8 h6f6 f3f6 e5f6,1794,advantage endgame exposedKing fork veryLong,18
Wnino,3q4/1kn5/1pp3r1/4R3/3rN2p/1Q4pP/1P4P1/2R3K1 b - - 1 37,g6g7 e4c5 b7c8 b3b6 d4d1 e5e1 d1e1 c1e1 d8d4 g1h1,1795,crushing defensiveMove deflection middlegame pin veryLong xRayAttack,17
bbePk,r1b1kbnr/pp1p1ppp/2n1p3/1N2q3/8/8/PPPNBPPP/R1BQ1RK1 b kq - 5 8,a7a6 d2c4 e5b5 c4d6 f8d6 e2b5,1795,advantage discoveredAttack fork long opening sacrifice,29
wvqUv,8/6r1/3p4/ppb3Np/6kP/3K2P1/8/5R2 b - - 0 48,g7g5 f1f4 g4g3 h4g5 g3f4 g5g6 f4e5 g6g7,1795,advancedPawn crushing endgame veryLong,12
c7ymI,r1b2rk1/p4pb1/2n3pB/1p1N1pN1/2P1P2Q/P7/Bq4PP/n4RK1 b - - 0 19,c8e6 h6g7 b2g7 d5f6 g7f6 h4h7,1796,kingsideAttack long mate mateIn3 middlegame sacrifice,25
IuhC0,2kr3r/pbpn1pQp/1p2p1p1/1B2P1N1/3P4/2P5/q1PK2PP/3R3R b - - 1 17,f7f5 b5d7 d8d7 g7h8,1797,crushing middlegame queensideAttack short,25
b0fhX,2r2k2/pp1r1pp1/2nPb2p/8/3N4/6P1/PP1R1PBP/R5K1 b - - 4 24,d7d6 d4e6 d6e6 g2h3 c8c7 h3e6,1797,attraction crushing long master middlegame,21
BHl0K,rnb2rk1/pppp1p2/5Q1p/6p1/4q3/6B1/PP2NPPP/R3K2R b KQ - 2 13,e4g2 g3e5 g2h1 e1d2,1798,crushing middlegame sacrifice short,24
OiEmv,r1bq1rk1/ppp5/1bnp4/3N2BQ/3Pp3/8/PP3PPP/R3K2R b KQ - 0 15,d8e8 d5f6 f8f6 h5e8,1798,crushing deflection fork middlegame short,24
QyDG6,2r5/1k5p/6pP/QNq1n3/2p5/1P6/8/1K1R4 b - - 1 36,c8a8 b5d6 c5d6 a5a8 b7a8 d1d6,1798,advantage endgame exposedKing long master masterVsMaster,13
C5l2H,2rr4/4NpkR/p1pp4/1p2b1P1/4P3/3Q4/qPP2P2/2KR4 b - - 0 23,g7h7 d3h3 h7g7 h3h6,1799,mate mateIn2 middlegame short,20
XJJOq,3r1rk1/pp1n1ppp/3P1b2/1Bp1p3/4N3/6P1/PP5P/R4RK1 b - - 2 23,a7a6 b5d7 d8d7 f1f6,1799,crushing middlegame short,22
YD4tj,8/1p2p1b1/3pP3/p2P1p1B/1kP2P2/3K4/P7/8 b - - 1 42,b4a3 c4c5 d6c5 d5d6,1799,bishopEndgame crushing endgame master short,14
4eFR1,5rk1/R5p1/4npNp/8/5PP1/4PK2/8/8 b - - 1 54,f8f7 a7a8 f7f8 g6f8,1800,crushing endgame short,12
5u7Xx,rnbqr1k1/1p3ppp/8/p1b5/2BNpQ2/8/PP1P1PPP/R1B1R1K1 b - - 9 14,c5d4 c4f7 g8h8 f7e8,1800,crushing fork opening short,26
JqKWo,r2r1k2/Q4ppp/4P3/8/2q5/2P5/P4PK1/3RR3 b - - 0 31,a8a7 e6e7 a7e7 d1d8 e7e8 e1e8,1800,advancedPawn endgame fork long mate mateIn3 queenRookEndgame,15
iqZ1L,8/1pp4p/p1p3k1/2b5/2P2K2/1P2r3/PB5P/5R2 b - - 5 33,e3h3 f4g4 h3h2 f1f6 g6g7 f6f2,1800,clearance crushing discoveredAttack discoveredCheck endgame exposedKing long,15
zfrja,r4r2/pR4pk/4Q1n1/3pB1P1/2q1n2p/2P5/5PP1/5RK1 b - - 2 27,g6e5 e6h6 h7g8 h6g7,1800,mate mateIn2 middlegame pin short,19
5cFZQ,6Q1/1b1kqp2/p2pp3/1p5p/8/P1P2P2/2P5/1K1R4 b - - 0 27,b7f3 d1f1 e7f6 g8g3,1801,advantage endgame short,16
upyRD,2rq1rk1/1b2b1p1/p3p2p/1p1pPp2/3P2P1/P2Q3P/BP3P1N/R3R1K1 b - - 0 25,f5g4 a2b1 f8f5 h3g4,1801,crushing intermezzo middlegame short,26
1EEO2,8/8/4p1pk/4P1Rp/7P/6P1/6K1/5r2 b - - 9 63,f1f5 g5f5 e6f5 g2f3 h6g7 f3f4,1802,crushing endgame long rookEndgame,10
Afrzh,r1b1qr2/p2n3Q/2pbkpp1/3p1B2/1p1P2P1/2N1P3/PPP1NP2/2KR3R b - - 0 16,g6f5 g4f5,1802,master mate mateIn1 middlegame oneMove,27
FiScF,8/5p2/7p/6P1/3k3P/pK6/8/8 b - - 0 43,d4e5 g5h6 e5f6 h4h5 f6g5 h6h7,1802,advancedPawn crushing endgame long pawnEndgame quietMove,7
jzsu7,r2q1rk1/1p1bb1p1/p1n1p3/3pP1N1/3p1P1Q/P2B4/1PP4P/R1B2K2 b - - 2 19,e7g5 h4h7 g8f7 d3g6 f7e7 h7g7 f8f7 g7f7,1802,deflection kingsideAttack mate mateIn4 middlegame veryLong,25
lVJxh,1r4k1/2R2pb1/4p1pp/3pP3/Q4P2/4qN1P/6PK/8 b - - 11 32,b8b2 a4e8 g8h7 e8f7 e3f4 f7f4,1802,crushing deflection endgame long,17
vJmKp,rnbq3r/ppp1k3/5bQ1/3p4/3Pp2P/2N5/PPP2PP1/R3KB1R b KQ - 0 13,d8g8 g6g8 h8g8 c3d5,1802,advantage capturingDefender middlegame short,25
X4Xhe,8/4k1p1/4P2p/p2K4/8/P7/6P1/8 b - - 6 44,g7g5 g2g4 h6h5 g4h5 g5g4 h5h6 g4g3 h6h7 g3g2 h7h8q,1803,advancedPawn crushing endgame pawnEndgame promotion quietMove veryLong,8
ZAHRY,r5r1/pp4Q1/2p5/3PR2p/5k1P/8/PqP1NP2/6K1 b - - 4 26,f4f3 e5e3,1803,endgame mate mateIn1 oneMove,17
KlYQw,8/3P2b1/4Q2k/6p1/8/6qp/8/7K b - - 1 56,h6h5 e6e2 g3g4 e2g4 h5g4 d7d8q,1804,advancedPawn crushing endgame long promotion,8
BHdDo,8/8/1p1p2pp/p1p5/P1P1pPkP/1P4P1/5K2/8 b - - 3 42,e4e3 f2e3 h6h5 e3f2,1805,crushing defensiveMove endgame pawnEndgame short,15
H56vx,6k1/6pp/p3p3/4P3/1B6/8/Pn4rP/4R2K b - - 0 29,b2d3 h1g2 d3e1 b4e1,1805,advantage endgame short,13
LoJSj,8/6k1/3np1PP/3p2K1/5P2/8/2P5/8 b - - 0 55,g7g8 g5f6 d6f5 h6h7 g8h8 f6e6,1805,advancedPawn crushing endgame exposedKing knightEndgame long,9
VArht,8/8/1k2p3/1P2Pppp/P2Kp1P1/4P2P/8/8 b - - 0 33,h5g4 h3g4 f5g4 d4e4 b6a5 e4d3 g4g3 d3e2 g3g2 e2f2 g2g1b f2g1,1805,crushing endgame pawnEndgame veryLong,13
54feA,5r2/7k/p6p/P3p3/4R3/6q1/1Q4P1/6K1 b - - 0 42,f8f2 b2f2 g3f2 g1f2,1806,endgame,11
5GNAO,2b5/1p3pkp/3Npnp1/r1q5/P7/1B3Q2/2P2PPP/3R2K1 b - - 10 28,a5a6 f3f6 g7f6 d6e4 f6e7 e4c5,1806,attraction crushing fork long middlegame sacrifice,20
7Hmhp,6n1/Rb3r1k/3p2pp/1ppP4/2P1Q3/1q2P3/5PPP/5RK1 b - - 0 29,b5c4 f1b1 b7d5 a7f7 d5f7 b1b3,1806,advantage long middlegame,20
kag8y,r1bq1rk1/2p1ppbp/p1np1np1/1p2P3/3P4/2N1BN1P/PPPQ1PP1/3RKB1R b K - 0 9,b5b4 e5f6 b4c3 d2c3 e7f6 c3c6,1806,crushing long opening,32
xl44z,3r2k1/1p2bQp1/p3p2p/4N3/4qn2/7P/BPP2PP1/5R1K b - - 0 27,g8h8 f7f4 e4f4 e5g6 h8h7 g6f4,1806,advantage attraction fork long middlegame sacrifice,20
jUGVq,5rk1/1b3ppp/p3p3/4P3/1QN2P1P/3B4/1PP2nq1/1KR5 b - - 1 27,h7h5 d3h7 g8h7 b4f8,1807,crushing deflection kingsideAttack master middlegame short,20
5SEnq,4q1k1/1p3p2/p5p1/2bpBNQp/2r5/5P2/2n3PP/2R4K b - - 3 31,c5f8 g5f6 e8e5 f6e5,1808,advantage middlegame short,19
7ledh,7r/pppQ4/5p2/2P5/3P3n/4r1kP/PP2Bb2/5K2 b - - 1 38,h8g8 d7c7 g3h3 f1f2,1809,crushing deflection endgame short,17
JLhoK,2r3k1/1p1bqp2/p5RQ/3pPp2/3P3p/7B/PP5P/2r3RK b - - 0 34,f7g6 h6g6 g8h8 g6h6 e7h7 h6f6 h7g7 f6g7,1809,exposedKing kingsideAttack mate mateIn4 middlegame veryLong,21
3fii0,rn2k1nr/pp3ppp/2pp1q2/2b1P3/2B1P3/5b2/PPP1NPPP/R1BQ1RK1 b kq - 0 8,f3e2 e5f6 e2d1 f6g7,1810,advancedPawn crushing opening short,30
97bwz,2r3k1/pp2pp1p/3p2p1/q2P4/4P2Q/1P3R2/P1r3PP/5RK1 b - - 10 27,a5a2 f3f7 c2g2 g1h1 g2h2 h4h2,1810,advantage endgame long,21
5Q2hv,8/4n2r/p2kp1P1/1p5P/4KP2/1P5R/P7/8 b - - 0 41,e7g6 h3d3 d6e7 h5g6,1811,crushing endgame intermezzo short,13
GTI4w,2b3k1/6pp/4pr2/p2RQ3/4B3/7P/P4PPK/2q5 b - - 2 32,e6d5 e5e8 f6f8 e4d5 c8e6 d5e6 g8h8 e8f8,1811,endgame intermezzo mate mateIn4 pin veryLong,16
ZguSF,r4r2/pb3pkp/1p1ppqp1/8/2P1n3/1P1BPN2/P1Q2PPP/1R3RK1 b - - 3 16,e4c3 b1c1 c3a2 c2a2 b7f3 g2f3,1811,advantage long middlegame quietMove,26
dX0NI,r2qk2r/ppp2ppp/2n5/8/3P4/PQn5/4BPPP/R1B1K2R b KQkq - 1 12,d8d4 c1b2 c3e2 b2d4,1811,advantage middlegame short,23
yDDkR,2k1r3/ppp3p1/3np2p/4N3/3P4/1QP1q2P/P1P3P1/5R1K b - - 0 22,d6e4 b3e6 e8e6 f1f8 e6e8 f8e8,1811,endgame long mate mateIn3 queensideAttack sacrifice,20
6PsRy,r4rk1/p3Bp1p/2p2Pp1/6Q1/3qb2P/3pp3/P1P4K/R4R2 b - - 2 24,d3c2 g5h6 d4d2 h2g3,1812,crushing defensiveMove middlegame short,21
7l2MK,r1k4r/3n1q1p/p1p3p1/1pNp4/8/1PP4Q/P3BPPP/4R1K1 b - - 8 24,h7h5 e2g4 h5g4 h3h8 c8c7 h8a8,1812,crushing exposedKing long middlegame pin skewer,22
ElrNr,7k/pb2q3/1p2BpQ1/4p3/4P3/bP3N2/P4PPK/8 b - - 0 32,e7e6 f3g5 e6d7 g5f7 d7f7 g6f7,1812,crushing endgame exposedKing long,17
hPPSj,2rr2k1/p3bppp/1p2pnq1/4N3/1P6/3R3P/PBPQ1PP1/5RK1 b - - 0 21,d8d3 e5g6 d3d2 g6e7 g8f8 e7c8 d2c2 b2f6,1812,middlegame,24
EDB4a,1r1q1rk1/R4p1p/3ppPp1/1bp1nP2/4P2P/1pPP2N1/1Pn3B1/2BQ1RK1 b - - 2 24,d8f6 c1g5 f6g5 h4g5,1813,crushing master middlegame short,28
O9YVF,r4rk1/4Bppp/2q5/p1b1p3/3pn3/P7/1P2NPPP/2RQ1RK1 b - - 3 20,f8e8 e7c5 e4c5 b2b4 a5b4 a3b4,1813,advantage long middlegame,23
IuKeX,2k5/2p5/2p5/1PPp4/p2P1p1p/P1K2P1P/8/8 b - - 0 46,c6b5 c5c6 c8d8 c3b4,1814,crushing endgame master pawnEndgame short,14
WnhpB,r1b2rk1/p1q3pp/5p2/2ppp1NQ/7P/8/P1P3P1/1R3R1K b - - 1 20,f6g5 f1f8 g8f8 b1f1 f8e7 f1f7 e7d6 f7c7,1814,advantage attraction kingsideAttack middlegame skewer veryLong,21
BVHRy,3b4/1p1P4/pk1r2Rp/5P2/1P2K3/3P3P/8/8 b - - 4 53,b6c6 e4e5 d6g6 f5g6 c6d7 g6g7,1815,advancedPawn crushing endgame long pin,13
RssmM,8/q2b2k1/p2pp1rp/5p1Q/2Pb1PP1/3B4/4RP1P/5K2 b - - 2 34,g6g4 d3f5 g4f4 h5g6 g7f8 g6h6,1816,advantage deflection long middlegame,19
TeOHl,2k5/pp5p/2pp1Pp1/8/3PK1P1/1PPN3r/P7/8 b - - 1 33,g6g5 f6f7 d6d5 e4e5 h3f3 e5e6,1816,advancedPawn crushing endgame long master,16
a1AfY,5k2/r2r1P2/p6N/5R2/8/3n4/Pn5P/1R5K b - - 2 36,d7d6 b1g1 d3f2 f5f2,1816,crushing middlegame quietMove short,13
pVqkO,1k6/2q2p2/4r2p/p1P2pr1/Pp1R4/3P1Q2/2P2PP1/R6K b - - 0 32,c7c5 d4d8 b8c7 f3a8,1816,crushing endgame short,19
UmHOv,5k2/1r3ppp/4p3/1q1p4/4n3/Qp2P3/5PPP/2R2RK1 b - - 7 31,f8e8 c1c8 e8d7 a3f8,1817,crushing endgame short,18
pBbeV,5r1k/p5p1/1b2Q2p/8/2P5/2q2B1P/P5P1/3R3K b - - 0 27,f8f3 e6e8 h8h7 e8e4,1817,advantage endgame short,15
Au27c,6rr/pbqnbk2/4p3/1Pp1PBpp/P1Pp1B2/N6Q/4RPPP/R5K1 b - - 0 23,e6f5 e5e6 f7g6 f4c7,1818,advantage discoveredAttack fork master middlegame short,27
RWI3K,2b1k2r/pp3pp1/2n5/4p1B1/4q3/2P4p/PP3PPN/R2R1BK1 b k - 1 19,h3g2 f1g2 e4g6 g2c6 c8d7 c6d7,1818,advantage long middlegame,22
lUPjF,8/8/8/5n1P/1p3PP1/1k6/3K4/8 b - - 0 53,b3a2 g4f5 b4b3 f5f6 b3b2 f6f7 b2b1q f7f8q,1818,advancedPawn crushing endgame hangingPiece promotion veryLong,7
5Qz7i,3b4/4k3/8/4p1Np/3pP2P/p5P1/P3K3/8 b - - 8 52,e7d6 g5f7 d6e7 f7e5,1819,crushing deflection endgame fork master short,12
87srR,7R/8/8/4pNk1/4K3/8/5r2/8 b - - 2 42,f2f5 h8g8 g5f6 g8f8 f6e6 f8f5,1819,crushing endgame long rookEndgame,6
GT0O3,3K4/2r5/p5k1/1p4pp/5RP1/1B6/P7/8 b - - 0 56,g5f4 g4h5 g6f5 d8c7,1819,crushing endgame short,11
Wfq3D,6k1/pp3Qp1/3qp3/2r1N2K/3p3P/8/5PP1/8 b - - 0 30,g8h8 h5g6 c5c7 f7e8 d6f8 e8f8,1819,endgame long mate mateIn3,14
pTg7v,1r4k1/p5p1/6n1/1p1B2P1/2pq1Bb1/8/PP6/R3bK1Q b - - 2 31,g8f8 f4d6 f8e8 a1e1,1819,advantage fork master middlegame short,18
yMcBm,8/4p1bp/p4pk1/3Q4/3P2P1/4P2P/PPq5/6K1 b - - 0 33,g7h6 d5g8 h6g7 g8e8 g6h6 e8h5,1819,endgame long mate mateIn3,15
32s8H,R7/4r3/P3N1pk/3K1n2/7p/8/8/8 b - - 0 54,h4h3 a8h8 e7h7 h8h7 h6h7 e6g5 h7h6 g5h3,1820,attraction crushing endgame veryLong,9
BJpRS,r1b1kb1r/2q2p2/1npN2pp/4p3/4P1n1/pPN1B3/B1PQ1P1P/2KR2R1 b kq - 1 21,f8d6 e3b6 c7b6 d2d6,1820,crushing master middlegame short,27
idhkC,6Q1/pk6/1qp5/4p3/8/1P6/P4r1P/bN4RK b - - 4 30,b6e3 g1g7 b7b6 g8b8 b6c5 b8a7,1820,crushing deflection endgame long,14
7a60K,6k1/p4pp1/bqp3p1/4P3/8/1P3N2/PbP2RPP/3Q3K b - - 0 23,b6f2 d1d8 g8h7 f3g5 h7h6 g5f7 f2f7 d8h4,1821,clearance endgame mate mateIn4 sacrifice veryLong,19
A24DB,2r3k1/1pP3bp/2n3p1/1P2p3/2R1P3/2N4P/1r3PP1/5RK1 b - - 0 25,c6d4 c3d5 g7f8 d5b6 c8c7 c4c7,1821,crushing long middlegame quietMove,19
TEz2N,rnbq1r1k/ppp1bp1p/3p2P1/2n1p1P1/2B1P3/5Q2/PPPP1P2/RNB1K1NR b KQ - 0 10,f7g6 h1h7 h8h7 f3h1 c8h3 h1h3 h7g7 h3h6,1821,attraction kingsideAttack mate mateIn4 opening sacrifice veryLong,31
kCsWU,rn2r3/pppk1ppp/3b4/8/4N3/3P1Pn1/PPP2QPq/R1BK1BR1 b - - 3 14,f7f5 e4d6 c7d6 c1f4,1821,crushing master middlegame short,26
pbx4k,1r2kn2/p2qbp1p/4p3/4P3/4QP2/3p2r1/P5N1/2RRB1K1 b - - 1 30,g3g8 d1d3 f7f5 e5f6,1821,advantage enPassant master middlegame short,20
Y2ug5,r4rk1/2p1qpp1/Rp1p3p/1P1Pp1bn/4P3/2NQBPP1/7P/R5K1 b - - 0 22,a8a6 b5a6 g5e3 d3e3,1822,advantage middlegame short,25
bdPYF,2k1Rr2/pp5r/2p5/2qp1pQ1/8/2N5/PPK5/4R3 b - - 1 33,f8e8 e1e8 c8c7 g5d8,1822,dovetailMate endgame mate mateIn2 short,16
ubONy,1k6/5p2/1pP4p/2pNQ3/4Pp2/5qbb/6r1/7K b - - 0 38,b8a7 e5c7 a7a6 c7b6,1822,endgame mate mateIn2 short,15
Qdx89,6k1/p4pp1/1p2p2p/3p4/3P4/2RNP1P1/qP1n1PP1/2R3K1 b - - 1 27,d2e4 c3a3 a2a3 b2a3,1823,crushing endgame short trappedPiece,20
GXGr7,r4rk1/pp3p2/5qnQ/4p1n1/3p4/3B1P2/PP1N1P1P/6RK b - - 1 21,g5f3 d3g6 f7g6 g1g6 f6g6 h6g6,1824,crushing fork long middlegame,21
PVV2i,5r1k/1p1R3p/5p2/p1PP2p1/4b3/6P1/5PP1/4N1K1 b - - 0 32,f8a8 f2f3 e4d5 d7d5,1824,advantage endgame master short,16
OFzlq,6rk/2p2R2/p1np2rp/1p2b2q/1P4R1/P4Q1P/2B5/7K b - - 3 30,c6d4 c2g6 h5g6 g4g6,1825,advantage middlegame short trappedPiece,19
9XioL,5r2/1Q3P1p/2n1k3/3q4/8/6P1/8/5RK1 b - - 5 64,d5d7 f1e1 c6e5 e1e5 e6e5 b7d7,1827,crushing deflection endgame exposedKing long,10
CU90I,8/2p1rk2/p4n1p/1PP3p1/P5P1/3R1P1P/5K2/8 b - - 0 38,e7d7 d3d7 f6d7 b5a6 d7c5 a6a7,1827,advancedPawn crushing endgame long,15
TkP28,r1b1k2r/1p2q1pp/p7/3p4/2n2Q2/6P1/PPP3BP/2KR3R b kq - 0 21,e7e3 f4e3 c4e3 h1e1 e8g8 e1e3,1827,advantage long middlegame pin,21
bIOy1,8/4n3/2Pk4/1P2N3/1K6/8/8/8 b - - 0 51,d6e5 b4c5 e7d5 b5b6 e5e6 b6b7,1827,advancedPawn crushing endgame knightEndgame long,6
xQRCd,r4rk1/pp3p1p/2pNpQpP/4P3/6q1/8/PP6/4K3 b - - 0 36,g4b4 e1f1 b4f4 f6f4,1827,crushing defensiveMove endgame short,18
3jER4,1r1q3k/2p3bp/3p2p1/4r3/3N4/4P2P/PPQ3P1/R4RK1 b - - 0 28,e5e3 d4c6 b8b2 c2b2 g7b2 c6d8 b2a1 f1a1,1828,crushing fork middlegame veryLong,19
di9SB,2r5/5p2/3p2p1/3Pk3/4P1P1/2p1K3/8/2R5 b - - 0 43,g6g5 c1f1 c3c2 f1f5,1828,endgame mate mateIn2 rookEndgame short,11
eiNa4,8/p3p1kp/1pp1Q1p1/4pr2/q7/P1P5/1P1R1P1P/2K5 b - - 1 28,f5f7 e6e5 f7f6 e5e7 f6f7 e7e5 g7h6 d2d4,1828,crushing deflection endgame veryLong,18
wVqVp,8/8/3R3p/1p4k1/1r2Nn2/1P3K2/8/8 b - - 6 44,g5h5 f3f4 b4b3 e4g3 b3g3 f4g3,1828,crushing endgame long,9
atw4a,r5k1/3N1pp1/p2p3p/1p6/2q5/2PnP2P/P2Q2P1/5RK1 b - - 5 28,d3e5 d7b6 c4c6 b6a8,1829,advantage endgame fork short,19
N8fWX,2kr3r/1bpp1ppp/ppn1pn2/1q6/1P2PP2/2PP2P1/P5BP/R2QK1NR b KQ - 0 12,d7d5 a2a4 b5b4 c3b4,1830,advantage middlegame short trappedPiece,29
yWTEv,4r2k/pp4np/2p1BQp1/4p3/2P1P3/5P2/3q1PK1/7R b - - 4 32,d2f4 f6g6 f4g5 g6g5,1830,crushing endgame pin short,18
rDC6Z,3r4/1p6/1p2kn2/p7/4PPp1/2P1R1Kp/PP1rR2P/6B1 b - - 1 32,d2e2 e3e2 f6h5 g3g4 d8g8 g4h5,1831,crushing endgame long,19
BCaZb,1r1b4/p3q2k/2pNb2r/2p1Q2P/2P2p2/3P1P2/PP1R4/1K5R b - - 2 34,d8c7 e5e4 h7h8 d6f5 e7h7 f5h6,1832,advantage fork long middlegame,21
KS1cf,2r2rk1/1pqb1pp1/p3p2p/2b5/6n1/1BNQ2B1/PP3PPP/2RR2K1 b - - 6 21,g4f2 g3f2 c5f2 g1f2,1832,advantage middlegame short,25
g28pT,r1b1k2r/p2n1ppp/1q2p3/1B1nP3/3P4/1QB2N2/5PPP/R3K2R b KQkq - 0 14,d5c3 b5d7 e8d7 b3b6 a7b6 a1a8,1832,advantage discoveredAttack long middlegame,24
g5wPb,r2r2k1/p4ppp/2p1p3/4Q3/1qP5/1P4P1/P4PP1/3R1RK1 b - - 0 21,d8d2 a2a3 d2d1 a3b4,1832,crushing endgame master short,20
o9B3Q,5k2/r7/1p1pPR1p/2bB3P/2P5/8/5p2/5K2 b - - 8 37,f8e8 d5c6 e8d8 f6f8 d8e7 f8f7,1832,advantage endgame exposedKing long,13
5psn1,3r4/p4pk1/1p2pNp1/n3Pn1p/2pPQP2/b1q4P/P2R4/4BRK1 b - - 1 34,c3h3 f1f3 h3f3 e4f3,1833,crushing middlegame short trappedPiece,24
fIir8,r2q1r1k/2p1bR1p/p1b1p3/2p5/5n2/PP6/1BPP2PP/RN1Q2K1 b - - 0 17,h8g8 f7g7 g8h8 g7e7 d8d4 b2d4,1833,crushing discoveredAttack discoveredCheck kingsideAttack long opening,24
e58Tp,2r1r1k1/pb3pbR/1p1q2p1/3pp1N1/8/2P4Q/PP3PPP/4R1K1 b - - 3 25,d5d4 h7h8 g7h8 h3h7 g8f8 h7f7,1834,clearance kingsideAttack long mate mateIn3 middlegame sacrifice,23
sJfVo,4r2k/pp3p1r/6p1/3p2Q1/3pqBP1/1PP2R2/P6R/6K1 b - - 0 34,h7h2 g5f6 h8g8 f4h2,1834,advantage endgame intermezzo short,19
AdPMl,8/2pQ2k1/pp1p2p1/3Pp1q1/2n1P3/5P2/PP2NK2/8 b - - 1 38,g7g8 d7c8 g8f7 c8c7,1835,advantage endgame short,17
GsLXc,r3kb1r/1q3ppp/p2ppn2/1N6/4P3/3QB3/1PP1BPPP/R5K1 b kq - 0 17,a6b5 d3b5 f6d7 b5b7 a8a1 e2f1,1835,advantage defensiveMove long middlegame,24
KAX9F,r3qk2/p4pb1/1p2n3/2p2QN1/3p4/1P6/P4PP1/4R1K1 b - - 3 28,e8d7 g5e6 f8g8 e6g7 d7f5 g7f5,1835,advantage long middlegame pin,18
R1aNe,r2r2k1/3nq1pp/5b2/1Q2p3/3N4/P7/1P3PPP/3RR1K1 b - - 7 21,e7c5 b5b3 g8h8 d4e6 c5b6 b3b6 d7b6 e6d8,1835,advantage fork middlegame veryLong,19
SdBNn,2r1b3/p2k1p2/2p4p/2q5/5QN1/P7/6PP/1B5K b - - 1 31,c5d6 b1f5 d7c7 f4d6 c7d6 f5c8,1835,advantage endgame long,15
n0dsT,r4k1r/pp4p1/2p3p1/6qp/3PQ2b/2N5/PP3P2/2R3RK b - - 1 23,a8e8 g1g5 e8e4 c3e4 h4g5 e4g5,1835,advantage long middlegame,20
ghTZx,1k3r2/p5p1/Ppp4q/2b1Q1p1/4P1B1/2P1R2P/1P3r2/R6K b - - 0 29,b8a8 e5c7 f2f7 g4d7 f7d7 c7d7,1836,crushing long middlegame,20
n7L1J,r4rk1/pbq2pp1/1p2pn1p/8/3P1b2/2PB1N1R/P2B1PPP/R2Q2K1 b - - 1 17,f6e4 d2f4 c7f4 h3h4 e4c3 h4f4 c3d1 a1d1,1836,advantage attraction master masterVsMaster middlegame veryLong,26
7eT4T,4r1k1/p1p2q1p/1p1p2r1/2n2p2/2PBbP2/3BR3/P1P2QP1/4R1K1 b - - 1 24,g6g2 f2g2 e4g2 e3e8 f7e8 e1e8,1837,crushing kingsideAttack long middlegame,23
WcSXv,8/Bp4pp/4k1b1/P2pP3/1P2p3/2P3KP/r5P1/8 b - - 0 30,b7b6 a5b6 d5d4 b6b7 a2a7 b7b8q,1837,advancedPawn advantage endgame long promotion,16
rNy1j,r1r3k1/1q2p3/3p2pb/3P1b1P/ppB2P2/1P2B3/PP1Q4/K2R3R b - - 0 26,c8c4 b3c4 a4a3 b2b3,1837,crushing defensiveMove hangingPiece middlegame short,23
9yMa5,2r3k1/p4p1p/2pP1p2/q3r3/8/3Q4/5PPP/2RR2K1 b - - 0 26,e5d5 d3d5 c6d5 c1c8,1838,crushing endgame master short,17
UTvww,8/6k1/2b1K1P1/p4P2/4p3/P3P3/8/8 b - - 2 55,a5a4 f5f6 g7g6 f6f7 c6d5 e6d5,1838,advancedPawn bishopEndgame crushing endgame long,9
lUXz6,rnr5/4k1pp/p3pp2/1p6/6PP/2P5/PBP2P2/3RR1K1 b - - 0 23,b8d7 b2a3 d7c5 d1d5 e7f7 d5c5 c8c5 a3c5,1838,advantage endgame pin veryLong,20
9CsAk,8/5k2/5Q2/5Kpq/8/6P1/8/8 b - - 11 48,f7g8 f6g5 h5g5 f5g5,1839,crushing endgame queenEndgame short,6
jgvhq,8/8/8/1rP1K1k1/5p2/8/8/6R1 b - - 1 54,g5h4 e5f4 b5b4 f4e5,1840,crushing defensiveMove endgame master rookEndgame short,6
AZoWA,r4rk1/pp1b2p1/2p1p2p/5p2/3qNP1Q/2P5/P5PP/4RR1K b - - 0 22,d4a4 e4c5 a4a5 c5d7 a5d8 h4d8,1841,advantage fork long middlegame,22
OvkqV,1r3k2/2p2ppp/r3p3/p1P1qb2/Q3P3/5BP1/P6P/R4RK1 b - - 0 25,b8b4 a4d7 e5c5 g1h1 a6d6 d7c8 f8e7 e4f5,1841,advantage defensiveMove middlegame veryLong,21
5IDQ7,4rrk1/p6p/2p2Pp1/6QP/4N1R1/8/P1P3PK/q7 b - - 2 27,e8e5 g5h6 e5h5 h6h5,1843,crushing endgame pin short,17
8UDS6,r4knr/pppb1p1p/1q6/2N1Q3/8/8/PPP3PP/5R1K b - - 2 18,f7f6 c5d7 f8g7 e5g3,1843,crushing fork hangingPiece middlegame pin short,20
QFedx,r1b5/1pp3kp/3p2p1/p1nPp3/2P1P1P1/2N4P/PP2B1q1/2K1Q2R b - - 1 21,c5e4 h1g1 g2h3 c3e4 h3e3 e4d2,1844,advantage defensiveMove long middlegame,24
bDktB,1r4k1/6p1/2p2q2/6pQ/p1pP4/P1P1P2P/1P6/1B4K1 b - - 0 37,b8b2 h5e8 f6f8 b1h7 g8h7 e8f8,1844,advantage deflection endgame long pin,17
r4kxN,r1bQ3r/pppp2qp/4p3/3P2Nk/2P4R/3B4/PP3PP1/2K5 b - - 0 20,h5h4 g5f3 h4h5 d8h4,1844,discoveredCheck doubleCheck mate mateIn2 middlegame short,22
D3JBs,4krnr/p1p4p/2QpB3/6q1/8/2NP2b1/PPP4P/R5K1 b - - 1 19,e8e7 c6d7 e7f6 c3e4,1845,crushing master middlegame short,20
nlxEy,2k4r/2p5/8/R2P2R1/8/P6p/KPP5/7q b - - 0 35,h3h2 a5a8 c8b7 a8h8 h1c1 g5h5,1845,crushing endgame long queenRookEndgame skewer,12
hjesw,8/6pk/6p1/3p1q2/3Q4/4P3/4K1PP/8 b - - 15 46,h7h6 d4h4 f5h5 h4h5 g6h5 e2d3,1846,crushing defensiveMove endgame long queenEndgame,10
LuVjJ,2r3k1/5pp1/3Q3p/1p1Pp3/5q2/P4P2/1Pr5/1K4RR b - - 0 27,f4f5 g1g7 g8g7 d6h6 g7g8 h6h8,1848,attraction endgame long mate mateIn3 sacrifice,17
Rdyes,1r4k1/p2p1pb1/b2Np1pp/4P3/1n5P/B4N2/PP1RqPP1/K1R5 b - - 13 26,b4c2 d2c2 e2d3 c2d2 d3d2 f3d2,1849,advantage long middlegame trappedPiece,24
AsJB7,8/k7/8/6p1/p7/P1PK2P1/4n2P/8 b - - 2 63,e2g1 h2h4 g5h4 g3h4,1850,advantage endgame knightEndgame short,9
UowmL,rn1qr1k1/ppp2p1p/1b4p1/4Pb2/3P3Q/3B1N2/PPP3PP/R1B2RK1 b - - 3 12,b6d4 h4d4 d8d4 f3d4,1850,advantage opening short,27
LIyuD,r4bnr/pp2k1pp/8/8/4qP2/1Q2N1Pb/PP5P/RN2R1K1 b - - 5 16,h3e6 e3d5 e6d5 e1e4,1851,crushing discoveredAttack opening short,22
wObVX,8/2p5/1pPp1Pk1/1P1np2R/8/5RK1/1r6/8 b - - 0 51,g6h5 f6f7 d5f4 f3f4,1851,advancedPawn advantage endgame short,13
8GxSS,8/8/p3p3/2pkP3/2N3p1/1PP2P2/nK6/8 b - - 0 34,g4g3 b2a2 g3g2 c4e3,1852,crushing endgame hangingPiece knightEndgame master short,12
KOX6E,2kr3r/pp2bpp1/2p1p1b1/q3P1P1/3P4/2P2P1B/P2QNK2/R6R b - - 0 19,a5e5 d4e5 d8d2 h3e6 f7e6 h1h8,1852,advantage discoveredAttack long middlegame,24
WYGrG,4rr1k/1pp1q1p1/3p3p/p2Pn3/4QR2/3B2RP/PPP3P1/6K1 b - - 2 26,e5d3 e4e7 e8e7 f4f8,1852,capturingDefender crushing kingsideAttack middlegame short,22
XbULp,5R2/8/8/4k1p1/4r2p/7P/5P2/6K1 b - - 35 69,g5g4 f8e8 e5f5 e8e4 f5e4 h3g4 e4f4 f2f3,1852,capturingDefender crushing defensiveMove endgame rookEndgame veryLong,8
kt5Nc,r4rk1/4p2p/3p2pQ/2bP4/p1q5/3R4/4BPP1/3R2K1 b - - 1 26,a4a3 d3h3 c5f2 g1h1 c4h4 h3h4 f2h4 h6h4,1853,crushing defensiveMove middlegame veryLong,18
6tjLE,5rk1/4N2p/4p2P/1p1b1p2/6QB/2q5/5PPK/8 b - - 0 40,g8f7 g4h5,1854,endgame master mate mateIn1 oneMove,15
Ami4h,8/2p5/2p2kp1/2P4p/p2P1K1P/P5P1/8/8 b - - 0 45,f6f7 f4e5 f7e7 d4d5 c6d5 e5d5,1854,crushing endgame long pawnEndgame,12
Xuu5i,8/5pkp/3P2p1/1PP1n3/8/7P/6P1/5nK1 b - - 1 40,f1e3 c5c6 g7f6 c6c7,1854,advancedPawn crushing endgame knightEndgame short,12
qBA9l,2r3k1/Q4ppp/2Nq4/3b4/5n2/8/Pr3PPP/2R1R1K1 b - - 0 22,f4g6 c6e7 g6e7 c1c8 e7c8 e1e8 d6f8 e8f8 g8f8 a7a3 f8g8 a3b2,1854,advantage attraction discoveredAttack fork middlegame sacrifice veryLong,18
rlyvy,2r3k1/2q2pp1/4pnp1/3p4/1n1P4/1RN2B1P/2PQ1PP1/6K1 b - - 5 27,f6d7 c3b5 c7a5 d2b4 a5b4 b3b4,1854,advantage discoveredAttack long middlegame,20
8rE0Q,2rq1rk1/p3b1p1/1pb2p1p/3ppP2/4P2P/3B1N2/PPP1QKP1/R2R4 b - - 1 17,d5e4 d3c4 g8h8 d1d8,1855,advantage discoveredAttack middlegame short,26
gwBAo,6R1/p3N1kp/8/1p2p1q1/8/1Pp5/P5PP/7K b - - 2 38,g7f6 e7d5 f6e6 g8g5 c3c2 d5f4,1855,advantage endgame long master,14
0rXuV,8/2p3r1/p3k3/1pP1Pp1p/1P3P2/7P/5K2/3R4 b - - 0 39,g7d7 d1d7 e6d7 f2g3 a6a5 b4a5,1857,crushing endgame long rookEndgame,14
d565F,7k/2pq1pr1/pp1p4/3Pp3/1P2P1P1/2P1B3/P4K2/5RR1 b - - 0 38,g7g4 g1g4 d7g4 f1h1 h8g7 h1g1 g4g1 f2g1,1857,clearance crushing endgame exposedKing pin veryLong,19
1C45y,r3kb1r/pp3pp1/2n1pnp1/2qp4/5BPP/2P1PP2/PP1NQ3/R3KB1R b KQkq - 0 13,f8d6 d2b3 c5b6 f4d6,1858,crushing middlegame short,28
7MlAA,7r/1p6/p2b4/8/1P1n3p/1BN5/1kP5/5R1K b - - 3 35,d6b4 c3a4 b2a3 f1a1,1858,endgame mate mateIn2 short,13
PSUAQ,8/1R3p2/p5k1/6P1/5PK1/r7/8/8 b - - 1 41,a3a2 f4f5 g6g7 g5g6,1858,crushing endgame rookEndgame short,8
ZFdKm,8/8/1p5k/4p1p1/p7/P3q1PP/1PB5/1K1R4 b - - 0 30,e3c5 d1d7 c5c2 b1c2,1858,crushing endgame quietMove short,13
dP1FM,r6r/1R4pp/2p2p2/p3pPP1/kp5P/4Rn2/PPP5/2K5 b - - 1 25,a8b8 e3a3 b4a3 b2b3,1858,endgame mate mateIn2 sacrifice short,20
sTWD1,2r2k2/2r2pp1/p6p/1p1pPR1P/1P6/q2B2Q1/2P3P1/7K b - - 0 33,c7c2 f5f7 f8f7 d3g6 f7e6 g3a3 c2c1 h1h2,1858,attraction crushing discoveredAttack endgame fork sacrifice veryLong,19
BZVd0,2r5/2P2pbk/2R1p1pp/8/1p6/4P2P/3N1KP1/8 b - - 1 43,h7g8 d2c4 b4b3 c4d6 c8c7 c6c7,1861,advantage endgame long quietMove,15
ZyA0e,8/R3rk2/8/2ppn2Q/8/1P2q2P/6PK/8 b - - 3 33,f7f6 h5h4 e3g5 h4g5 f6g5 a7e7,1861,crushing endgame exposedKing long,12
smrkp,r3r1k1/pp3pp1/2p1p3/2PnP1q1/3P3p/P2R1Q2/1B3PPP/4R1K1 b - - 3 24,d5f4 b2c1 g5f5 c1f4,1861,crushing middlegame short,24
vo0bD,r3r3/p2k2p1/2p1bp1p/3p4/Q4N2/3PR3/PqP3PP/4R2K b - - 7 28,e6f5 e3e8 a8e8 a4a7 d7d6 e1e8 b2c1 a7g1,1861,crushing deflection middlegame veryLong,21
yhDE7,r1b3kr/3q2b1/ppn3Qp/2ppP3/3P4/1PN5/P1PB2P1/R4RK1 b - - 2 19,d7e6 f1f6 c6e7 f6e6 e7g6 e6g6,1861,advantage long middlegame pin,24
dCPOm,r2q1rk1/p5bR/1pp3p1/2p3N1/5Bb1/3P4/PPPQ1P2/2KR4 b - - 0 18,g4d1 h7g7 g8g7 g5e6 g7g8 e6d8,1862,advantage attraction exposedKing fork long middlegame sacrifice,22
GKv48,r2q1rk1/ppp1nppp/2n1b3/2bpP1N1/3p4/3B1Q2/PPP2PPP/RNB1K2R b KQ - 7 9,c6e5 d3h7 g8h8 f3h5 e6g4 h5h4,1863,advantage kingsideAttack long opening,31
koVHw,6k1/6pp/p7/1p1Pp2b/2p1P3/2P4B/PP6/2K5 b - - 1 30,h5e8 d5d6 g8f7 d6d7 e8d7 h3d7,1863,advancedPawn bishopEndgame crushing endgame long trappedPiece,15
BOXdw,1r4k1/1b4pp/1p1bq1r1/pP2pp2/2Pp1PP1/P6P/1B1Q2B1/2RKR3 b - - 0 28,b8c8 g2b7,1864,crushing hangingPiece middlegame oneMove,25
EpW0G,3r1k1r/ppN2ppp/6n1/2bp4/8/q4N2/5PPP/1R1QR1K1 b - - 1 18,b7b6 d1d5 f8g8 d5d8,1864,crushing middlegame short,21
YZZXj,3r1rk1/pp3p1p/3P2pQ/2p5/2pb2P1/P4B1P/1P3PK1/1qB1R3 b - - 2 22,d8d6 h6f8 g8f8 c1h6 d4g7 h6g7 f8g7 e1b1,1864,advantage attraction kingsideAttack middlegame sacrifice veryLong,23
Wf1ei,6k1/2Q5/pK4pB/1p3p2/2b5/q2p1P2/P7/8 b - - 3 41,c4f7 c7e5 a3f8 h6f8,1865,crushing endgame short,13
dVHyI,r2r3k/2q2p1P/2p2b2/1p2N2p/4P2P/PB2Q3/1P1B1P2/2KR4 b - - 0 28,c7e5 d2c3 d8d1 b3d1 e5c3 b2c3,1865,crushing long middlegame,21
p9aXc,2r2rk1/pp2ppbp/2n3p1/2P5/2qP1Q2/2B2B2/5PPP/R1R3K1 b - - 3 19,g7d4 f3c6 c4c3 c1c3,1865,advantage master middlegame short,23
4rNQr,4R1Q1/kpqn4/p6p/P5p1/8/5pPP/5n1K/8 b - - 0 64,c7a5 e8a8 a7b6 g8d8 b6b5 d8d7,1866,advantage endgame fork long,15
M3bRk,4kr2/1p2p1Q1/p2p2p1/5NP1/8/2Pqr3/PP6/K4R1R b - - 0 29,f8f5 g7g6 e8d7 g6f5 d3f5 f1f5,1866,crushing endgame long,18
UpD20,1k2r3/ppp1rp2/3q2pp/1P2n3/2PN4/3P2R1/PQ2RP1P/1K6 b - - 0 24,e5d3 e2e7 d6e7 g3d3,1866,advantage intermezzo master middlegame short,22
iLErX,8/4B3/4p3/1p3kPP/8/1K4b1/8/8 b - - 0 51,g3h4 g5g6 h4f6 e7f6,1866,bishopEndgame crushing endgame master short,8
lMgko,3r2k1/8/p3p3/1p3rbq/3P2RB/1P5K/1P6/1Q4R1 b - - 2 39,d8d5 b1f5 d5f5 g4g5 g8f7 g5h5,1867,advantage exposedKing fork long middlegame,16
7zrFQ,4kr2/6Q1/p3p1p1/2p1PpP1/3p4/4q3/6P1/5R1K b - - 5 36,e3g5 f1b1 g5e7 b1b8 e8d7 b8b7,1868,crushing endgame exposedKing long quietMove,15
HZm6Q,r3r3/pp1nk1p1/2p2p1p/5B2/3B1PPP/1P6/P1PK4/4R3 b - - 4 23,e7f8 f5d7 e8e1 d2e1 f8e7 d7f5,1868,advantage defensiveMove endgame hangingPiece long,20
4TBQh,8/4k3/p5p1/2p5/P1P2P2/8/5PKp/8 b - - 1 52,h2h1q g2h1 e7e6 h1g2 e6f5 g2f3 a6a5 f3e3,1869,crushing defensiveMove endgame hangingPiece veryLong,10
E8mT5,1k5r/1qp2pp1/1b1rp3/3p3P/8/QRN5/K1P5/1R6 b - - 12 36,b7a7 a3a7 b8a7 c3b5 a7b7 b5d6,1869,advantage attraction fork long middlegame pin,17
hdS83,3r4/5pkp/4p1p1/8/p7/5QPP/3q4/5RK1 b - - 1 43,d2b4 f3f6 g7h6 f6d8,1869,advantage endgame fork short,13
9axdB,8/7p/6p1/p1Ppk3/1p5P/1P2K1P1/P7/8 b - - 0 36,e5e6 e3d4 h7h5 c5c6 e6d6 c6c7 d6c7 d4d5 c7d7 d5c5,1870,advancedPawn crushing deflection endgame master pawnEndgame veryLong,12
Xve4m,8/8/p1pkp1Kp/5p2/PP3PpP/6P1/8/8 b - - 6 36,e6e5 g6f5 e5f4 f5f4 h6h5 f4g5 a6a5 b4a5,1870,crushing endgame pawnEndgame veryLong,13
Zunl9,8/k6r/p5R1/K1P5/8/8/8/8 b - - 14 64,h7h5 g6g7 a7b8 a5b6,1870,crushing endgame master rookEndgame short,6
oMq0p,2r3k1/1b1n3p/pp4p1/2qP4/5P2/1PB5/P5PQ/3RRK2 b - - 0 25,c5c3 e1e7 d7f8 e7b7 c3c2 d1e1,1870,crushing defensiveMove long middlegame,19
7jonL,3k4/1p6/p3q1p1/2Pp1p1p/P4P2/1P2Q2P/5KP1/8 b - - 7 37,d8d7 e3e6 d7e6 f2e3,1871,crushing defensiveMove endgame queenEndgame short,16
DooMq,2r1kr2/1b3pQN/p2pp2p/1p6/5q2/8/P4BPP/5RK1 b - - 1 26,c8c1 g7f8 e8d7 h7f6 f4f6 f1c1,1871,crushing deflection long middlegame,19
Er4lj,3q4/knp5/p7/5Q1p/2P5/3r2pN/1R3bP1/5R1K b - - 3 37,d3d1 b2b7 a7b7 f5f3,1871,advantage attraction master middlegame sacrifice short,16
C79GL,2R1r1k1/1p3ppp/p4B2/8/3r4/P4b2/1P4PP/2R4K b - - 0 28,d4e4 g2f3 e4e1 c1e1,1872,advantage endgame hangingPiece pin short,17
jcQRO,2N3k1/3r2pp/2p1p1n1/3pP3/1q1Pp3/4P3/3B2PP/3Q2K1 b - - 9 27,b4c4 c8b6 c4a6 b6d7,1872,advantage endgame fork short,19
KXfz5,2r2rk1/1b4p1/p2qpn1p/1p1pN3/3P4/P2B3P/1P2N1P1/1Q3RK1 b - - 3 25,f6d7 d3h7 g8h8 e5g6 h8h7 g6f8 h7g8 b1h7,1873,discoveredCheck doubleCheck fork mate mateIn4 middlegame veryLong,23
WddJQ,1r3rk1/1p3p1p/3p1p2/4p3/2R5/3Q1P2/qP3RPP/6K1 b - - 1 24,a2a6 c4g4 g8h8 d3f5 d6d5 g4h4,1873,crushing endgame long,18
da4rW,8/5p2/P4k2/8/1KN5/5r2/8/8 b - - 2 52,f3f1 a6a7 f1b1 b4a4 b1a1 c4a3 a1c1 a7a8q,1873,advancedPawn crushing defensiveMove endgame promotion veryLong,6
7BYFg,8/8/1B4p1/P3b3/4k1Pp/5p2/5P2/6K1 b - - 0 41,e4f4 a5a6 e5b8 b6c7 b8c7 a6a7,1874,advancedPawn bishopEndgame crushing endgame long sacrifice,10
yWybP,8/8/P5p1/7p/1K5P/1P3p2/5k2/8 b - - 0 40,f2g2 a6a7 g2g1 a7a8q f3f2 a8a7,1874,advancedPawn crushing endgame long pawnEndgame promotion,8
l2jqg,2r3k1/p4ppp/1p2p3/3pP3/2r2P2/1RP1Q1P1/qR4KP/8 b - - 1 26,c4c3 b2a2 c3e3 b3e3,1875,crushing endgame short,20
lG3fl,2q1r3/4PQpk/5R1p/1p3P2/p7/5KP1/7P/8 b - - 0 52,e8e7 f6h6 h7h6 f7g6,1875,attraction endgame mate mateIn2 pin sacrifice short,14
uHpKm,5r1k/p5pp/8/4pr1q/4Q1p1/6P1/PP2Nb1P/3R1R1K b - - 1 28,h5h3 e4f5 h3f1 d1f1 f8f5 h1g2,1875,crushing long middlegame,19
CH2Rw,2r1r1k1/3n1N2/p5p1/1p2p3/8/2p1P1B1/qPQ1KPP1/7R b - - 1 28,g8f7 h1h7 f7e6 c2g6 d7f6 g6f7 e6d6 f7a2,1876,crushing deflection middlegame skewer veryLong,19
cMbwP,r3bk2/6b1/p5Qp/np1pq1p1/6N1/1P4P1/P3B1PP/5R1K b - - 12 33,f8g8 g4h6 g8h8 f1f8 g7f8 g6g8,1876,exposedKing kingsideAttack long mate mateIn3 middlegame sacrifice,21
7STWh,1r4k1/1p3rp1/p1p1q3/3nP1Q1/1P1P3P/P3P1R1/6P1/2R3K1 b - - 0 27,e6f5 g5f5 f7f5 e3e4 f5f4 e4d5,1877,advantage fork long middlegame,20
esnTQ,r2qkb1r/1p3ppp/p1n5/2p5/8/PQ1bP1P1/1P1B1PBP/R3R1K1 b kq - 0 18,c5c4 b3b7 a8c8 g2c6 c8c6 b7c6,1877,advantage long middlegame,25
T1VQb,r2qkB1r/5ppp/pn2pn2/8/2Np4/2NQP3/P4PPP/R4RK1 b kq - 0 16,d4c3 d3d8 a8d8 f8g7,1878,advantage master middlegame short,24
qhUnd,5n1k/1p2q2p/4pp2/1b1p4/3P1Q1B/1Pb2N1P/3N1PP1/2r2BK1 b - - 4 28,c3d2 h4f6 h8g8 f4g4 f8g6 f6e7 c1f1 g1h2 d2f4 g2g3,1879,advantage fork middlegame pin veryLong,22
tpXBa,5rk1/ppq3p1/4P1N1/2pn1r2/3p4/6QP/PP2RP2/R5K1 b - - 0 27,f8e8 g3h4 f5g5 h4g5,1879,crushing master middlegame short,20
KysEr,6k1/p7/2p2PpK/3p2P1/3Pq3/2P5/5Q2/8 b - - 1 37,g8f7 f2h2 e4e6 h2c7,1880,crushing endgame queenEndgame quietMove short,12
RSJ9x,r4rk1/1pp2ppp/pbnp1nq1/8/P1BPP3/5QNP/1B3PP1/R3R1K1 b - - 0 17,c6d4 b2d4 b6d4 g3f5 a8e8 f5d4,1880,advantage long middlegame,27
c7sMu,r7/p2Q3p/6pk/3p4/2p4P/2P3PK/P2q4/8 b - - 2 33,d2a2 g3g4 a2d2 g4g5 d2g5 h4g5,1880,crushing endgame long quietMove,14
1nPXn,6k1/5p2/2p2Qp1/4P2p/2q4P/6P1/5PK1/8 b - - 0 53,c4e6 f6e6 f7e6 g2f3,1881,crushing defensiveMove endgame master masterVsMaster queenEndgame short,12
NduUc,8/6pp/1p2p3/p2pP3/3K1P2/k7/P6P/8 b - - 0 31,a3b4 f4f5 b4b5 f5f6 g7f6 e5f6,1881,crushing endgame long pawnEndgame,12
CGqnE,r4r2/pp4pb/q2k3p/3p4/8/6Q1/P1P2PPP/4R1K1 b - - 1 26,d6d7 g3g7 d7d6 g7e7 d6c6 e1e6,1882,advantage endgame exposedKing fork long,18
JtUDT,8/1p1b2k1/p1n1p3/3pPp2/1P1P4/P2Q2b1/3B4/2RKN1q1 b - - 1 34,c6d4 c1c7 g7g6 c7d7 g3e1 d2e1 g1g4 d1c1,1882,advantage defensiveMove middlegame pin veryLong,19
PxCz5,6k1/5pp1/P6p/R7/5P2/4K1P1/7r/1b6 b - - 1 42,h2a2 a5a2 b1a2 e3d4 a2e6 a6a7,1882,advancedPawn crushing endgame long,11
tEUI6,2krr3/pp1n1pp1/2pR4/2b4p/4NB1P/5P2/PPP2nP1/3RKB2 b - - 2 17,f2e4 d6c6 b7c6 f1a6,1882,mate mateIn2 middlegame queensideAttack sacrifice short,24
yfRE9,4r1k1/pp1nqpp1/2p3p1/8/3P4/2P1rN1P/PP1Q1RP1/5RK1 b - - 3 22,e3e2 f2e2 e7e2 f1e1 e2e1 f3e1,1882,advantage long middlegame,22
2a0hz,r3k2r/p1p2ppp/np1bp3/5q2/1PP2P2/3P1N2/PB4PP/R2Q1RK1 b kq - 2 15,e8g8 f3h4 f5f4 f1f4,1883,crushing middlegame short trappedPiece,26
4NG0n,8/8/4qpp1/2Q3kp/8/5PK1/6P1/8 b - - 9 57,e6e5 f3f4 g5f5 f4e5,1883,crushing endgame fork queenEndgame short,9
g0PYc,8/2R4P/6kr/5p2/4p3/4K1P1/5P2/8 b - - 6 54,h6h7 c7h7 g6h7 e3f4 h7g6 g3g4 f5g4 f4g4 g6f6 g4f4,1883,crushing endgame rookEndgame veryLong,9
Nl9QH,r3k2r/1R1n1ppp/p1p1b3/4p1B1/q3pP2/b6P/P1P1B1P1/1Q3R1K b kq - 1 21,d7c5 b7b8 e8d7 f1d1,1884,crushing middlegame short,25
kQ2wA,8/p3P3/2p1q1pp/5b1k/3Q4/4B1K1/P4P1P/8 b - - 3 36,e6e7 d4d1 f5g4 d1g4,1884,endgame mate mateIn2 short,14
2C0GQ,1r4k1/5ppp/5r2/2bpN3/P7/1P4Q1/4qPPP/3R1RK1 b - - 3 24,b8b3 g3b3 c5f2 g1h1,1885,crushing middlegame short,19
I9dsB,4r3/8/1pkp4/pP5p/2P2BbP/2K3P1/8/8 b - - 0 42,c6c5 f4c1 a5a4 c1a3,1886,endgame mate mateIn2 quietMove short,13
r1Rzj,1k5r/1pR1n2p/p1nQ4/3ppq2/8/1PN1P1P1/P1PP2KP/8 b - - 2 26,f5g6 c7c6 g6d6 c6d6,1886,advantage discoveredAttack discoveredCheck middlegame queensideAttack short,21
OuiuA,1r3rk1/5ppp/bq1p4/1N1P4/P4P2/Q1P3nP/6PK/1R2R3 b - - 0 26,g3f5 b5d4 b6b1 e1b1 b8b1 d4f5,1887,advantage capturingDefender long middlegame,21
gvuDM,6k1/2r2p2/3pn1p1/8/R7/pP1N4/P1r5/1K2R3 b - - 1 42,e6c5 a4a8 g8g7 b1c2,1887,advantage endgame short,14
xPoV6,2r1r1k1/2q2p2/1npbbQ2/p5N1/1p1P4/P1P4P/1PB2PP1/2KRR3 b - - 1 21,d6e7 c2h7 g8f8 g5e6,1887,kingsideAttack mate mateIn2 middlegame pin short,24
1d5A6,r4rk1/pQ2Rpbp/5np1/q7/2B5/2N4P/PPnB1PP1/R5K1 b - - 0 15,c2a1 e7f7 g8h8 f7g7,1888,advantage middlegame short,23
RkI0Q,r1b1r2k/pp2q1p1/1bp1p2p/8/7R/2N2N2/PPQ2PPP/R5K1 b - - 1 19,b6c7 c2g6 e8f8 f3g5 e7g5 g6g5,1888,crushing long middlegame pin,23
ZjVQW,3r2k1/R3qp1p/1Q2n1p1/4P3/3p1P2/2R5/6PP/6K1 b - - 1 30,d4c3 a7e7 c3c2 b6d8 e6d8 e7c7,1888,advantage endgame hangingPiece long,16
aDqUB,6k1/1pp3b1/3p2Rp/p2Pp3/2P1P2q/4B3/PPKQ4/5r2 b - - 1 27,g8h7 g6g7 h7g7 d2g2 g7h7 g2f1,1889,advantage attraction endgame fork long sacrifice,19
ehlCH,4r3/pp3ppk/8/3P3Q/3q2n1/8/PP4PP/5R1K b - - 0 27,h7g8 h5f7 g8h7 f7h5 g4h6 h5e8,1890,advantage endgame fork long,16
ndUvA,8/8/8/8/8/3k1p1K/5P2/8 b - - 0 64,d3d2 h3g4 d2e2 g4g3,1890,crushing endgame pawnEndgame short zugzwang,4
oiXlS,r2q2k1/pp1b2p1/1r2pb1p/3pN3/1P6/P2B4/2Q2PPP/2R1R1K1 b - - 0 21,a8c8 d3h7 g8f8 e5d7 d8d7 c2c8 d7c8 c1c8,1890,advantage kingsideAttack middlegame veryLong,23
wB68p,8/8/4p1p1/5p1p/7P/5rPK/R3k3/8 b - - 3 46,e2e3 h3g2 f3g3 g2g3,1890,crushing endgame rookEndgame short,10
SpHe4,8/8/7p/4pk2/2p5/2P1KP1P/8/8 b - - 0 40,f5g5 e3e4 g5f6 e4d5 f6f5 d5c4,1891,crushing endgame long pawnEndgame,8
pXf1j,r4rk1/p1ppqp1p/1p4pQ/4Pp1n/5P2/2NP1K2/PP5P/4R1R1 b - - 2 21,e7h4 c3d5 g8h8 d5f6 h4f4 h6f4 h5f4 f3f4,1891,advantage middlegame veryLong,24
N3fXz,3r2k1/ppp2p1p/6pQ/5P2/1P4P1/P1q3PK/8/5R2 b - - 0 35,d8d3 f5f6 d3g3 h3h2 g3h3 h6h3,1892,advantage endgame long,17
lRx7J,1rbq2k1/p1p2ppp/2pp4/8/2P1r3/8/PBP2PPP/1R1QR1K1 b - - 1 14,c8f5 e1e4 f5e4 d1d4 f7f6 d4e4,1892,advantage long middlegame,23
7tKEC,R7/5p2/PR5p/2p3p1/7k/7P/5rPK/4r3 b - - 2 42,h4h5 a8h8 f7f6 a6a7,1893,advancedPawn advantage endgame rookEndgame short,13
JTDGL,r2q2k1/3b1r1p/1p6/6p1/2PQ4/1P1BR2P/P4PP1/6K1 b - - 1 28,f7e7 e3e7 d8e7 d4d5 g8g7 d5a8,1893,advantage fork long middlegame,18
VVF4q,3r1b2/1pp4k/2n4p/p3p2P/4KQ2/1PP5/2P5/q5RR b - - 0 29,a1g1 f4f5 h7h8 h1g1,1893,crushing endgame intermezzo short,18
hzT1Q,r2qk1nr/1pp1bpp1/p2p3p/4N3/2B1P1b1/2NP4/PPP3PP/R1BQ1RK1 b kq - 0 9,g4d1 c4f7 e8f8 e5g6,1893,attackingF2F7 mate mateIn2 opening short,29
mlbz6,7Q/2p5/2p2pk1/3p2pP/p2P1q2/2r5/6P1/4R2K b - - 0 45,g6f5 h8c8,1893,endgame master mate mateIn1 oneMove,15
r7sXd,5r1k/p5pp/q1p2b2/2Np4/3PrPP1/1P5P/P2Q4/2R2RK1 b - - 6 24,f6d4 d2d4 a6f1 c1f1 e4d4 c5e6 d4d3 e6f8,1893,advantage fork middlegame sacrifice veryLong,21
6bH4D,r1bq1k1r/pp2pB1p/2n3p1/2p3N1/8/P2P1Q2/2P2PPP/b1B2K1R b - - 1 12,c6e5 g5e6 c8e6 c1h6,1894,clearance fork mate mateIn2 middlegame sacrifice short,25
DVi1X,r4rk1/bp3ppp/p1pp4/3N1B2/1PP1PB1q/P2P4/2K1b3/R6R b - - 1 24,h4f2 d5e7 g8h8 h1h7,1894,kingsideAttack mate mateIn2 middlegame short,24
UBXF4,8/5qpk/1P5p/8/1P2p3/3bB2P/2pQ2PK/8 b - - 15 53,f7f1 b6b7 f1f8 e3f4,1894,advancedPawn crushing endgame short,14
fXdyH,3r1rk1/ppp2ppp/1bp5/8/2P5/P2N1b2/1BPP1P1P/2K3RR b - - 0 16,f3h1 g1g7 g8h8 g7f7 b6d4 b2d4 d8d4 f7f8,1894,advantage deflection discoveredAttack discoveredCheck kingsideAttack middlegame veryLong,23
1k6id,6k1/3P2pp/8/3R4/r3RKPq/5P2/7P/8 b - - 0 35,h4h2 f4f5 a4a8 e4e8 g8f7 e8a8,1896,crushing defensiveMove endgame long queenRookEndgame,12
6Gq5U,1q5k/r4pp1/7p/1pR2Q2/1P6/3rP2P/6P1/5RK1 b - - 2 41,d3d7 f1c1 d7d8 c5c8 a7a8 c8b8,1896,crushing endgame long quietMove,16
Kk3sv,8/2R2p1p/3pN1p1/p2P3k/5Pn1/4r3/3K2P1/8 b - - 8 32,f7e6 c7h7 g4h6 d2e3,1896,crushing deflection endgame short,14
WalUB,r4rk1/p2R1ppp/1p2pb2/2p5/6P1/P1P1BQ2/1q3P1P/3R2K1 b - - 0 20,b2a3 g4g5 a8d8 g5f6 d8d7 d1d7,1896,advantage long middlegame,22
uotYS,r4rk1/pb3pbp/1pnqp1p1/3P4/2B5/1P2BN2/P4PPP/R2Q1RK1 b - - 0 15,g7a1 d5c6 d6d1 f1d1 b7c6 d1a1,1896,advantage long middlegame,26
1MwQV,2r3k1/5pp1/r1b4R/4qP2/pR6/P7/1P1Q2PP/6K1 b - - 0 33,e5d5 d2d5 c6d5 h6a6,1897,crushing middlegame short,17
3FZ71,r3nrk1/3n1p1p/p5p1/qp1Pb3/2p2B2/2N2BQP/PP4P1/R4R1K b - - 1 21,a5c7 d5d6 e5f4 g3f4,1898,crushing middlegame short,25
Mvgsb,2kr3r/p1pb1ppp/1p6/2PQ4/5q2/B7/P4PPP/1R2R1K1 b - - 0 19,c8b8 c5b6 a7b6 b1b6 c7b6 a3d6 f4d6 d5d6,1898,advantage fork middlegame sacrifice veryLong,21
S0gkj,rn1qk2r/p1pp1pp1/1p2p2p/8/2PPnP2/2P2B2/P2B2PP/R2Q1RK1 b kq - 1 14,f7f5 f3e4 f5e4 d1h5,1898,clearance crushing middlegame short,27
zjTii,5rk1/ppq2ppp/6b1/nN1r4/1Q6/7P/P4PP1/R1B1R1K1 b - - 1 20,c7b6 b4f8 g8f8 c1a3,1899,attraction crushing kingsideAttack middlegame sacrifice short,21
ZQ63S,5r1k/1Q4pp/3N4/5q2/1r6/8/5PPP/2R4K b - - 2 29,f5c2 c1c2 b4b7 d6b7,1900,advantage endgame master short,13
chUHt,2rr2k1/pp3p1p/6p1/3bb1q1/8/1P2PN1P/P3Q1P1/3RB1RK b - - 7 30,g5f5 d1d5 d8d5 e3e4,1900,advantage middlegame sacrifice short,22
N5BEj,r3k2r/1bpp1pp1/p4q1p/1pbP4/3P4/4B3/PP1N1PPP/R2QK2R b KQkq - 0 13,c5d4 d2e4 f6e5 d1d4 e5d4 e3d4,1901,advantage discoveredAttack long middlegame,26
SJagf,8/6p1/2p3k1/2P1PpP1/4b3/3p4/5K2/3R4 b - - 0 49,g6g5 d1g1 g5f4 e5e6,1901,advantage endgame short,11
UwoSc,5r2/p4ppk/1p2p2p/n2p4/3q1N1P/3P2Q1/P4PP1/2R3K1 b - - 2 24,d4e5 f4g6 e5g3 g6f8 h7g8 f2g3,1901,crushing endgame long sacrifice,20
C93If,5b1k/r1q3p1/1n1p2pp/2p5/1pP1PRP1/1B1P3P/1BQ3K1/8 b - - 0 33,f8e7 f4f7 c7b8 f7g7,1902,crushing middlegame short,21
LB5uI,8/5pk1/r4R2/6Pp/7P/4KP2/8/8 b - - 14 69,a6f6 g5f6 g7g6 e3e4 g6f6 e4f4,1902,crushing defensiveMove endgame long zugzwang,9
X2N8B,r4k2/2pq1pb1/1pn3pp/p2p4/3P4/2PBRN1P/PP2QPP1/6K1 b - - 1 25,a8e8 e3e8 d7e8 e2e8 f8e8 d3b5 e8d7 f3e5 g7e5 d4e5,1902,crushing middlegame pin veryLong,24
XTWHW,1k2r3/p2q4/3p2pp/2p2pBn/5P1P/3R1Q2/PP6/1K6 b - - 1 37,h6g5 d3b3 b8c7 b3b7 c7c8 b7d7,1902,advantage endgame long skewer,18
ZiG3Y,r1b2rk1/pp3ppp/4p3/3p2B1/1P1Pq2P/2P3Q1/3K1PP1/R6R b - - 4 17,g8h8 a1e1 e4f5 e1e5,1902,crushing middlegame short,23
SAej5,8/6p1/pk1b4/2pPp1r1/1pP1R1Pp/1P3Kp1/PB4P1/8 b - - 11 34,a6a5 b2c1 g5g6 g4g5,1903,crushing defensiveMove endgame short,19
wnnr3,6k1/ppbRrpp1/2p2pnp/2P1q3/1P6/4BBPP/P2Q1P2/6K1 b - - 0 29,e5e6 d7c7 e7c7 d2d8 g8h7 d8c7,1903,advantage attraction clearance fork long master middlegame sacrifice,23
Rr67B,r7/P7/8/2p5/2P3p1/8/R2K4/5k2 b - - 6 59,g4g3 d2e3 f1g1 e3f3 g3g2 a2g2,1904,crushing endgame long rookEndgame,8
XnZho,2r3k1/3p1ppp/8/5N2/P3P3/nQPK2PP/8/2q5 b - - 16 34,c8c3 b3c3 c1d1 d3e3,1904,advantage endgame short,16
rnave,7k/p1p1q2P/1p4P1/3R1n2/4p1Q1/5r2/PPP2r2/2K4R b - - 0 27,f3g3 g6g7 f5g7 g4g3,1904,advancedPawn crushing deflection middlegame short,18
8819l,3r2k1/1p1r1pbp/p3p1p1/8/2PP2q1/Q2RN3/PP4PP/3R2K1 b - - 1 24,g7d4 d3d4 d7d4 e3g4 d4d1 g1f2 d8d2 f2e3,1905,advantage middlegame veryLong,22
Rn308,1n3rk1/P4p2/p4qp1/3p4/Q7/3B1p2/5P1P/1R4K1 b - - 0 30,f6g5 g1f1 g5g2 f1e1 g2g1 d3f1 b8d7 a4d7,1905,crushing defensiveMove endgame trappedPiece veryLong,16
qoIwl,8/p2R1p2/p1r1p1kp/6p1/2Pb2P1/1P1PN2P/3r1PK1/4R3 b - - 2 38,d2d3 e3c2 d4f2 d7d3 f2e1 c2e1,1905,advantage endgame long master masterVsMaster,20
vM8oF,3r3r/1bqk4/p1B1p3/1p2b2p/3p4/5P2/PPPQ1BPP/3RR1K1 b - - 0 22,b7c6 e1e5 c7e5 f2d4 e5d4 d2d4,1905,advantage long middlegame,23
EF1Y9,7k/3BR2p/1p3pbB/q2p4/7P/2P5/5PP1/6K1 b - - 2 27,a5c5 h6g7 h8g8 d7e6 g6f7 e7f7,1906,crushing endgame long,15
kIo9q,r1b1q1k1/1p1nbrpp/p3Qn2/8/2B5/2N5/PP3PPP/R1B1R1K1 b - - 2 14,d7c5 e6e7 e8e7 e1e7,1906,advantage opening pin short,24
gI8jN,7r/1bq1bkpp/p3pp2/5P2/3Q4/8/PP3PPP/3RR1K1 b - - 0 26,e6f5 d4d7 c7d7 d1d7 b7e4 f2f3,1908,advantage long middlegame,20
vUaN6,3q1r2/1p2bpk1/p3p1P1/3n4/3PQ1P1/2r5/PP3P2/1KB3RR b - - 0 23,f7g6 c1h6 g7f7 h6f8,1908,advantage middlegame short skewer,21
DqHWG,8/3r1p2/p1k3p1/1p4q1/B3P3/2P5/PP1R3Q/2K5 b - - 1 33,g5d2 h2d2 d7d2 a4b5 c6b5 c1d2,1909,advantage endgame long,15
OWSdu,1R6/5Kbk/1P2p1p1/3bP1B1/2r2P2/8/8/8 b - - 0 51,c4b4 b8g8 b4b6 g8g7,1909,crushing endgame short,12
skFlD,2k3r1/p1qr4/Qpn1pp2/2Bp2pp/3P4/4P1PP/5P2/1R3K1R b - - 1 25,c8d8 b1b6 a7b6 c5b6 d8e8 b6c7,1909,advantage long middlegame pin sacrifice,22
KMhil,3r4/k3pp1p/3r2p1/1R6/P7/3p2P1/4bPBP/1R4K1 b - - 6 33,d3d2 b5a5 d6a6 b1b7,1910,clearance crushing endgame short,17
Koruk,3rk3/5p1N/p3p1P1/1pp1n2Q/4q3/PP1r4/6R1/5R1K b - - 1 39,f7g6 h7f6 e8e7 h5h7 e7d6 f6e4,1910,crushing exposedKing fork long middlegame,18
xoBSv,2r2rk1/1p3p2/p1q1p1bQ/3p3p/3n3P/P1PB4/1P6/2KR2R1 b - - 1 26,d4f5 g1g6 f7g6 h6g6 f5g7 g6h7 g8f7 d1f1 f7e7 h7g7 e7d6 f1f8 c8f8 g7f8,1910,advantage deflection kingsideAttack middlegame veryLong,21
VQZtj,r3k1nr/pp1b1ppp/2n1p3/q2pP3/Bb1P4/2N5/PP1B1PPP/R2QK1NR b KQkq - 4 9,c6e5 d4e5 d7a4 d1a4 a5a4 c3a4,1911,advantage hangingPiece long opening,30
qhCDt,r3kb1r/ppp2ppp/2n1p3/3qP3/2Np2P1/3P3P/PPP1KP2/R1B2BQ1 b kq - 0 13,c6e5 f1g2 d5c5 b2b4 c5b4 c4e5,1911,advantage deflection long middlegame,28
IeA2g,3r1r1k/1b3pqn/pp2p3/4N2Q/P2PNb2/6PR/1P3P1P/4R1K1 b - - 0 25,d8d4 e4f6 f4h6 h5h6 g7h6 h3h6,1912,crushing long middlegame pin,23
qXZpY,r1r5/5ppk/qp1P2bp/2n5/P2p4/6PP/3B1PBK/R1RQ4 b - - 0 26,g6e4 c1c5 c8c5 g2e4,1912,capturingDefender crushing master middlegame short,22
tjeFb,8/5kp1/2R3Np/4Pp1P/8/4n1K1/8/5r2 b - - 11 47,e3g4 e5e6 f7f6 e6e7 f6f7 c6c8,1912,advancedPawn crushing defensiveMove discoveredAttack discoveredCheck endgame long,11
6IpIx,8/7K/5BP1/2b5/2k5/1p6/8/8 b - - 1 62,c5d4 g6g7 d4f6 g7g8q,1913,advancedPawn bishopEndgame crushing endgame promotion short,6
I1SDq,r1b3k1/pp3rp1/2n5/3Qp1N1/7R/P7/2P1KPPP/q7 b - - 1 20,c6d4 h4d4 c8e6 d5e6 a1d4 e6f7,1913,crushing long middlegame,19
fIyYO,2r2rk1/R5bp/2b3p1/8/2P5/P6p/B4PP1/4R1K1 b - - 1 26,g7d4 c4c5 g8h8 e1e7 h3h2 g1h2,1913,advantage discoveredAttack discoveredCheck long middlegame,16
3wc0D,r4r1k/pppb1Rb1/3p2Pp/3P4/3n2Pq/2NQ3P/PPPB4/5RK1 b - - 5 23,d7g4 f7f8 a8f8 f1f8 g7f8 d3d4 f8g7 d4g4,1914,crushing exposedKing kingsideAttack middlegame veryLong,25
QBmH4,r5k1/p1q2p1p/2p3p1/2prb1P1/3p4/PP1P1Q2/2P1RPP1/4R1K1 b - - 0 27,e5g7 e2e7 c7e7 e1e7,1914,advantage middlegame short,23
Zlqav,7R/5p2/3k1r1p/4p2P/4p1P1/4P3/5PK1/8 b - - 0 39,d6d5 g4g5 h6g5 h5h6,1914,crushing endgame master rookEndgame short,12
lQZia,8/p7/P4p1p/1Pk3p1/4Pp2/3K1P1P/5b2/5B2 b - - 3 44,f2d4 b5b6 c5c6 d3d4,1914,bishopEndgame crushing endgame short,14
18QdA,rqb2r1k/pp4p1/2npB1p1/b5Q1/3P4/5N1P/PP3PP1/4RRK1 b - - 1 21,c8e6 g5h4 h8g8 f3g5,1915,advantage middlegame short,24
GIveO,r3r1k1/1p3p2/p2p1Rb1/3P3p/P2B1Q1P/2Nq4/1P4P1/6K1 b - - 2 27,e8e4 f6g6 f7g6 f4e4 d3e4 c3e4,1915,advantage kingsideAttack long middlegame,20
sfmoj,r7/pb1q1p1R/1p1k2p1/2ppr3/4PQP1/8/P3BPK1/1R6 b - - 6 28,g6g5 h7h6 d7e6 h6e6,1915,advantage master masterVsMaster middlegame pin short,20
DjU61,r1b3r1/pp5k/2pp1q1P/4pp1R/3P2p1/2NB4/PPP2Q2/2K5 b - - 6 22,g8g5 c3e4 g5h5 e4f6,1916,crushing middlegame short,22
ouT27,2k1r3/Qpp2pp1/3r4/8/1P2P1q1/2P3Np/P4P1K/6R1 b - - 0 27,d6d1 a7a8 c8d7 a8a4,1916,advantage endgame queensideAttack short,18
eXdRD,7B/1b5k/pp6/2p5/2P1p1p1/4P3/P3KPr1/1R6 b - - 0 33,h7h8 b1h1 h8g7 e2f1 g2h2 h1h2,1917,advantage endgame long trappedPiece,15
rMhY7,2rqk2r/1p1n1ppp/p3p3/2bp4/Q5n1/1N2P3/PB2NPPP/R4RK1 b k - 7 15,d8h4 h2h3 c5e7 a4g4 h4g4 h3g4,1917,advantage long middlegame,26
yYjRQ,8/8/p1k2B2/2Pp3p/1P3K2/5n1P/8/8 b - - 1 39,f3g1 h3h4 g1e2 f4g5,1918,crushing defensiveMove endgame master quietMove short,10
7QS9Z,r5k1/7p/p5pP/2Bpp2r/4p1b1/2P3q1/PP1Q2P1/R4RK1 b - - 2 26,a8d8 d2d5 d8d5 f1f8,1919,kingsideAttack mate mateIn2 middlegame operaMate sacrifice short,21
9jBt2,r2r2k1/4qppp/p3b3/3nR3/3B4/P4PQ1/1PP3PP/3R2K1 b - - 7 27,e7d6 e5d5 d6g3 d5d8 a8d8 h2g3,1919,advantage intermezzo long middlegame,21
IUqmq,8/R5bk/4n1pp/4N3/p3N1P1/5PK1/2q5/8 b - - 1 38,a4a3 e4f6 h7h8 e5f7,1919,endgame mate mateIn2 pin short,13
KoIpR,8/8/8/p4pk1/P7/1P1K4/8/8 b - - 2 48,g5g4 b3b4 a5b4 a4a5 f5f4 a5a6 b4b3 a6a7 b3b2 d3c2 f4f3 a7a8q b2b1q c2b1,1919,advancedPawn crushing endgame pawnEndgame promotion quietMove veryLong,6
pEh44,2r2rk1/1pp2ppp/p1n1pq2/2Pp4/3P1Bb1/P3PN1P/2P1QPP1/R3K2R b KQ - 0 15,g4h5 g2g4 h5g6 f4g5 f6f3 e2f3,1919,advantage long middlegame trappedPiece,28
Qyg5m,2r2rk1/p3bppp/3p1n2/q3p3/2b1P3/2N2P2/P2BB1PP/2RQ1RK1 b - - 1 16,c4a2 c3d5 a5d5 e4d5,1920,advantage middlegame short,25
oVroJ,2kr3r/ppp2ppp/3b1n2/1N1P3q/2P1p1n1/4B2P/PP3PP1/RN1Q1RK1 b - - 2 13,h5e5 b5d6 e5d6 h3g4,1920,advantage middlegame short,28
0FhIh,8/p2r4/4p1kp/2p1Np2/6Pb/2Pr4/PP3RK1/5R2 b - - 1 30,g6g5 f2f5 e6f5 f1f5,1921,endgame mate mateIn2 sacrifice short vukovicMate,17
vOvCB,6k1/5p1p/pR4p1/4p2P/4P3/4P1NK/Ppr3r1/5R2 b - - 1 27,g6h5 b6b8 g8g7 g3f5,1922,crushing endgame master short,17
xOOTG,2r1r1k1/5pp1/R6p/pp6/n7/2P1B2P/1P1R1PP1/6K1 b - - 1 28,b5b4 c3b4 a4b2 d2b2,1922,crushing endgame master short,18
2sHfT,3r4/p4p1p/Pkp1p1b1/3pq3/1P1N3P/2P5/Q4Pr1/2KR3R b - - 2 24,b6c7 a2a5 c7c8 a5d8 c8d8 d4c6 d8c7 c6e5,1923,advantage attraction fork middlegame sacrifice veryLong,21
AM86G,2r1r1k1/5pb1/pqPnB2p/6p1/p5P1/5QBP/1P3P2/3RR1K1 b - - 0 26,e8e6 e1e6 b6c6 f3c6,1923,crushing master middlegame short,22
i13P2,2k1Rr2/7p/p7/2qp4/1p5Q/6P1/P4r1P/4R1K1 b - - 2 30,f8e8 e1e8 c8b7 h4e7 c5e7 e8e7,1923,crushing endgame exposedKing long master,15
7Bxyg,3r4/6pk/5p1p/2Q4P/3r3q/6R1/5PP1/4R1K1 b - - 7 35,d4d1 c5c2 h7h8 e1d1,1925,crushing endgame short,14
Foqvl,r4r1k/ppp3p1/2n4B/3B3Q/8/8/Pq3bPP/R4R1K b - - 0 18,b2e5 h6g5,1925,discoveredAttack discoveredCheck mate mateIn1 middlegame oneMove,19
H3i6k,8/8/6p1/4kp1p/7P/4KPP1/8/8 b - - 0 57,e5d5 e3f4 d5e6 f4g5 e6f7 g5h6 f5f4 g3f4 f7f6 h6h7,1925,crushing endgame pawnEndgame veryLong zugzwang,8
k5Yya,2r2rk1/pb2qpp1/4p2p/3p4/1PP5/6R1/P1QN1PPP/R5K1 b - - 0 19,e7b4 a1b1 b4e7 c2b2 e6e5 b2b7 e7b7 b1b7,1925,advantage middlegame veryLong,22
26MbG,8/5p2/1p2k1p1/p5P1/2P1K3/P6P/8/8 b - - 4 43,f7f6 g5f6 e6f6 e4d5 b6b5 c4b5,1927,crushing endgame long pawnEndgame,10
M228b,r2r2k1/p1p2ppp/1p2pn2/8/3PbP2/P1P4R/1Q4PP/R1B1qBK1 b - - 1 20,e4f5 c1e3 e1a1 b2a1,1927,advantage middlegame quietMove short trappedPiece,25
taqv6,r4rk1/ppp2ppp/2n4n/2b5/3N4/1QP2RPb/PPNP3P/R1B1qBK1 b - - 6 14,c6d4 c3d4 c5d4 c2d4,1927,advantage middlegame short,28
13riI,r1bq2k1/pp3ppp/2n2n2/2N5/1P1p1b2/PN1PrBPP/1BPK4/R2Q3R b - - 0 19,e3d3 d2d3 c8f5 d3e2,1928,advantage defensiveMove hangingPiece middlegame short,28
e36qZ,r2q1bk1/1p3ppp/5n2/1Nppr1B1/6RP/3P1P2/PPPQ4/1K5R b - - 0 18,d8a5 d2a5 a8a5 g5f6 e5e6 f6g7,1928,advantage long middlegame pin,24
yA1yu,1R6/p5R1/1k2pr2/3p4/1p1N4/2rqBN2/1n3P2/4K3 b - - 10 38,b6a6 g7a7 a6a7 d4c6 a7a6 b8b6,1928,attraction discoveredCheck doubleCheck exposedKing long mate mateIn3 middlegame operaMate sacrifice vukovicMate,16
zynWc,r6r/ppp3p1/2b2q2/3p1NkR/4PnP1/2P2P2/P1P5/1K4Q1 b - - 5 23,f4h5 g4h5 g5f4 g1g3,1928,discoveredAttack discoveredCheck mate mateIn2 middlegame short,21
oJzn8,8/3n4/p2R1n1p/2p2k2/2q2Bp1/6P1/P4K1P/3R1N2 b - - 1 40,f6e4 f2g1 e4d6 f1e3 f5e4 e3c4,1929,crushing defensiveMove fork long middlegame sacrifice,16
q5Svg,4r1k1/1pp4p/p2p2p1/4P3/2PR4/1P5r/P1K5/4R3 b - - 2 30,h3h5 e5d6 e8e1 d6d7 e1e7 d7d8q,1929,advancedPawn advantage endgame long promotion rookEndgame sacrifice,16
ST4Oz,8/4kp2/1p2p1p1/pBb1P1P1/P2p1P1r/7R/6K1/8 b - - 4 41,h4f4 h3h8 f7f6 g5f6,1930,advantage endgame quietMove short,16
XDiYk,r4knr/pp2b1pp/4P3/1qp1QP1B/8/3p4/PP4PP/R4RK1 b - - 0 19,e7f6 e6e7 g8e7 e5e6 b5e8 h5e8,1930,advancedPawn advantage clearance long middlegame,23
fxtZi,1r6/4n1pp/2k1pp2/1r6/1p1PN3/1R2K2P/2R2PP1/8 b - - 7 39,c6d5 b3b4 e7f5 e3d3,1930,advantage defensiveMove endgame short,17
7gKnV,r1b1r1k1/ppq1bpp1/2p2R1p/8/2PPQ2N/8/PP2B1PP/R1B3K1 b - - 0 16,g7f6 e2d3 c7h2 g1h2,1931,advantage middlegame quietMove short,25
7pUXZ,r5k1/p1qp2p1/1pb1p2p/4P1b1/3N2r1/1B1Q3R/PPP5/1K2R3 b - - 1 23,a8f8 d4e6 d7e6 b3e6 g8h8 e6g4,1931,advantage fork long middlegame,22
cpBDv,1r2qr1k/3b2b1/p1pp3p/5p2/P1P2P2/2N1B2P/1P1Q3K/R5R1 b - - 1 23,b8b2 d2b2 e8e3 g1g7 e3f4 g7g3,1931,advantage defensiveMove hangingPiece long middlegame,22
6VHpz,rn4k1/1b2bppp/p7/8/1p1BB2q/1P2P1P1/P1Q1NK2/R4R1r b - - 0 24,h4h2 f2e1 h1f1 e1f1 b8c6 e4c6,1932,advantage defensiveMove long middlegame,23
9kI1x,r1b2rk1/1p1nq2p/p1n1p1p1/3pp1N1/3P1P2/2PB3Q/PP3P1P/R3K1R1 b Q - 3 17,e5d4 g5h7 f8f4 g1g6,1932,advantage capturingDefender discoveredAttack kingsideAttack middlegame short,27
Mz7kz,6k1/pp3pp1/2prR2p/7P/5R2/5Q2/PPq2PP1/6K1 b - - 0 23,f7e6 f4f8 g8h7 f3f7 d6d1 g1h2 d1h1 h2h1,1932,clearance crushing endgame master veryLong,18
OMRI5,2r1N3/RR5k/2Pp2np/1P2p3/4P3/2Nb1Pp1/6q1/3K4 b - - 0 39,h7g8 e8f6 g8h8 b7h7,1932,arabianMate mate mateIn2 middlegame short,18
zwzSI,4Q3/pp1n2p1/8/2k1n3/1R6/Pq5P/6P1/7K b - - 9 48,b3a3 e8e7 c5d5 b4d4 d5d4 e7a3,1932,advantage discoveredAttack endgame long,13
4AyCU,2r5/bp6/p4R2/P3P2p/1P1p3k/r7/2BK3P/6R1 b - - 1 38,c8c2 d2c2 d4d3 c2b2 a7g1 b2a3 g1h2 e5e6,1933,crushing endgame hangingPiece veryLong,16
QDt9T,2r5/pprR1k1p/5bpB/1Q2qp2/4p3/1P6/P3N1PP/7K b - - 0 31,f7e6 e2f4 e5f4 b5d5,1933,mate mateIn2 middlegame sacrifice short,20
aVh9X,r2r4/pp4k1/2p3bR/6Q1/3Pp3/2P2q2/P4N2/4RK2 b - - 1 30,f3f6 h6h7 g7h7 g5f6,1933,crushing deflection master middlegame pin short,17
SibfM,r1b2r2/p4p1Q/4pkp1/q2p1n2/6P1/8/PPP2P1P/2KR1B1R b - - 0 17,f5e7 g4g5 f6e5 h7g7 e5d6 g7f8,1935,advantage fork long middlegame,22
TAjW9,r4rk1/pp3p1p/3B1qpb/1B3p2/1Q6/1NP5/PP3nPP/1K3R2 b - - 2 24,f2e4 d6f8 a8f8 b4e4,1935,advantage middlegame short,23
oFKpC,r1b2rk1/pp1n2pp/1q2p3/3pP3/3P4/2NQ4/PP2N1PP/1R3RK1 b - - 0 17,d7e5 f1f8 g8f8 d3h7,1935,advantage kingsideAttack middlegame short,24
gcLK2,r1b1rn1k/1p3pp1/p6N/6BQ/3pn2P/1PbB4/P1P3PK/2R2q2 b - - 1 22,g7g6 h6f7 h8g8 h5h8 g8f7 c1f1,1936,crushing discoveredCheck doubleCheck exposedKing kingsideAttack long middlegame,24
jKbNJ,5rk1/1p1N3p/p1p2r2/3p2pq/1PPPpn2/1P2Q2P/5RP1/5RK1 b - - 2 31,f4e2 e3e2 h5e2 d7f6 f8f6 f2e2,1936,advantage long middlegame,23
u0b8z,3Q4/5Np1/4p1qk/1b1pP3/1b1P2P1/4P2P/1r6/4R1K1 b - - 0 35,g6f7 d8h4 f7h5 h4h5,1936,endgame mate mateIn2 short,17
JLyje,r5qk/1pp3rn/p6Q/3p1B2/5R2/P5N1/6PP/7K b - - 0 28,a8f8 f5h7 g7h7 h6f8 g8f8 f4f8,1937,advantage long middlegame,17
2cNhu,8/8/1p2p1p1/3kPp1p/3P1P1P/2K3P1/8/8 b - - 4 52,b6b5 c3b4 d5c6 b4a5,1938,crushing endgame pawnEndgame short zugzwang,12
RpAXX,8/pp3rk1/2p3qp/5P2/3P1Q2/P7/1PPK4/5R2 b - - 0 37,g6f5 f4f5 f7f5 f1f5,1938,endgame,15
SX8So,r1b1k2r/pp3p2/6pp/4p3/q2nN2Q/3B4/PP3PPP/K2R3R b kq - 1 18,c8e6 d3b5 a4b5 e4d6 e8f8 d6b5,1938,advantage attraction fork long middlegame sacrifice,23
glzIy,8/8/3p4/8/p2qP3/P1p3Q1/2P5/1K4k1 b - - 13 53,g1f1 g3d3 d4d3 c2d3 f1f2 b1c2,1939,crushing endgame long queenEndgame,10
ht26h,rnb1k2r/pp2qppp/2p2n2/4p1Q1/3pP3/3P2NP/PPP2PP1/R3KBNR b KQkq - 2 10,e8g8 g3h5 e7b4 c2c3 f6h5 c3b4,1939,advantage defensiveMove long middlegame,30
1U6Ac,r2R3k/1b2n2p/p1n1Bppq/1pB5/1P2P3/P7/5PP1/3Q1RK1 b - - 0 26,a8d8 c5e7 d8d1 e7f6 h6g7 f6g7 h8g7 f1d1,1940,crushing kingsideAttack middlegame sacrifice veryLong,22
przbi,4r1k1/1p4pp/3qPr2/3p4/5P2/6P1/PP3BBP/3RR1K1 b - - 6 25,f6e6 g2d5 d6d5 d1d5 e6e1 f2e1,1940,advantage long middlegame pin,19
RmpiH,8/4r3/P7/1Pk1p2p/4K1p1/3B2P1/6PP/8 b - - 2 39,c5d6 b5b6 d6c6 a6a7,1941,advancedPawn crushing endgame short,12
SifCT,2r3k1/1p3pp1/p3P2p/3Q1p1P/Pq6/6P1/5P2/4R1K1 b - - 0 33,b4e7 d5d7 c8e8 e6f7,1941,advancedPawn crushing endgame short,17
ocNfs,r4rk1/1p3pp1/p1p1n3/P2pP3/1P1P3p/2R3Pq/3Q1P1N/5RK1 b - - 1 23,f7f5 g3g4 h3c3 d2c3,1942,advantage middlegame short trappedPiece,23
suoQE,4r3/4nQbk/p5pp/PqB2p2/1P1p4/8/2P3PP/4NNK1 b - - 0 38,b5c6 c5d4 e8g8 f7e7,1942,advantage middlegame pin short,20
w1rwC,r2qnrk1/3n1p2/3p4/p2PpNbQ/1p2B1P1/1P5P/P1P2P2/R4RK1 b - - 4 21,e8g7 f5e7 d8e7 h5h7,1943,kingsideAttack mate mateIn2 middlegame sacrifice short,25
A7koK,8/8/1P2p3/p1N3k1/P1K2p2/4b3/8/8 b - - 0 58,f4f3 b6b7 e3f4 c5e6 g5g4 e6f4,1944,advancedPawn crushing endgame long,9
zyqk7,8/1p6/p1p1p2k/5p1P/2PP1P1K/8/1P6/8 b - - 0 36,b7b5 c4b5 c6b5 b2b4 h6h7 h4g5 h7g7 h5h6,1944,crushing endgame pawnEndgame quietMove veryLong zugzwang,12
4ezdy,r6k/pp2b1pp/6r1/2PQ4/1P6/6qP/P5P1/3R1RK1 b - - 2 26,e7f6 d5d8 a8d8 d1d8 f6d8 f1f8,1945,backRankMate long mate mateIn3 middlegame sacrifice,18
4rhVa,3Q1bk1/2Q2p2/5q1p/5N1P/6P1/6PK/4p3/8 b - - 0 42,f6d8 f5h6 g8h7 c7f7,1945,crushing deflection endgame short,13
9KWCo,r4rk1/pp3pp1/3Np2p/3qn3/3R1Q2/P7/1P3PPP/5RK1 b - - 4 22,d5a5 b2b4 e5g6 b4a5 g6f4 d4f4,1945,crushing long middlegame,21
xCrg0,r6k/1b1pp1b1/P5p1/6p1/2B1n3/2N5/1PP2qPP/R1BQ3K b - - 2 20,e4c3 a6b7 a8a1 b7b8q f2f8 b8f8,1945,advancedPawn crushing exposedKing hangingPiece long middlegame promotion,21
1vzyf,r3r3/p1qb1pkp/2pb1n2/3p1P2/6Q1/1P1B4/PBP3PP/RN4K1 b - - 1 17,g7h6 b2c1 d6f4 c1f4 c7f4 g4f4,1946,crushing exposedKing fork long middlegame,24
5YPKK,r1b4r/ppp2k2/2n1p2p/6p1/4N3/5NP1/PP2n1PP/3R1R1K b - - 0 19,g5g4 f3e5 f7e8 e4f6 e8e7 e5g6 e7f7 g6h8,1946,crushing discoveredCheck doubleCheck fork middlegame veryLong,22
1NOOT,4rrk1/ppp4n/1bq2p1p/6p1/3P4/P1PQ2B1/1P4PP/R4R1K b - - 5 24,e8e6 d4d5 c6d7 d3g6 d7g7 g6g7 g8g7 d5e6,1947,advantage exposedKing fork middlegame veryLong,23
Gww64,r2q2nr/pbpp2pp/1p1k4/4bQ2/4P3/2P5/PP3PPP/RNB2RK1 b - - 5 11,d8f6 f1d1 d6e7 c1g5,1948,advantage middlegame pin short,26
wySPA,8/pk6/1p4p1/2p5/4QP2/PK2P3/1P6/2q5 b - - 1 53,b7a6 e4c4 c1c4 b3c4 a6b7 c4d5,1948,crushing endgame long master masterVsMaster queenEndgame,12
1VpEz,4r2k/1p1q2b1/p2P3p/2P1Rp2/1PB2pp1/5p1P/P1Q3P1/4R1K1 b - - 0 32,g7e5 e1e5 e8e5 c2c3 f3f2 g1f2 d7g7 d6d7 g7d7 c3e5,1949,advancedPawn crushing deflection endgame pin sacrifice veryLong,22
JKqW0,2rq1rk1/1p2ppBp/3p2p1/p2P3n/4P3/5P2/PP1QB1P1/R3K2R b KQ - 0 16,g8g7 g2g4 h5f6 d2h6,1949,advantage master middlegame short,24
WBhwu,3r1rk1/1pp3p1/p1n3qp/4pN2/4P2Q/5N2/bP4PP/3R1RK1 b - - 1 23,a2e6 d1d8 f8d8 h4d8 c6d8 f5e7,1949,crushing kingsideAttack long middlegame sacrifice,22
g6nai,6r1/p5pk/1pp4p/8/4QPKR/6P1/P6P/2q5 b - - 2 44,g7g6 e4e7 g8g7 h4h6 h7h6 e7h4,1949,attraction endgame long mate mateIn3 sacrifice,15
lqfFB,1r6/RP5p/3p2k1/3Ppp2/2P2p2/5P1P/7K/8 b - - 0 48,e5e4 c4c5 d6c5 d5d6 g6f7 d6d7,1949,advancedPawn crushing endgame long rookEndgame,14
nqGGL,Rk4r1/1p6/1Np5/5p2/3p1n2/1P4qp/1PP1Q3/7K b - - 3 34,b8c7 e2e5 c7b6 e5a5,1949,endgame mate mateIn2 sacrifice short,16
wa4CA,8/3p1Bbk/2r3p1/6Qp/1p2q2P/8/PP4P1/5R1K b - - 1 34,c6c5 f7g6 e4g6 g5c5,1950,crushing endgame fork short,16
20A4p,1r2r1k1/pbR2pp1/3B3p/4P3/3Pp3/8/P5PP/5RK1 b - - 6 24,b7d5 c7c5 d5a2 d6b8,1951,advantage discoveredAttack endgame short,18
Utmce,8/6p1/4kp2/K7/8/8/PP6/8 b - - 0 43,e6e5 b2b4 e5d6 a5a6 f6f5 b4b5 d6c7 a6a7,1951,crushing defensiveMove endgame pawnEndgame quietMove veryLong,6
v84wd,r7/4kpp1/2p4p/pp2Pn2/8/3R1N2/P1P2PPP/5K2 b - - 0 21,a8d8 g2g4 d8d3 c2d3 f5d6 e5d6,1951,advantage endgame long trappedPiece,18
vK90n,R7/5k1p/6p1/2P5/8/p4P2/3K4/r7 b - - 3 42,a3a2 c5c6 a1g1 c6c7 a2a1q a8a1,1951,advancedPawn advantage endgame long rookEndgame,9
LXfh7,4rk2/ppp2pRp/2n5/3p4/5P2/1P1P1N1q/PBP2K1P/R7 b - - 0 19,d5d4 g7f7 f8f7 f3g5 f7f6 g5h3,1953,advantage attraction fork long middlegame sacrifice,21
ODd0X,1Q4k1/pp5p/1q4p1/2p2p2/2P5/1P4P1/P3r2P/3R3K b - - 1 32,g8g7 d1d7 g7f6 d7d6 b6d6 b8d6,1953,crushing endgame fork long,17
ypYiJ,r1br2k1/1p3ppp/p5q1/8/4p3/1B2Q3/PPP3PP/R3K2R b KQ - 0 21,g6g2 h1g1 g2h2 e3g5,1953,advantage middlegame short,21
ArIPp,r3r1k1/pppq1p2/2np2pb/4p2n/Q1P3bP/2NPPN2/PP1BBP2/R3K1R1 b Q - 6 13,d7f5 e3e4 h6d2 f3d2,1954,crushing master middlegame short,30
2CdWl,r1b2rk1/pp1nbppp/2pp1n2/8/4PP2/2NQBN2/PqP1B1PP/R4RK1 b - - 1 11,b2a3 c3d5 c6d5 d3a3,1955,advantage discoveredAttack middlegame short,29
KJ6MW,3r2k1/pq2bbpp/1p3p2/4nN2/8/P1Q1B1NP/1P3PP1/R5K1 b - - 3 26,d8d3 c3c8 b7c8 f5e7 g8h8 e7c8,1955,attraction crushing deflection fork long middlegame sacrifice,22
QmxvF,2k3r1/ppp5/3b1p2/7p/4q2P/1QP1BR2/PP2KP2/R5r1 b - - 3 26,e4g4 a1g1 g4g1 b3e6 c8b8 f3g3,1955,crushing long middlegame,20
TyG0P,2kr3r/ppp1nppp/3p4/6Qb/4PP2/1B3P1q/PPPNK2P/6RR b - - 10 17,h7h6 g5e7 h8e8 g1g3,1955,crushing hangingPiece middlegame short,26
ohMDy,1r3rk1/p2q2bp/1p6/n3pN2/4N1P1/4PR2/PP5P/R5K1 b - - 0 23,d7d5 f5e7 g8h8 f3f8 g7f8 e7d5,1955,advantage deflection discoveredAttack fork long middlegame,20
plE1C,3r2k1/4Qpp1/1q4Pp/2p1P3/5P1P/rpN2N2/8/1K5R b - - 0 29,d8a8 g6f7 g8h7 f3g5 h6g5 h4g5,1956,advancedPawn crushing discoveredAttack discoveredCheck long middlegame,18
xho5g,6k1/pp2n1p1/4b2p/3pQ3/3p4/4nN1P/P1PR2PK/5q2 b - - 5 26,g8f7 f3d4 e3g4 h3g4,1956,advantage master middlegame short,19
g9dj1,3Q1Rnk/1p5p/2r3pP/1q2r3/8/P3B3/1P4P1/6K1 b - - 1 38,c6c1 e3c1 b5c5 g1h2 e5h5 h2g3,1957,crushing hangingPiece long middlegame,16
tx5hM,8/5r2/5P1p/7K/8/1pk1P1B1/5P2/8 b - - 1 46,b3b2 g3e5 c3b3 e5b2 b3b2 h5g6 f7f8 g6g7 h6h5 g7f8,1957,crushing endgame sacrifice veryLong,9
vVf5F,8/ppkn2R1/3p1p2/2rPp3/Q1P1P3/P7/5PK1/2q5 b - - 5 37,c7b6 a4d7 c1c4 d7b7 b6a5 b7a7,1957,crushing deflection endgame exposedKing hangingPiece long,17
D7uk1,8/5k2/4p1R1/1p1pP3/1P3P2/2P1r2r/1K4R1/8 b - - 0 44,e3c3 g6g7 f7e8 g7g8 e8d7 g2g7 d7c6 g8c8 c6b6 c8c3,1958,crushing endgame rookEndgame veryLong,13
Kq7l8,r2qk3/5p2/pp1pp3/8/3P4/P3P1Q1/1P3P2/2R1KB1r b q - 0 26,a8c8 g3g8 e8e7 c1c8 d8g8 c8g8,1958,advantage endgame long,18
XHD2R,r4rk1/1bq2p2/p4p1p/Np2bN1Q/1Pp1p3/P1P1P3/5PP1/2R2R1K b - - 5 25,b7c8 h5g4 g8h8 g4g7,1958,kingsideAttack mate mateIn2 middlegame short,25
XPEoM,r3nrk1/2p2ppp/1p1p4/5P2/3PP3/1p2Rq2/1P3PRP/5NQK b - - 1 25,f3d1 g2g7 e8g7 f5f6 d1f1 g1f1,1958,advantage long middlegame sacrifice,23
eavgX,2r3k1/p1rR1p2/1p2p1p1/2b5/P7/3Q2P1/5PK1/8 b - - 6 39,a7a5 d7c7 c8c7 d3d8 g8g7 d8c7,1958,advantage attraction clearance endgame fork long,15
PsG9c,3k4/8/2KPP3/p1P5/8/3b3p/P7/8 b - - 1 61,h3h2 e6e7 d8e8 d6d7 e8e7 c6c7 h2h1q d7d8q,1959,advancedPawn bishopEndgame crushing endgame exposedKing promotion veryLong,9
n9pQy,r1bq2nr/ppp3pp/2n2k2/b5B1/6Q1/2P5/P4PPP/RN2R1K1 b - - 3 13,f6f7 g4c4 f7g6 g5d8,1959,advantage master opening short,24
nAFw2,8/6p1/4K3/1pp2Pk1/3p4/1P1P4/2P5/8 b - - 1 36,b5b4 e6e5 g5g4 f5f6 g7f6 e5f6,1959,crushing endgame long pawnEndgame zugzwang,10
az6NH,r1bqkb1r/ppp1pppp/2n2n2/8/3PpB2/P1N5/1PP2PPP/R2QKBNR b KQkq - 0 5,d8d4 c3b5 d4d1 a1d1 c8d7 b5c7,1960,advantage long opening,31
bKIXc,4r1k1/1p5p/p2q3n/3Pp3/6r1/P1P4R/1P2QPP1/4R1K1 b - - 2 33,d6g6 h3h6 g4g2 g1h1 g6h6 h1g2,1960,advantage long middlegame,19
oaxhY,8/8/2p1k1np/1pP2b2/1P6/2B3K1/5P2/3B4 b - - 12 42,e6d5 d1b3 d5e4 b3c2,1961,crushing endgame short,12
R1XSz,4Q3/pp3ppk/5q1p/2pB4/6b1/P2P2P1/1PnN1P1P/6K1 b - - 0 21,g4h3 d5f7 f6f7 e8f7,1962,crushing endgame short,20
Rhiuw,4rrk1/5pp1/b1p5/p2n3N/6N1/3p1B1P/P7/6RK b - - 3 34,d5e3 g4f6 g8h8 g1g7 d3d2 g7h7,1962,arabianMate discoveredAttack long mate mateIn3 middlegame pin,17
UKtOi,6k1/1rp2b1p/1p1p2p1/3P1p2/2P1p2Q/7R/5PPP/2q2BK1 b - - 29 38,h7h5 h4d8 g8g7 d8a8 c7c6 a8b7,1963,crushing endgame long trappedPiece,20
qE4St,2n3k1/4qr1p/bp1p2pP/2pPppn1/1PP4N/N1Q2P2/4B1P1/4K2R b K - 0 26,e5e4 f3f4 c5b4 c3b4,1963,advantage middlegame short,25
R9e3f,r2q1r1k/1pp2ppn/1n1p2bp/p7/3PP1Qb/1B2B2N/PPP1N2P/2K2RR1 b - - 3 17,a5a4 b3f7 f8f7 f1f7,1964,crushing middlegame short,29
rEVtn,5r1k/4q3/p4np1/1p6/4B3/P3QR2/1P4P1/7K b - - 1 31,e7e4 e3e4 f6e4 f3f8,1964,crushing endgame short,14
hIDcj,1r3rk1/2q1ppbp/b1n3p1/p1Bn4/2N5/Q1PB1N1P/PP3PP1/3RK2R b K - 1 17,b8b2 c4b2 g7c3 e1f1,1965,advantage defensiveMove middlegame short,27
jyCZj,r1bq1r2/bpp1npk1/p2p4/4pP1Q/8/1BPPN3/PP3PPP/R4RK1 b - - 0 17,a7e3 f5f6 g7f6 f2e3,1965,crushing discoveredAttack discoveredCheck intermezzo middlegame short,27
wcV2X,r2qr2k/pp2bQpn/3p3p/8/2P1PN2/1P4PP/P5B1/n4RK1 b - - 2 20,h7f6 f4e6 e7f8 e6d8,1965,advantage middlegame short,23
B8miQ,r3kb1r/pp2pppp/5n2/q2p4/1P1n1Bb1/2PB1N2/P2N1PPP/R2QK2R b KQkq - 0 9,d4f3 g2f3 a5b6 f3g4,1966,advantage middlegame short,29
HGoUV,r4rk1/1b2Qppp/p3p3/4q3/2PRn3/4P2P/PP2BPP1/3R2K1 b - - 5 22,a8b8 d4d8 e5c5 d8f8 b8f8 e7b7,1966,crushing long middlegame,23
P19DQ,2r1qrk1/p1p2p2/1p2p1p1/2b2nBp/4NP1P/1PQ2B2/P4P2/5RK1 b - - 5 23,c5e7 g5e7 e8e7 e4f6 e7f6 c3f6,1966,advantage kingsideAttack long middlegame,24
0bM65,1r6/2nk2p1/p2N1p2/1pP2P2/2pP2P1/P2b2K1/1P6/4R3 b - - 0 40,c7e8 d6e8 b8e8 c5c6 d7d8 c6c7 d8c7 e1e8,1968,advancedPawn advantage deflection endgame exposedKing veryLong,18
dlSvK,8/8/8/1P4Pp/4kn1P/6K1/8/8 b - - 0 50,f4e2 g3f2 e2d4 g5g6,1969,crushing defensiveMove endgame knightEndgame short,7
FDl0i,2k5/pppr2p1/2n5/2b1p1Np/4P3/2Pr4/PPK3PP/R4N1R b - - 2 17,d3e3 f1e3 c5e3 g5f3,1970,crushing middlegame short,22
Hjtn2,1k1r2nr/1pp2pp1/1Pp1q2p/4P3/2b5/P1N1Q3/2P2PPP/1R3RK1 b - - 0 19,c4f1 b6c7 b8c7 e3b6 c7d7 b1d1,1970,advancedPawn attraction crushing long middlegame queensideAttack,24
XL0iq,4r3/Q4pkp/1p2b1p1/8/3q4/3BR2P/2P2PP1/6K1 b - - 3 25,e8d8 e3e6 d8d7 e6e4,1970,advantage endgame pin short,16
cRqkI,r7/pp6/1k1Q4/3p3p/6bP/P1P5/1KP5/6q1 b - - 15 42,b6b5 a3a4 b5a5 d6b4 a5a6 b4b5,1970,endgame long mate mateIn3,14
nnCLf,r1bq1rk1/p2nppbp/2p3p1/1p2P3/6P1/2BB1N1P/PPP2P2/R2QK2R b KQ - 0 12,d7e5 c3e5 g7e5 f3e5 d8d5 e5f3,1970,advantage defensiveMove long middlegame,28
4TbRd,8/8/p3Rpk1/1p6/5PP1/1r4PK/8/8 b - - 1 38,a6a5 g4g5 g6f5 e6f6,1971,crushing endgame rookEndgame short,10
9lRVL,8/p7/1kp1q3/1p6/5Q1P/5KP1/8/8 b - - 2 45,a7a5 f4e3 e6e3 f3e3 b6c5 h4h5,1971,crushing defensiveMove endgame long queenEndgame,9
S519G,rn1r2k1/pb2qppp/1p3n2/2p3B1/2p1p3/2N3P1/PP2QPBP/R3R1K1 b - - 3 15,e4e3 g5f6 e7f6 g2b7,1971,crushing master middlegame short,27
fVfvb,r2qk2r/pppbn1p1/3p3p/1B1Pp3/P6P/5N2/1PP1QPP1/R4RK1 b kq - 0 14,e7d5 f3e5 d6e5 e2e5 e8f8 e5d5,1971,advantage exposedKing fork long middlegame,26
hjiQT,8/kb3p2/3N2pp/p7/6PP/PR2KP2/8/5r2 b - - 9 39,b7d5 d6c8 a7a8 c8b6 a8b7 b6d5,1971,advantage discoveredAttack discoveredCheck endgame exposedKing fork long,14
tXDsS,8/p1P5/8/k6K/5Q2/8/8/1q6 b - - 0 50,b1h7 h5g4 h7h8 f4f5,1971,crushing defensiveMove endgame master queenEndgame short,6
RFWrq,8/6p1/1k6/1p1pp1p1/1Kn1P1P1/P2B1P1P/8/8 b - - 0 43,d5e4 d3c4 b5c4 f3e4,1972,crushing endgame intermezzo master short,14
Swjii,8/1rRr1k2/1P1B1pp1/p7/P5PP/8/8/6K1 b - - 4 44,f7e6 c7b7 d7b7 d6c7,1972,clearance crushing defensiveMove endgame short,13
HFfCn,2b1kb1r/r2n1p1p/p1B1pQp1/8/8/8/q3NPPP/1R3RK1 b k - 1 18,h8g8 b1b8 a7c7 c6d7,1973,crushing middlegame pin short,21
UaQCP,3rr1k1/5pp1/p1np3p/1ppBqP2/4n3/P2Q3P/1PP2PP1/R1B1R1K1 b - - 5 21,c5c4 d3e4 e5e4 e1e4 e8e4 d5e4 d6d5 e4f3,1973,crushing middlegame veryLong,26
w0ozk,6k1/1p3p1p/2q3p1/p3p3/P1QbP2P/1P4P1/2P2P2/5BK1 b - - 0 35,c6e4 c2c3 d4f2 g1f2,1973,advantage endgame short,19
KzyO7,r2b4/1bk1q3/5p2/p2p1B2/6QP/2r1PR2/6P1/1R4K1 b - - 0 41,e7c5 g4f4 c5d6 b1b7,1975,advantage middlegame short,17
rcY5Z,1r2k2r/pp3pp1/2nqpnp1/2pp4/Q2P2P1/2P1PN1P/PP1N1P2/R3K2R b KQk - 3 13,f6g4 d4c5 d6c5 a4g4,1976,advantage discoveredAttack middlegame short,28
yXvCE,r6r/p4kbp/4pPp1/2B5/2p2P1Q/5q1P/PPP5/2KR4 b - - 2 27,g7f6 d1d7 f7e8 d7e7 e8d8 h4f6,1976,crushing long middlegame,20
85DkP,r5kB/pb5p/1p3Qp1/2p2P2/6PK/P4N2/2q1n2P/8 b - - 5 29,g6g5 f3g5 c2c3 f6f7 g8h8 f7h7,1977,fork long mate mateIn3 middlegame,18
gl8tV,r1b1k1r1/pppp4/5p1B/3nn3/4N3/P2B4/5P1P/4RK1R b q - 1 19,e5d3 e4d6 e8d8 d6f7,1977,discoveredCheck doubleCheck mate mateIn2 middlegame short,20
WdZIw,r3k1nr/pp3ppp/1q2p3/2bpn3/3N4/2N1B3/PPP2PPP/R2Q1RK1 b kq - 3 10,g8e7 c3a4 b6d6 a4c5,1978,advantage middlegame short,27
YoKJ8,3r2k1/1b2p1bp/2q1Pp2/5Pp1/1PpPp1P1/4Q2P/1PB3KB/R7 b - - 0 34,d8d4 e3d4 e4e3 c2e4 c6e4 d4e4,1978,crushing hangingPiece long middlegame,23
9GmAZ,r5rk/p2bq1p1/4pn1p/1p1p1pN1/2pP1P2/2P1PQR1/PPB3PP/R5K1 b - - 1 23,h6g5 g3h3 f6h7 h3h7 h8h7 f3h5,1979,attraction kingsideAttack long mate mateIn3 middlegame sacrifice,28
BrL8N,8/1p3pp1/p1k1p3/P2pP2p/1K1P3P/5P2/6P1/8 b - - 0 31,f7f6 e5f6 g7f6 g2g4 h5g4 f3g4,1980,crushing endgame long pawnEndgame,15
DRD3z,5r1k/p5pp/b4q2/8/5N2/1PRp1QP1/P4PBP/6K1 b - - 0 27,f6c3 f4g6 h7g6 f3f8 h8h7 g2d5,1980,advantage defensiveMove discoveredAttack endgame long,18
F3NKo,2k4r/1q6/1Bp1p3/QN3p2/8/7p/1P4rb/1K1R4 b - - 1 33,c6b5 a5c3 c8b8 c3h8 b7c8 d1d8,1980,advantage exposedKing fork long middlegame pin,15
VV5D5,r1r3k1/ppNR2p1/1b2p2p/8/6q1/7P/P1Q2PP1/4R1K1 b - - 0 25,g4f4 d7g7 g8g7 c7e6,1981,advantage attraction middlegame sacrifice short,19
dfcJW,r4rk1/pp1q2pp/3n1p2/3p1P1Q/2pPn2N/2P1P2R/PB4PP/5RK1 b - - 2 21,d7f7 h5h7 g8h7 h4g6 h7g8 h3h8,1981,discoveredAttack discoveredCheck kingsideAttack long mate mateIn3 middlegame sacrifice,26
ps4RG,4k2r/p1qn1ppp/1r2p3/4Nb2/Q2P1B2/2P5/P4PPP/R3K2R b KQk - 0 16,c7c3 f4d2 c3a1 e1e2 a1d4 a4d4,1981,crushing defensiveMove long middlegame sacrifice,23
DCxl0,r5k1/pp1bP3/2p2RPp/8/3Pp3/7P/PP4P1/6K1 b - - 0 29,g8g7 f6d6 a8e8 d6d7,1982,advantage endgame short,17
NHNUl,r1b2rk1/p4p2/4p1p1/q2p3p/5P1P/3B2R1/P1P3P1/R2Q3K b - - 1 19,a5d8 d1h5 d8f6 d3g6 f7g6 g3g6,1982,crushing kingsideAttack long middlegame pin,21
BwIGj,r1r3k1/3qnppp/p2bp3/1p1n4/3PN3/PQ2BP2/1P3P1P/1B1R2RK b - - 0 19,e7f5 b3d5 e6d5 e4f6 g8h8 f6d7 f5e3 f2e3,1983,crushing middlegame pin sacrifice veryLong,26
DLuAJ,r4rk1/p1N2pbp/3p2p1/1q3p2/8/1P3PP1/P2Q2KP/R3R3 b - - 1 22,b5c6 a1c1 c6b7 c7a8,1983,advantage middlegame short,21
oAD04,1r4k1/2q2p2/3p1bpp/2pP4/2P1Q3/5N1P/RP3PP1/6K1 b - - 0 26,b8b2 e4e8 g8g7 a2a8 b2b1 g1h2,1983,crushing defensiveMove endgame long quietMove,19
1qaf7,5r2/4N2k/p2p4/4bNRp/4p2P/1r2P2K/7P/8 b - - 1 38,b3e3 f5e3 f8f3 h3g2,1984,advantage endgame hangingPiece short,15
4quEu,8/5k2/1p2b3/3NK1p1/P1B2p2/1P6/5bP1/8 b - - 5 38,f2c5 d5b6 e6c4 b6c4 f4f3 g2f3,1984,crushing endgame long,12
97pD4,3r2k1/2R3p1/1p1r1p1p/p7/P2p2Q1/1P1R3P/5PPK/4q3 b - - 3 40,e1e5 f2f4 f6f5 f4e5 f5g4 e5d6,1984,crushing defensiveMove endgame long,19
vy6Cf,2r2rk1/pb3pp1/4q2p/1PbNpN2/4Q3/8/P4PPP/1BR1R1K1 b - - 0 24,b7d5 f5e7 e6e7 e4h7,1984,clearance kingsideAttack mate mateIn2 middlegame sacrifice short,23
CUgOj,7k/1pp1b3/p3P2p/3P4/P7/5R1P/1P2KPrr/3R4 b - - 7 40,e7c5 d5d6 g2f2 f3f2 h2f2 e2e1,1985,advantage endgame long,17
cJh3B,4k3/2pR4/1pP1K2b/4N2p/5p1P/8/6p1/5r2 b - - 5 55,g2g1q d7e7 e8f8 e5d7 f8g8 d7f6 g8h8 e7h7,1986,arabianMate endgame exposedKing mate mateIn4 veryLong,13
hIzr1,8/3k1r2/2pq3p/3p4/1P4Q1/P2N4/2P1K1P1/8 b - - 17 46,d6e6 d3e5 d7d6 g4e6 d6e6 e5f7,1986,crushing endgame long pin,13
wbNfW,r1bq1rBk/ppp1npp1/8/2b1p1N1/8/2P5/PPQN1PPP/R3R1K1 b - - 1 15,e7g6 g5f7 f8f7 g8f7,1986,crushing fork middlegame short,26
pYEO3,r4r2/5pkp/2p1pNp1/p7/3Q4/pR6/2q2P2/3R2K1 b - - 3 30,c2b3 f6e8 g7g8 d4g7,1987,discoveredCheck doubleCheck endgame mate mateIn2 short,17
ESuTE,8/PR6/4p2p/4kp1P/5Pp1/2K3P1/r7/8 b - - 0 45,e5e4 c3b3 a2a1 b7b4 e4f3 b4a4,1988,crushing endgame long rookEndgame,12
4QwBv,r7/4b1k1/6R1/2p1PKp1/3p3p/2p2P1P/2P3PB/8 b - - 3 37,g7f7 e5e6 f7f8 h2e5,1989,clearance crushing endgame short,16
IFO53,1rq1r3/p1p3kp/1p1b1np1/3R1nN1/2P1B3/2Q3P1/PP2PP1P/3R2K1 b - - 6 25,h7h6 e4f5 g6f5 d5d6 c7d6 d1d6 e8f8 g5e6,1989,crushing middlegame pin veryLong,25
Jsg9P,r1b5/ppQ4k/4pr1p/6q1/2P3P1/P1P5/5P1P/3RK2R b K - 0 21,h7g6 h2h4 f6f7 c7f7 g6f7 h4g5,1989,crushing long middlegame,19
WgUcB,2r1k2r/pQ1bNppp/8/4qp2/8/8/PP3PPP/R4RK1 b k - 0 18,e5c7 e7c8 c7b7 c8d6 e8e7 d6b7,1989,crushing fork long middlegame sacrifice,20
vsGbT,1b2r1k1/pp2rpp1/2p2q1p/6B1/4R1b1/P4B2/1PQ2PPP/R4K2 b - - 0 28,g4f3 e4e7 f3g2 f1g1 b8h2 g1h2,1989,advantage long middlegame,23
RxwAt,2r3k1/pb3pp1/1p3P2/4qr2/3NpR1Q/2P4P/PP5K/5R2 b - - 6 31,g7g5 h4h6 f5f6 h6f6 e5f6 f4f6,1990,crushing long middlegame,20
rzDs6,4r1k1/3R1pp1/2QP4/p1B1b2p/4p3/6PP/q4P1K/8 b - - 0 29,h5h4 d7e7 h4g3 h2g2 e8f8 e7e5,1990,crushing defensiveMove endgame long,17
1gS1H,8/2q4k/4Q1p1/8/2p1p3/1P4PP/1BP2P1K/3r4 b - - 0 45,d1d2 e6f6 c4c3 b2c3 d2f2 f6f2,1991,crushing endgame long master,14
orbCa,6k1/1R6/4p2p/3p2pK/2nP4/2Pn3P/5P2/8 b - - 5 48,d3f2 h5g6 g8f8 b7f7 f8e8 f7f2,1991,advantage endgame exposedKing fork long,13
uKPm7,8/8/2n5/1p1kr3/pP1p4/P2K4/5B2/2R5 b - - 6 45,e5f5 c1c5 d5e6 c5c6 e6d7 c6c2,1991,crushing defensiveMove deflection endgame long,11
FSmH1,2b2rk1/2q1rpbp/p5p1/1ppBP3/8/1P3QP1/PB3P1P/2R1R1K1 b - - 6 21,g7e5 e1e5 c7e5 b2e5,1992,advantage master middlegame short,24
Xt9eC,r1b1r1k1/pp1n1p1p/6pQ/2q1p1B1/2Pp4/3B4/PP4PP/R4RK1 b - - 1 20,e5e4 f1f7 g8f7 h6h7 f7e6 h7g6,1992,attraction crushing deflection kingsideAttack long middlegame sacrifice,24
xSgdR,8/5p2/8/2kpKNP1/4b3/1P6/1P6/8 b - - 4 49,e4f5 e5f5 c5b4 f5e5,1992,crushing endgame short,9
0XPLd,3r2k1/p2P1p1p/1pr3p1/3Q4/4p3/2q1B2P/P4PP1/3R2K1 b - - 0 29,c3c4 d5c4 c6c4 e3g5 f7f6 g5f6,1993,advantage endgame long,19
4HvnF,4Q3/pp3rk1/8/3pR2p/8/2P3Pp/PP3P1K/2q5 b - - 3 30,c1f1 e5g5 g7h6 g5h5 h6h5 e8f7,1993,attraction crushing endgame exposedKing long,16
NUd2b,2rq2r1/3nbp1k/pp2pn1B/4Nb2/2pP3Q/2N5/PP2BP1P/R3K3 b Q - 4 22,f6g4 h6g5 h7g7 g5e7,1993,advantage discoveredAttack discoveredCheck middlegame short,25
TGbyO,r5rk/1b5p/1q1p4/p2PNpn1/2B5/1P2PRP1/1Q5P/R5K1 b - - 0 29,d6e5 b2e5 g8g7 f3f5 b6g6 a1f1,1993,advantage defensiveMove kingsideAttack long master middlegame,21
TJALh,2k4r/1p2b2P/1q1N2B1/1b1Pp3/p4p2/P2Q1P2/1P4P1/1K5R b - - 0 29,e7d6 d3f5 c8b8 f5f6 h8h7 g6h7,1993,advantage long middlegame,20
nb7sj,5rk1/3R3p/p3Qp1P/6p1/1pP5/8/b1PK1PP1/7q b - - 0 27,g8h8 e6f6 f8f6 d7d8 f6f8 d8f8,1993,endgame long mate mateIn3 sacrifice,17
NZmza,r1bQ4/ppp3kp/4q1p1/5p2/2P5/1P6/P5PP/3R3K b - - 5 22,e6f7 d1e1 c8d7 d8a8,1994,advantage endgame quietMove short,18
Fuqd0,8/8/3K2k1/p1p5/1p2P3/1P6/8/8 b - - 0 44,g6f6 e4e5 f6g5 e5e6 c5c4 e6e7 c4c3 e7e8q,1995,advancedPawn crushing endgame pawnEndgame promotion veryLong,7
S5n2V,r3kr2/1ppbpqbp/p1n5/3N4/Q7/8/PPP2PPP/1KBRR3 b - - 1 21,a8c8 d5e7 f7e7 e1e7,1995,advantage middlegame short,24
di8wo,r4rk1/1p3ppp/2n1bn2/p1Np4/P3p2q/2PPB2P/1P2BPP1/R2QR2K b - - 4 20,e6h3 g2g3 h4g4 e2g4,1995,crushing middlegame short trappedPiece,28
t6Kb0,8/p7/1p2K1k1/1PrR2p1/6P1/8/8/8 b - - 17 57,c5d5 e6d5 g6f6 d5d6,1995,crushing defensiveMove endgame master short,9
1FiIX,5r2/p2rk2p/6p1/4q3/3b3Q/4P3/PP3PPP/R4RK1 b - - 8 24,g6g5 e3d4 g5h4 d4e5,1996,advantage master middlegame short,18
MDN3R,r2q1r2/pb3pkp/1pn1pnp1/6N1/3pNQ2/7P/PPP1BPP1/3R1RK1 b - - 3 16,e6e5 f4f6 d8f6 e4f6 g7f6 g5h7,1996,advantage attraction long middlegame,27
rIJg8,2q2rk1/3n1pp1/p3p2p/1p6/3b4/P2B1QBP/1P3PP1/3R2K1 b - - 1 21,d7e5 g3e5 d4e5 f3e4 f8d8 e4e5,1996,crushing long middlegame,21
wMxj6,3R1nk1/1p2r1p1/4P2p/8/2r4P/7K/6P1/5R2 b - - 3 41,e7e6 f1f8 g8h7 h4h5 e6e3 g2g3 c4h4 h3h4,1996,crushing endgame quietMove veryLong,13
GLJem,r3k1r1/pp1b1pPp/2ppqB2/4P3/4N3/7P/PP1Q2P1/7K b q - 2 20,g8g7 e4d6 e8f8 d2h6,1997,crushing middlegame short,21
L60JC,8/8/7P/3R4/8/1r4P1/2kp1PK1/8 b - - 0 53,d2d1q d5d1 c2d1 g3g4,1997,advantage defensiveMove endgame short,8
VrnmM,r2r2k1/1b4pp/p3Rq2/1p3n2/3p2Q1/1BP5/PP3P1P/6K1 b - - 0 23,d4c3 e6e8,1997,doubleCheck mate mateIn1 middlegame oneMove,20
XlubG,4Q3/8/8/3p3p/3pk2P/8/5Kp1/1q6 b - - 1 50,e4f5 e8f7 f5e5 f7e7,1997,crushing endgame queenEndgame short,9
fkIXj,r4k2/pp5p/2n2B2/2p2p1Q/8/4rB2/PP1q2PP/R4K2 b - - 3 26,a8e8 h5h6 f8f7 f3h5,1997,crushing master middlegame short,19
24mNg,r1bq1rk1/pp1p2b1/4p1Q1/8/6N1/8/PPP2PPP/R4RK1 b - - 2 17,d8e8 g4f6 f8f6 g6e8,1998,crushing deflection fork middlegame short,21
feWdJ,2rq1rk1/pb2bp1p/1p2p1pQ/3nN3/3PN3/Pn1BB3/1P3PPP/3RR1K1 b - - 1 18,d5e3 e1e3 b7e4 e3h3,1998,crushing defensiveMove master middlegame short,28
5VOlO,r2qk2r/ppp1bppp/2npbn2/3N2B1/2Q1P3/8/PPP2PPP/2KR1BNR b kq - 9 8,c6e5 d5c7 e8d7 c7e6,1999,advantage fork opening short,30
WkzIv,8/6p1/5p2/p2p2p1/3P2k1/PP6/2P1K3/8 b - - 0 51,g4f4 b3b4 a5b4 a3a4 f4e4 a4a5,2000,crushing defensiveMove endgame long pawnEndgame quietMove,11
v7XkR,8/6pk/5P1p/p2B4/3p3P/2r3P1/1p3PK1/1qbQN3 b - - 0 38,g7f6 d1g4 b1g6 d5e4 g6e4 g4e4,2000,advantage endgame long pin,17
38i5m,5r1k/3p1NpB/4p1P1/3nP1N1/RP3rp1/5p1P/4nq2/7K b - - 1 38,f8f7 g5f7 f4f7 a4a8 f7f8 a8f8,2001,long mate mateIn3 middlegame,20
zzJUR,2Q4k/8/1p4qp/2p2p2/r2n4/3B4/PP3P2/3R3K b - - 2 31,h8h7 c8d7 h7h8 d7a4,2001,advantage endgame fork short,15
5JOUo,1r2r1k1/p5pp/4p1q1/2p2p2/2Pp3R/1P1P1P2/P2Q1P2/5K1R b - - 1 26,h7h6 h1g1 g6g1 f1g1,2002,crushing endgame short,21
IMfXE,r1bq2k1/5pbp/p2p2p1/1ppP4/2r5/PP3B2/4QPPP/R1B1R1K1 b - - 0 19,c4c3 e2e8 d8e8 e1e8 g7f8 c1h6 c8b7 a1e1,2002,clearance crushing defensiveMove kingsideAttack middlegame pin veryLong,25
scXYs,4r1k1/5pp1/p2q1nbp/1pp1N3/3p1PP1/PB1P3P/1PP1Q3/4R1K1 b - - 0 22,f6d7 e5f7 e8e2 f7d6,2002,advantage discoveredAttack discoveredCheck kingsideAttack middlegame short,24
17kwX,r2q4/pp3pk1/2p2npp/3p4/3P1P1N/2P3QP/PP2R1P1/6K1 b - - 3 28,d8d7 e2e7 d7e7 h4f5 g7h7 f5e7,2003,attraction crushing endgame long pin sacrifice,22
enZae,r2q1rk1/1b1pbpp1/ppn1p3/2p1PP1p/6n1/2NP1NQ1/PPP3BP/R1B2RK1 b - - 0 13,c6e5 f3e5 b7g2 g1g2 e7h4 g3f4 g4e5 f4e5,2003,advantage middlegame veryLong,31
EXcZs,8/2PK4/6k1/8/8/8/2r3p1/3R4 b - - 3 52,g6f6 c7c8q c2c8 d7c8 f6f5 d1g1 f5f4 g1g2,2004,advancedPawn crushing endgame promotion veryLong,6
IACDe,1k1rR3/pppQ4/2n4p/8/2N5/1P6/P1KP1q1P/6r1 b - - 5 28,c6d4 c2b2 g1b1 b2b1 f2f5 d7f5,2004,crushing defensiveMove long middlegame pin,17
JtdL2,8/1pq2pbk/2p3pp/8/1P1pP3/1Q4PP/2P2PK1/r3NR2 b - - 3 28,c7e5 e1f3 a1f1 f3e5,2005,crushing endgame short,20
DVplW,1r2r2k/p5p1/5bpp/7P/8/P1NP1Q2/5P2/q1BKR2R b - - 3 28,f6c3 e1e8 b8e8 f3f7,2007,crushing middlegame short,19
H742V,r6k/2p1R1pp/1p1p1r2/pPn4q/P1P5/2Q2p2/3B1P1P/6RK b - - 9 31,a8g8 e7g7 g8g7 c3f6,2007,capturingDefender crushing middlegame short,22
tIy68,3r3k/R5p1/2p1b1P1/1p2PB1p/2r5/PK6/1P3R2/8 b - - 6 36,c4f4 f5e6 f4f2 e6f7 f2d2 e5e6,2007,crushing endgame long quietMove sacrifice,16
GH4zL,3r2k1/1bQ3pp/5b2/2p2p2/q1p5/P4N1P/2P2PP1/2B1R1K1 b - - 3 26,d8d7 c7b8 d7d8 b8b7,2008,crushing deflection middlegame short,20
ebLRP,r7/1p6/pqk2Q2/3p3p/2p3pP/8/PPPN1PP1/2K5 b - - 0 29,c6c5 b2b4 b6b4 f6e7 c5b5 e7b7,2008,advantage endgame interference long,18
hBGIR,r1b1k2r/p1p2ppp/1pn2n2/4p3/4P3/B1PB4/P4PPP/2KR2NR b kq - 1 12,c8e6 d3b5 e6d7 d1d7 e8d7 g1f3,2008,advantage long middlegame pin sacrifice,25
o69zE,8/8/8/p3k3/5pp1/1PP4P/6K1/8 b - - 0 73,g4g3 g2f3 g3g2 f3g2,2009,crushing endgame pawnEndgame short,8
2u2hC,r1bqkbnr/pp3ppp/2n1p3/8/4N3/2B5/PPP2PPP/R2QKBNR b KQkq - 2 7,f8b4 d1d8 e8d8 e1c1,2010,castling crushing discoveredAttack discoveredCheck opening short,28
BytTN,8/2p5/2K3k1/8/1P4p1/4B3/2P4b/8 b - - 0 37,g4g3 e3f4 g6f5 f4c7 h2g1 c7g3,2010,bishopEndgame crushing endgame long,8
IVyBu,r1b2rk1/pppp1ppp/5n2/4q3/2BnP3/2NQ4/PPP3PP/R1B2RK1 b - - 3 10,c7c6 c1f4 e5c5 f4e3,2011,crushing opening short,27
asKyr,8/2PQ1p1k/6p1/p7/4p1K1/P3q2P/8/8 b - - 1 42,e3g1 g4f4 g1f2 f4e4,2011,advantage endgame pin queenEndgame short,11
BO95L,6k1/pp3p1p/1q2p1p1/3pP1N1/6QP/1Pr3b1/P4rP1/1R3R1K b - - 0 28,b6c6 f1f2 g3f2 g4f4 c6c7 f4f2,2012,advantage long middlegame,22
dSFg7,8/1p5p/3p1qpk/pPpP4/2P1pP2/1P2Q2P/6P1/5K2 b - - 1 33,f6d4 e3d4 c5d4 c4c5 d6c5 d5d6,2012,crushing endgame long queenEndgame,18
gWyMV,4r1k1/5p2/pp1p1bp1/2qPp3/P1P1Q1Pp/3B3P/8/5R1K b - - 1 36,g8g7 e4f3 c5c7 f3f6,2012,advantage endgame short,20
gtuiP,8/3R4/2Nbpk1p/5p2/5P2/p3PK2/5P1P/r7 b - - 5 47,a1d1 c6e5 d6e7 d7d1,2012,crushing endgame quietMove short,14
iFzAx,1r4k1/1p3rpp/p1nN4/3Q4/P7/2b4P/4qPP1/1R3RK1 b - - 7 21,e2e7 d6f7 e7f7 d5c6,2012,advantage middlegame short,19
nlB3p,3r4/2kP4/8/6p1/3p1b2/3P1KpB/4R3/8 b - - 16 54,d8b8 e2c2 c7d6 c2c8,2013,crushing endgame master short,11
5wBJa,r3k3/2p2p1r/P2p4/3PpN2/1P6/5RPp/P2q3P/5QK1 b q - 0 37,a8a6 f3f2 d2b4 f1a6,2014,advantage endgame intermezzo short,19
HUVtW,3r4/5kp1/2p2p1p/ppn1pN2/1P2P2P/q1Pr2P1/P1Q2P2/R2R2K1 b - - 0 35,d3c3 c2e2 d8d1 a1d1,2014,crushing middlegame short,24
hGEH9,4r1k1/pp1br1p1/2p2p2/3p4/3N1Q2/2P1P1R1/Pq4PP/5RK1 b - - 3 22,f6f5 d4f5 d7f5 f4f5 b2c3 g3h3 g7g6 f5g6,2014,crushing kingsideAttack middlegame quietMove veryLong,21
9J0vP,8/2R5/p1b1p3/P4kp1/1ppPp3/4K3/5P2/8 b - - 1 40,c6b5 c7c5 f5g4 c5b5 a6b5 a5a6 b4b3 e3d2,2015,advantage defensiveMove endgame sacrifice veryLong,13
Uh8tJ,4r1k1/p4p1p/3q3B/1p3Rp1/8/4b2P/PP2Q1P1/3r1B1K b - - 3 29,d6d2 f5g5 g8h8 h6g7,2015,advantage middlegame short,19
ds3nT,8/7p/1p4Rk/p1pP4/r7/2P2R1P/6P1/6K1 b - - 0 45,h7g6 d5d6 a4a1 f3f1 a1f1 g1f1 a5a4 d6d7,2015,advancedPawn crushing defensiveMove endgame rookEndgame veryLong,13
3aQ0j,1b6/1k6/8/5Kpp/8/7P/5PP1/8 b - - 0 43,b8f4 h3h4 f4d2 h4g5,2016,bishopEndgame crushing endgame short,8
5AtYq,8/b2k2p1/Ppp1RpPp/1p1p1P2/3r4/5KP1/2B2P2/8 b - - 1 46,b5b4 e6f6 g7f6 g6g7,2016,advancedPawn crushing endgame master sacrifice short,18
I2Gvx,4r1k1/5ppp/p1n3r1/1p1q4/4N3/P6P/1PQ2PP1/R3R1K1 b - - 7 22,c6d4 e4f6 g7f6 e1e8 g8g7 c2e4,2016,crushing discoveredAttack kingsideAttack long middlegame,20
YB1yc,2rk2nr/pp3ppp/2p5/2Qp4/8/5P2/PP2qP1P/1K1RR3 b - - 1 20,e2f3 c5d6,2016,mate mateIn1 middlegame oneMove,21
jHiB4,r2q2k1/npp2p2/1b3n1B/4p3/P7/2P2Q2/3N1P1P/R5K1 b - - 0 19,d8d7 f3f6 d7g4 g1h1,2016,crushing hangingPiece middlegame short,19
uNJSm,2r5/p2rb3/1pn1Rpk1/3n4/3p4/PP3N2/1B1N1PP1/2R3K1 b - - 0 25,d7c7 c1c6 c7c6 f3e5,2016,advantage master middlegame pin sacrifice short,20
oMbRK,5rk1/1pq2ppp/p7/3Q2N1/1P6/n3P1P1/3P3P/5RK1 b - - 1 28,a3b5 g5e6 c7d6 d5d6 b5d6 e6f8,2017,crushing endgame long,18
1579O,R7/ppp2ppk/3p1q1p/8/3P4/3n1N2/PP1QbPP1/1K6 b - - 7 25,f6f5 d2e2 d3b4 b1c1,2018,advantage defensiveMove endgame hangingPiece short,20
M7aOp,5Q2/ppq5/3k4/2pPr1p1/2P2p2/1P2p2P/P1K5/3R4 b - - 3 35,d6d7 d5d6 c7d8 f8g7 d7c6 g7e5,2018,crushing endgame exposedKing fork long,17
Mhyg7,r4rk1/pp1nqppp/4p3/3pP1P1/2p2P2/2P1PQ1P/PPBK4/R6R b - - 0 19,f7f6 c2h7 g8h7 f3h5 h7g8 g5g6 f8c8 h5h7 g8f8 h7h8,2018,attraction kingsideAttack mate mateIn5 middlegame sacrifice veryLong,26
19NHM,8/4pp2/1r1p2p1/1Pk5/5PP1/1R1K3P/8/8 b - - 0 46,b6b5 b3b5 c5b5 h3h4 b5c5 h4h5 c5d5 h5h6,2019,crushing endgame quietMove rookEndgame veryLong,12
5If2c,r1b2rk1/pp3ppp/2np2qn/8/2BPN3/1Q3N2/P4PPP/3RR1K1 b - - 1 16,c8h3 f3h4 g6g4 b3h3 g4h3 g2h3,2019,advantage discoveredAttack long middlegame,25
SVF4K,8/6pp/p2k1b2/1pp5/2P2B2/1P1K4/P4P1P/8 b - - 0 32,f6e5 f4e5 d6e5 c4b5 a6b5 a2a4,2019,bishopEndgame crushing endgame long,14
UvyqX,r3r1k1/2p2pb1/3p1qp1/p5N1/1P2P2P/1B2P3/PP4Q1/2KR3n b - - 2 22,e8e7 e4e5 f6e5 g2a8,2019,crushing discoveredAttack middlegame short,22
40Mw9,2rr2k1/1b3p2/p3pb1p/1pN3p1/8/2N1P1P1/PPB2PP1/2RR2K1 b - - 0 21,d8d1 c3d1 c8c5 c2h7 g8h7 c1c5,2020,advantage discoveredAttack long middlegame,23
dlXWX,5r1k/6pp/1Q2p3/2npP3/7P/6P1/1R4BK/3q4 b - - 4 36,c5d3 b6d6 f8g8 b2b8 h7h6 b8g8 h8g8 d6e6,2020,attraction clearance crushing endgame veryLong,15
klUPJ,r1b1k2r/pp3ppp/2p2n2/3p4/1b1PnB2/2NBPN2/qPQ2PPP/2R2RK1 b kq - 3 12,e4c3 c1a1 a2a1 f1a1,2020,advantage middlegame short trappedPiece,29
tKVC5,r5k1/pQp2p1p/3p2p1/4r1q1/6b1/2PB4/P1P2PPP/4RRK1 b - - 0 16,a8e8 f2f4 g5f4 f1f4,2020,advantage fork middlegame short,22
5Hih4,n1r5/R5p1/1P1p3p/P3k3/4P3/6P1/6P1/6K1 b - - 0 45,c8b8 a7a8 b8a8 b6b7 a8b8 a5a6,2021,advancedPawn advantage endgame long sacrifice,13
UfCJD,1k1r4/pp1r1pp1/2p1p2p/2Pn2qP/Q7/3R1BP1/PP3PK1/3R4 b - - 3 26,d5f4 a4f4 g5f4 d3d7 d8d7 g3f4,2021,advantage long middlegame,23
XcgBs,r5kr/1pp2ppp/pb6/3PB3/Q3P3/P1PB1q2/1P4RP/7K b - - 2 25,f7f6 d3e2 f3e2 g2e2,2022,crushing middlegame short,22
GH4At,r2q1rk1/pp2pp1p/2np2p1/2p5/4PPb1/P2P1N2/2PKB3/1R1Q3R b - - 0 16,b7b6 f3g5 g4e2 d1e2,2023,advantage middlegame short,25
qOsee,r4rk1/pb1p3p/1pq1p1p1/4QpB1/3R4/5P2/PPP3PP/R5K1 b - - 0 24,c6c2 d4d7 c2c5 e5c5,2023,advantage middlegame short,23
tgQ9R,3r2k1/1p4pp/p2qb1p1/3PQ3/8/1PN4P/P5P1/4R1K1 b - - 2 26,e6d5 e5d6 d8d6 e1d1 d6c6 c3d5,2023,crushing endgame long,18
e7EyA,6k1/1p3rpp/pnP5/8/8/5P2/PPP3PP/3R2K1 b - - 0 23,g8f8 d1d8 f8e7 c6b7 e7d8 b7b8q,2024,advancedPawn advantage endgame interference long promotion,16
xx2MJ,8/4Q3/3p2p1/Pp4k1/3K4/7P/6q1/8 b - - 2 54,g5f5 e7f7 f5g5 f7d5 g2d5 d4d5,2024,crushing endgame long queenEndgame,9
BnL3w,R1Q5/6pk/7p/1p1p4/6n1/1P2p1PK/1q6/8 b - - 7 39,h6h5 c8f5 g7g6 a8a7 b2g7 a7g7,2026,crushing endgame long,13
Hfe0s,r1bq1r2/4ppkp/p5p1/8/1Q1Nn3/1B6/PPP3PP/R3K2R b KQ - 0 16,c8g4 d4c6 d8d2 b4d2 e4d2 e1d2,2026,crushing long middlegame,22
J24ca,r1b2rk1/ppN1bppp/4p3/3p4/1Pn2B2/6P1/P3PPBP/2R2RK1 b - - 1 18,a8b8 c7d5 e6d5 f4b8,2026,crushing discoveredAttack master middlegame short,25
N0keM,1k6/2p5/1pQ1p2r/p4p2/P4P1r/2P5/KP5p/3R4 b - - 1 41,h2h1q d1d8 b8a7 d8a8,2026,endgame killBoxMate mate mateIn2 short,16
k1EfH,r2qr1k1/p3ppbp/6p1/2R1N3/2QP1P2/1P4P1/PB4bP/6K1 b - - 0 22,g2e4 e5f7 e7e6 f7d8,2026,advantage middlegame short,22
PXjrX,5r1r/pb1kb3/1ppp4/8/1PPP4/6Q1/P5PP/4R2K b - - 2 28,h8g8 g3h3 d7d8 h3h7,2027,advantage endgame short,18
SWoHK,r2q1rk1/1ppbbpp1/p1np3p/4p3/2BP4/2P1PNP1/PPQN1PP1/R3K2R b KQ - 1 12,e5d4 h1h6 g7h6 c2g6 g8h8 g6h6,2027,crushing kingsideAttack long middlegame pin sacrifice,30
s0eRO,1r3rk1/1pp2pp1/p2bq2p/3P4/1PR1pn2/P3P1P1/1BNQ1PBP/5K2 b - - 0 22,f4d5 c4e4 e6f5 g3g4,2027,advantage middlegame short,26
9EOzG,r4r1k/1pp5/p2p4/3Pp2n/4BqNp/P1P4b/2P1QP2/R5RK b - - 6 27,h3g4 g1g4 f4f2 e2f2 f8f2 g4h4,2028,capturingDefender crushing long middlegame pin,23
9lGvi,5K2/4r3/2p1r2k/2R5/5PPP/8/8/8 b - - 12 61,e7c7 c5h5 h6g6 f4f5 g6f6 h5h6,2028,crushing endgame exposedKing fork long rookEndgame,9
E1JUw,1r4k1/8/p3p2p/3p2p1/2p3n1/2P1P2P/P1B2PP1/3R2K1 b - - 0 29,b8b2 d1d2 g8f8 h3g4,2028,advantage endgame short,18
JiJSS,8/7p/p1pk4/1p3Pp1/6K1/1P6/P6P/8 b - - 1 40,h7h6 g4h5 d6e7 h5g6,2028,crushing endgame master masterVsMaster pawnEndgame short,11
aVsPN,5k1r/2r2pp1/p2q1n2/1p5p/3p4/1B1P1Q1P/PP2RPP1/4R1K1 b - - 5 20,g7g6 e2e6 f7e6 f3f6,2028,crushing interference middlegame sacrifice short,22
2JefA,r1b1qrk1/ppp1n1bp/3p1ppB/3P4/5Q2/3B1N2/PPPK1PPP/R3R3 b - - 1 15,e7d5 e1e8 d5f4 e8f8 g7f8 h6f4,2029,crushing kingsideAttack long middlegame,28
EyFgH,3k4/5R1p/3Kp1p1/rP1p2P1/7P/p7/8/8 b - - 2 41,d8c8 d6c6 c8d8 b5b6 a3a2 b6b7,2029,advancedPawn crushing endgame long rookEndgame,12
WBvLE,6k1/5p2/p7/4p1p1/4q3/4nPP1/1B1Q1K2/8 b - - 2 45,e3c4 d2d8 g8h7 f3e4,2029,crushing endgame master short,12
fWm4m,8/p7/5k1p/6p1/P1Pp2P1/3K4/8/8 b - - 1 56,h6h5 g4h5 g5g4 d3d4 g4g3 d4e3 g3g2 e3f2 g2g1q f2g1,2029,crushing endgame master pawnEndgame veryLong,9
ktN82,8/1R6/P6p/1p3kp1/8/8/1r3PKP/8 b - - 0 43,b5b4 b7b5 f5e6 b5a5,2029,crushing endgame master rookEndgame short,10
5qiLR,8/8/5k2/6pp/4K3/7P/5P2/8 b - - 1 53,f6g6 e4e5 h5h4 f2f3 g5g4 f3g4,2030,crushing endgame long pawnEndgame quietMove,6
9Q7PA,r3kb1r/pp3ppp/2n1pn2/2q5/3p1B2/P5P1/1PP1NPBP/R2QK2R b KQkq - 2 14,f8d6 b2b4 c5c4 f4d6,2030,crushing middlegame short,27
cgBzP,1k6/2pqr3/1RQ5/r3p2p/P1R5/6P1/7P/K7 b - - 0 41,c7b6 c6b6 d7b7 b6d8 b8a7 d8a5,2030,advantage endgame exposedKing fork long master masterVsMaster,14
kDZBY,6k1/3b2pp/p7/1p1p2P1/2pPp3/2P1P1Rr/PP4KP/3B4 b - - 2 28,h3g3 g2g3 g8f7 g3f4,2030,advantage endgame short,20
wlouN,r4rk1/pp1bp2p/q5p1/3pbN2/8/1PN1B3/P1PQ2PP/2K2R1R b - - 0 18,d7f5 d2d5 a6e6 f1f5 e6d5 f5f8 a8f8 c3d5,2030,crushing fork intermezzo middlegame pin veryLong,24
Q4ILs,3q1r1k/3b3p/2pp1B2/1ppB1P2/2P3R1/1P6/P6P/Q5K1 b - - 0 28,d8f6 a1f6 f8f6 g4g8,2031,endgame master mate mateIn2 operaMate short,19
vjm7Q,8/2k5/1p1p4/p1pPr3/P1P2K2/1P2R3/8/8 b - - 0 63,e5e3 f4e3 c7d7 e3f4 d7e7 f4g5,2031,crushing defensiveMove endgame long,12
56jOR,2k5/1p3R2/1Bp5/P2p4/6p1/4PbP1/4r3/5K2 b - - 15 47,e2c2 f7c7 c8d8 c7c6 d8e8 c6c2,2032,crushing discoveredAttack discoveredCheck endgame long,13
HXCZU,k7/P3R3/8/8/1r5p/5Pp1/6K1/8 b - - 0 47,b4b7 e7b7 a8b7 f3f4,2032,crushing defensiveMove endgame rookEndgame short,8
TvoSy,8/4Q2p/8/1p3q2/6pk/8/6P1/6K1 b - - 5 61,h4g3 e7e3 g3h4 e3h6 f5h5 g2g3 h4g3 h6h5,2032,crushing deflection endgame queenEndgame veryLong,8
osg0R,r2q1rk1/pb3p1p/1pn2bp1/2p1p3/2P4N/3P1BB1/PP4PP/1R2QRK1 b - - 3 19,g8g7 f3c6 b7c6 f1f6,2032,advantage discoveredAttack middlegame short,27
94R0P,1rr5/Q7/2P5/1k1R3p/1b3q2/8/1P3P1P/1K5R b - - 1 34,b5c4 a7a2,2033,mate mateIn1 middlegame oneMove,14
BlvrQ,2krr3/6pp/1pp1p3/3P1q2/1P2p3/2P1Q2P/6P1/R1B3K1 b - - 0 25,d8d5 e3b6 d5d1 g1h2 f5e5 g2g3,2033,advantage endgame long,19
MiNte,2r1r1k1/1p3q2/p1p1bn1p/4Npp1/3B4/2Q5/PP3PPP/3RR1K1 b - - 0 23,f6d5 e5f7 d5c3 f7h6 g8h7 d4c3,2033,advantage exposedKing kingsideAttack long middlegame,23
cRmYG,rn2kr2/p3bppp/3p2q1/1N2p3/4P1n1/1Q1PBNP1/PPP2P1P/R4K2 b q - 0 15,e7d8 b3d5 g4e3 f2e3,2033,advantage middlegame short,27
1lhOn,8/7p/2k3p1/2p1P3/2K5/7P/6P1/8 b - - 0 43,h7h5 h3h4 c6b6 c4d5 c5c4 d5c4,2034,crushing endgame long pawnEndgame quietMove,8
NQZB5,r4rk1/pp2npbp/6p1/2p2nq1/4B3/2P5/PP1P2PP/R1BQ1RK1 b - - 2 15,f5h4 d2d4 g5h5 g2g4,2034,advantage middlegame short,25
0MC8Q,r2q3r/pbpkbQp1/1p2B2p/4p3/8/P2Pn2P/1PPN2P1/R4RK1 b - - 2 17,d7d6 d2c4 e3c4 d3c4,2035,crushing middlegame short,25
bO0ku,r5k1/p3q1p1/1pQ4R/3pPb2/3P4/P4r2/5PPP/1R4K1 b - - 2 30,a8c8 c6d5 e7f7 h6h8 g8h8 d5f7,2035,crushing deflection fork long middlegame,19
kB6Nw,k1r5/pp2q3/5R2/N1n1p2p/1Q2P1pP/3r2P1/P5PK/2R5 b - - 0 29,e7f6 b4b7 c5b7 c1c8,2035,mate mateIn2 middlegame queensideAttack sacrifice short,20
Qu6ZQ,5rk1/pp1P4/4b3/2p1b2p/P1P1P2q/3QR2P/6K1/5R2 b - - 0 39,h4g5 e3g3 g5g3 d3g3 e5g3 f1f8 g8f8 d7d8q,2036,advancedPawn attraction crushing exposedKing middlegame pin promotion veryLong,18
QuTWy,8/7p/p3k3/2p3p1/p1N3P1/2PK3P/1P6/2b5 b - - 1 39,c1b2 c4b2 a4a3 b2a4 e6d6 d3c2 a3a2 c2b2 a2a1r b2a1,2038,crushing endgame hangingPiece master veryLong,13
Kul5A,6n1/k7/P1p3P1/6KP/1pB5/8/2b5/8 b - - 3 56,b4b3 c4g8 b3b2 g8a2,2039,crushing defensiveMove endgame hangingPiece master short,10
j4Tui,8/1p6/p6p/P2p2k1/1P1P2P1/6K1/8/8 b - - 1 38,g5g6 g3h4 g6f6 h4h5 f6g7 g4g5 h6g5 h5g5,2039,crushing endgame pawnEndgame veryLong zugzwang,10
uPqls,2r2b1r/1p2p1pp/pk3p2/3P4/P1BBnP2/5N2/6PP/2R4K b - - 2 25,b6c7 c4d3 c7d7 c1c8 d7c8 d3e4,2039,advantage discoveredAttack discoveredCheck long middlegame,21
0g9Rk,8/8/8/p7/1q6/1P2Q3/1K6/3k4 b - - 11 60,a5a4 e3c1 d1e2 c1c4 b4c4 b3c4,2040,crushing endgame long queenEndgame,6
N0EsX,6rk/p3qprp/4bRp1/2ppP1Q1/7R/2PB4/PP4PP/7K b - - 4 25,e6f5 f6f5 e7g5 f5g5,2040,advantage middlegame short,22
bOiaI,8/8/8/1R2k1p1/4P2p/5P2/1p2K1P1/6r1 b - - 4 50,e5f4 e2f2 g1f1 f2f1 b2b1q b5b1,2041,crushing endgame long rookEndgame,10
AhePd,r1bq1b1r/pp2kBpp/2np4/3Qp3/4P3/5N2/P4PPP/q1B1R1K1 b - - 0 12,c6d4 c1g5 e7d7 f3e5 d7c7 g5d8 c7d8 e1a1,2042,crushing middlegame pin veryLong,25
EhXxJ,1k1r1br1/4qp2/p1Rp1p1p/8/4P3/3Q1N1b/PP3PPP/2R3K1 b - - 2 20,h3g2 c6b6 e7b7 b6b7,2042,crushing middlegame queensideAttack short,22
mPNMk,8/5pp1/8/p1pp1k1p/PP5P/2PK1P2/8/8 b - - 0 35,f5e6 b4c5 g7g5 h4g5,2043,crushing endgame master pawnEndgame short,13
eO6e9,5r2/pp1rnp2/2p4k/4Pqpp/3P1p2/P4QRR/1P2NPP1/6K1 b - - 7 30,h5h4 e2f4 e7g6 f3h5,2044,crushing master middlegame pin short,23
vtdi3,5rk1/5pp1/2pq3p/2b2Q2/p1PpPp2/Pr1P1R1P/RB4P1/6K1 b - - 0 24,c5a3 b2a3 b3a3 c4c5 d6c5 f5c5,2044,crushing long middlegame,23
wn0Mk,r1b2rk1/5p1p/p1R3p1/4P3/4Q3/2qB4/P5PP/5R1K b - - 0 19,c3d2 c6c2 c8b7 c2d2 b7e4 d3e4,2044,advantage long middlegame,18
WqzMw,2r4r/ppp3k1/2b2p2/6p1/4qPQ1/2P5/P1P1R1PB/5R1K b - - 10 28,e4c4 e2e7 g7f8 g4c8 f8e7 f1e1,2046,crushing interference long middlegame,20
auwiS,2R4R/r7/p4Npk/4p2p/3bP2P/6PK/5r2/8 b - - 5 38,h6g7 h8h7 g7f6 c8c6,2046,endgame mate mateIn2 sacrifice short,15
i1xiO,6k1/3r1p1p/1Q4p1/p1R5/8/7P/P4PPK/q7 b - - 3 36,a1a2 b6f6 a2a3 c5c8 a3f8 c8f8,2046,advantage endgame long,14
1aBgC,1n4k1/q4pp1/1P1Qp2p/3p4/2p5/5P2/5PKP/8 b - - 0 30,a7b7 d6c7 b7a8 c7a7 a8a7 b6a7 b8d7 a7a8q,2047,advancedPawn advantage endgame promotion veryLong,15
9OeLK,8/p7/2nk1Q2/1q2p3/3p4/8/P5PP/1rR3K1 b - - 2 34,d6d5 f6f7 d5d6 f7g6,2047,advantage endgame short,13
T6JLL,3Rn1k1/p4p2/6p1/1pp4p/4q2P/1P4P1/P2B4/5RK1 b - - 2 33,g8f8 f1e1 e4e1 d2e1,2047,crushing endgame short,17
vZ0XY,2rq2k1/3b2b1/2p1pr2/1pPnNp1Q/p2P4/P5P1/1P3PBP/R2R3K b - - 4 23,f6h6 h5f7 g8h8 f7d7 d8d7 e5d7,2047,advantage long middlegame,25
7QOgW,2kr1b1r/1p3ppp/p1q5/P6b/N3pBn1/3P1N1P/1PP2P2/R2Q1K1R b - - 1 16,f8c5 h3g4 h5g4 f3e5 g4d1 e5c6,2048,crushing fork long master masterVsMaster middlegame,26
rETyY,r1b3rk/ppR2Qp1/5p1p/8/3P4/7P/Pq3PP1/4R1K1 b - - 3 25,b2d4 e1e8 d4a1 g1h2 a1e5 e8e5,2048,advantage defensiveMove long middlegame,19
5sMvT,2krr3/ppp2ppp/5n2/2q3Q1/8/2P2N2/PP3PPP/R3R1K1 b - - 2 16,f6e4 e1e4 c5g5 f3g5 e8e4 g5e4,2049,crushing long middlegame,22
6fKo7,6k1/p1q2ppp/1p6/3p4/1P4P1/PQ2P2P/3K2P1/8 b - - 2 29,c7c4 b3c4 d5c4 b4b5,2049,crushing defensiveMove endgame queenEndgame short,16
xrY5J,8/7p/R5pk/5p2/3r4/7P/1P3qP1/2Q4K b - - 3 36,h6h5 g2g4 f5g4 a6a5 h5h4 c1h6 h4g3 a5a3 f2f3 a3f3,2049,advantage endgame veryLong,12
QOPSR,7k/4P1p1/7p/8/p2P1rPq/P4p1P/5P1K/1R2R3 b - - 0 46,f4g4 e7e8q h8h7 e1g1 h4f2 h2h1,2050,advancedPawn crushing endgame long promotion,16
Wi0bD,r3nr1k/1p1n1pp1/p1p1p3/4P1q1/2PbN3/1P3BP1/PBQ4P/R4K1R b - - 2 21,g5e5 b2d4 e5d4 a1d1 d4e3 d1d3 e3h6 d3d7,2050,advantage fork master middlegame veryLong,26
poJbE,8/bpp3k1/3p3r/p4rN1/2PnRPK1/P2P4/1P6/5R2 b - - 8 33,c7c5 e4d4 c5d4 g4f5,2050,crushing middlegame short,18
wEHyM,3r1rk1/pp3pnp/4p3/8/3q1PQP/P5R1/1PP3P1/R6K b - - 0 22,d4b2 c2c3 b2a1 h1h2 a1c3 g3c3,2050,advantage long middlegame quietMove sacrifice,20
0ZE49,6r1/pp2Q3/8/3pk3/P4n2/2P1bR2/KP1q4/8 b - - 13 47,f4e6 f3f6 g8e8 f6e6,2051,crushing endgame short,14
RfluG,2kr3r/pp1b1pp1/1np1p2p/3P3N/q3P3/2Q5/PPP3PP/1K1R1B1R b - - 0 23,e6d5 d1d4 a4d4 c3d4,2051,advantage middlegame short trappedPiece,26
APrZK,2krr3/Qpp1q3/6p1/4np2/4N1p1/2P1B1P1/PP4bP/2KR3R b - - 1 20,e5c6 a7a8 c6b8 e3a7 e7g5 e4g5,2052,clearance crushing long middlegame,22
cULTm,5r1k/1pq2p1p/p3pPn1/2P5/3PQ1P1/7R/PP2N2b/5K2 b - - 0 28,h2f4 e4h1 h8g8 h3h7,2052,advantage middlegame short,20
r5MKN,5rk1/5p1p/3Q2p1/p1pP4/2q3P1/4P2P/5P2/1R4K1 b - - 0 28,a5a4 b1b8 f8b8 d6b8 g8g7 b8e5,2052,crushing endgame long,16
kxCm7,2krr3/pp1R2pp/2p1Q3/2b1n3/2B2B1q/2N4P/PPP3P1/3R3K b - - 0 20,e5d7 e6c6 b7c6 c4a6,2054,master mate mateIn2 middlegame queensideAttack sacrifice short,23
murdd,r2q1r1k/1ppb2bp/p1np4/4ppNn/8/1BPP3P/PP3PP1/R1BQRNK1 b - - 3 14,d8e8 b3f7 f8f7 d1h5,2054,advantage interference master opening short,30
tSzm8,8/7p/3Q2b1/6q1/p5Pk/P4P2/6K1/8 b - - 2 49,g5b5 d6e7 b5g5 e7e1,2054,endgame master masterVsMaster mate mateIn2 short,10
zJznI,8/6k1/4Kp1p/pp1P3P/8/4B3/2r2P2/8 b - - 1 41,a5a4 d5d6 c2c6 e6e7 c6c4 d6d7,2054,advancedPawn crushing endgame long,11
LZ0Ct,k2r1nr1/p3q1p1/7p/1BPp3P/3Pp3/4P1R1/5P2/R3K1N1 b Q - 0 25,d8b8 b5c6 b8b7 a1b1 e7d7 c6b7 d7b7 b1b7,2055,advantage middlegame pin queensideAttack veryLong,20
NAs9q,3k4/2p5/1p4P1/3P4/3K4/8/8/8 b - - 0 45,d8e8 d4c4 e8f8 c4b5 f8g8 b5c6,2055,crushing endgame long pawnEndgame,6
Thjo1,2r3k1/5p1p/3bpQp1/8/1qr2P2/7P/1P4P1/2BR1R1K b - - 1 30,d6f8 d1d7 b4e7 d7e7 f8e7 f6e7,2055,advantage long middlegame,18
b09Vh,8/1p2Rpk1/6pp/6p1/3Q4/2r2q2/P1P2P1P/6K1 b - - 3 27,g7h7 e7e8 f3d1 d4d1,2055,crushing endgame quietMove short,15
U73Ib,8/p7/3k1ppp/1p6/1P1K1PPP/8/P7/8 b - - 0 34,f6f5 g4f5 g6f5 h4h5 d6e6 d4c5,2056,crushing endgame long master pawnEndgame quietMove zugzwang,12
YQELQ,7R/8/4KP2/8/5k1p/6r1/8/8 b - - 2 49,h4h3 f6f7 g3g6 e6e7 g6g7 h8h3,2056,advancedPawn crushing defensiveMove endgame long rookEndgame,6
xEJs4,6q1/1R4pk/6np/1p2bQ2/2p3PP/2P2P2/1P4K1/8 b - - 6 40,g8d5 b7d7 d5e6 f5e6,2056,advantage endgame pin short,16
3BdEB,3k4/2p5/2P1RP1p/3p2pP/3b2P1/1r2PK2/8/8 b - - 0 47,d4c5 f6f7 c5e7 e6h6 e7f8 h6e6,2057,advancedPawn crushing defensiveMove discoveredAttack endgame long,14
Opn2R,7r/2Rrk1p1/p2Np2p/4P3/P2b4/1P2p1P1/6KP/2R5 b - - 0 29,d4e5 c7d7 e7d7 d6f7,2058,crushing endgame short,18
jQrmq,1k2Q3/ppp5/5b2/6p1/5rBp/P2q1P1P/1P3P2/R5K1 b - - 0 26,f6d8 g4d7 f4f8 e8f8,2059,advantage endgame pin quietMove short,18
9YuTS,4n3/3b3p/1kp2p2/4pPp1/2N1P1P1/1P2K3/4B2P/8 b - - 1 41,b6c5 b3b4 c5b4 c4b6 b4c5 b6d7,2060,crushing endgame long trappedPiece,16
BZgr7,4k3/7p/P7/1KP5/1P3r1b/8/5p2/5R2 b - - 0 48,e8d7 a6a7 f4f8 b5b6,2060,advancedPawn advantage defensiveMove endgame short,10
Lpzca,1Q3bk1/3q3p/3p2p1/1p1bP3/1r6/4B2P/6P1/5RK1 b - - 0 33,d5f7 e3h6 d7e7 e5e6,2060,crushing middlegame pin short,16
p3LxM,4R3/2prr3/1pQk1p2/pP1P2p1/P2pPq2/1K6/8/4R3 b - - 9 53,d6e5 c6e6 e7e6 e8e6,2061,clearance endgame mate mateIn2 sacrifice short xRayAttack,18
4UMou,3r2k1/5ppp/2B1pq2/Q1p3n1/2P5/1P6/P4rPP/4RRK1 b - - 1 28,d8d2 a5a8 d2d8 f1f2,2062,advantage deflection middlegame short,20
Fd2UQ,3b1r2/4k3/1p2P2p/p1p2PpP/P1P1p1K1/2BpP3/1P6/5R2 b - - 0 38,d8c7 c3g7 f8f6 g7f6 e7f6 e6e7 f6e7 f5f6,2062,advancedPawn attraction crushing endgame exposedKing veryLong,20
cprc1,8/5p2/r3p3/4Pk1p/b1PB1PpP/1pK3P1/5R2/8 b - - 2 47,f5e4 f4f5 b3b2 f2f4,2062,clearance endgame mate mateIn2 pillsburysMate short,16
5g4cY,1r4k1/p3p2p/3q4/2p4Q/3b4/8/6PP/2B1R2K b - - 0 27,b8b1 h5e8 g8g7 e1e7 d6e7 e8e7,2063,advantage endgame long,14
9zZxA,r6r/ppp1kp1p/4p1p1/8/2Bq4/3PRb2/P1PQ2PP/1R4K1 b - - 3 20,f3d5 c2c3 d4c5 b1b5 c5c6 b5d5,2063,advantage long middlegame pin,22
CBZ45,6k1/1p6/p1q2B2/6P1/8/2PQ1b1r/PP2r3/2K3R1 b - - 1 29,h3h2 d3g6 g8f8 g6g7 f8e8 g7g8 e8d7 g1d1,2063,advantage exposedKing middlegame veryLong,15
NMSOC,1r2kr2/p3qp1b/2n1p2p/3pn1p1/2pB2N1/2P3PP/PP1QBP2/R4RK1 b - - 1 24,e5d3 g4f6 e8d8 f6h7 c6d4 c3d4,2063,advantage fork long middlegame,27
QeUlz,6k1/5pp1/4P2p/2BR1P2/3P3P/7K/6r1/5r2 b - - 2 45,g2e2 d5d8 g8h7 e6f7,2063,advancedPawn crushing deflection endgame short,13
bQnT8,3r2k1/1pp3Bp/p4PpP/5R2/6Q1/P5KP/3q4/8 b - - 0 44,g6f5 f6f7 g8f7 g4f5 f7e7 g7f6,2063,advancedPawn advantage attraction endgame intermezzo long,16
2KsSu,3r2k1/5pb1/5Q2/1p6/2p3R1/3q2P1/P4PK1/8 b - - 6 34,d3d5 f2f3 g8f8 f6g7 f8e7 g4e4,2064,crushing defensiveMove endgame long master masterVsMaster pin,13
KuAwi,r2q1rk1/p4pBp/bpp1p1p1/3N4/2P5/1P1n2P1/P4PBP/R2QR1K1 b - - 0 15,d3e1 g7f6 c6d5 f6d8,2064,crushing middlegame short,26
RI7m1,8/6k1/4r1b1/p1PR4/1p1P1P2/8/PP3KRr/8 b - - 2 44,h2h4 f4f5 h4f4 f2g1 e6e1 g1h2 f4h4 h2g3 e1e4 f5g6,2064,crushing endgame fork veryLong,14
UdJZq,4r2r/pp1n1pk1/q1p1p1p1/3p2P1/5PP1/4R1Q1/P1PN1K2/1R6 b - - 2 26,h8h7 e3a3 a6a3 g3a3,2064,advantage middlegame short trappedPiece,22
chGL8,5k2/Q2n1ppp/4pn2/3p4/3P2P1/2q5/P4P1P/1R4K1 b - - 0 20,c3c2 a7a3 f8e8 b1c1 c2c1 a3c1,2064,advantage endgame long,17
mbvmJ,2k5/pb1r2p1/1pq5/5Qb1/2P2B2/1P3NPp/P4P2/4R1K1 b - - 2 29,c6f3 e1e8 g5d8 e8d8 c8d8 f5f8,2065,attraction exposedKing long mate mateIn3 middlegame pin queensideAttack sacrifice,19
yp0F5,2r2r1k/2q2npp/p2pR3/1p3P1Q/2pP3B/P7/BP3P1P/6K1 b - - 2 28,f7d8 e6e7 d8c6 e7c7,2065,crushing middlegame short,22
2rr5e,r4k2/2b1q1Rp/1p1pP2p/2p2r2/2B5/P3PP2/1B5P/1K1R4 b - - 3 31,e7h4 e6e7 h4e7 g7g8,2067,advancedPawn mate mateIn2 middlegame operaMate short,20
Aia1H,r1b2k1r/pppp1p1p/2n5/7Q/2B5/2q5/P1P2PPP/R3R1K1 b - - 5 17,d7d5 h5h6 c3g7 e1e8 f8e8 h6g7,2067,crushing deflection long middlegame pin,22
byVdX,4r1k1/1Rb2pp1/p1P3p1/2pp4/P3rP2/7P/2N3P1/5RK1 b - - 5 30,c7f4 f1f4 e4f4 c6c7 f4e4 b7b8,2067,advancedPawn advantage endgame long sacrifice,19
tfrnL,8/1R3nk1/5p1b/5K1P/8/8/8/8 b - - 7 61,g7f8 f5g6 f7d6 b7b8 f8e7 g6h6,2067,crushing endgame exposedKing long master,7
MJ9kx,r1b2rk1/ppp2ppp/4n3/4N3/1PB1R3/P7/5PPP/3R2K1 b - - 2 20,g8h8 e5f7 f8f7 d1d8 f7f8 d8f8 e6f8 e4e8 g7g6 e8f8,2068,crushing kingsideAttack middlegame pin sacrifice veryLong,21
PBErE,2r2k2/pp1P1ppp/n7/8/8/1K3N2/6rP/3RR3 b - - 0 27,c8d8 d1c1 f7f6 c1c8,2068,crushing endgame pin quietMove short,15
gwOF4,r5k1/1pp2qb1/p2p1n2/8/1n4p1/1P6/P1P1B2Q/1K1R2NR b - - 0 25,f6e4 h2h7 g8f8 h7e4,2068,crushing fork middlegame short,20
sDf1P,r1b2rk1/ppp2pp1/2np3p/6q1/2BP1n1N/2N3P1/PPP2P1K/R2QR3 b - - 3 18,f4g6 c3e4 g5g4 d1g4 c8g4 h4g6,2069,advantage long middlegame pin,27
4mn1C,1r1q1rk1/p1p2ppp/4pn2/8/3P1n1P/1P2QN2/P2N1P2/R4KR1 b - - 4 23,d8d6 d2c4 f6d5 c4d6 d5e3 f2e3 c7d6 e3f4,2070,advantage middlegame veryLong,23
7Bzw7,2kr3r/2q1n2p/R1p3p1/4p3/7P/6P1/PPP3Q1/2K2R2 b - - 1 28,h8f8 f1f8 d8f8 a6a8,2070,crushing middlegame short,18
Crzmc,1r3rk1/4npbp/p3p1p1/2pq4/1p2NP2/3PB3/PPP1Q1PP/R4R1K b - - 2 19,g7b2 c2c4 b4c3 e4f6 g8g7 f6d5,2070,crushing fork long middlegame,26
IoqqT,8/6p1/5p1p/1p1k3B/2pPbPp1/2P1K1P1/1P6/8 b - - 1 49,d5e6 e3e4 f6f5 e4e3 e6f6 h5e8,2070,bishopEndgame crushing endgame hangingPiece long,15
wnI7q,5bk1/5p1p/1K3P2/P3Qp2/1P6/3qP2P/8/8 b - - 0 49,f8b4 e5g3 g8f8 g3b8 d3d8 b8d8,2070,endgame long master mate mateIn3,13
Hw3Nr,r5k1/ppbn2pp/2pq1p2/2Np4/1P1P4/P4N2/4Q1PP/4R1K1 b - - 3 24,b7b6 c5b7 d6f8 e2e6 f8f7 e6c6 d7f8 b7d6 c7d6 c6a8,2071,crushing discoveredAttack fork middlegame veryLong,22
SEZt0,1r3rk1/1pp1nppp/p2pb3/3q2PP/3P1Q2/1PP2N2/P3P3/1K1R1B1R b - - 0 21,a6a5 e2e4 d5e4 f4e4,2071,advantage middlegame short,26
gqOY3,r1b1kbnr/ppp1qppp/2n5/8/2B5/1QNpB3/PP3PPP/R3K1NR b KQkq - 1 8,c8e6 b3b7 d3d2 e1d1 a8b8 b7c6,2071,advantage fork long opening,28
hCKpx,8/3r1p2/4p2Q/1p3pBp/3k3P/5P2/2P3PK/4q3 b - - 3 38,e6e5 h6b6 d4d5 b6b5 d5d6 b5b6,2071,crushing endgame fork long,15
54dd4,r2r2k1/2p2pp1/1pn1p1p1/p7/2P3Q1/qP2PB1P/5PP1/3RR1K1 b - - 1 25,c6e5 f3a8 e5g4 d1d8 g8h7 h3g4,2072,advantage capturingDefender long middlegame,23
S3NhG,2k2r2/4R3/1p6/1PpB2p1/8/2P5/P3pnK1/8 b - - 2 50,f8f5 d5e6 c8d8 e6f5,2072,advantage endgame fork short,13
d3BXx,r4rk1/3N1pp1/p1b1p2p/1p2b3/1Q2P3/2NR4/PPP2PqP/1K1R4 b - - 1 22,e5c3 b4c3 c6d7 d3g3,2072,advantage middlegame short,24
H6gfx,6k1/p5p1/1p5p/2p2p2/2Pb1P2/1P1q2PK/r6P/4R2Q b - - 1 32,d3b3 h1d5 g8h7 d5f5 g7g6 e1e7,2073,crushing endgame long,18
plhDZ,r2qr1k1/5pp1/p3b2p/1p5Q/4N3/b2BR2P/2P2PP1/1R4K1 b - - 1 23,d8d5 e4f6 g7f6 h5h6 d5g5 e3g3,2073,crushing deflection long middlegame pin sacrifice,21
rTt7J,r4rk1/1b3ppp/1q2p3/3pP2P/3P1N2/2Q2N2/2K2PP1/R6R b - - 0 26,a8a1 c3a1 f8c8 c2d2,2073,advantage defensiveMove middlegame short,21
xufpG,8/1p1b4/p4K2/3kPP2/8/8/P7/8 b - - 0 55,b7b5 e5e6 d7c6 f6e7 d5e5 f5f6 c6d5 f6f7 d5e6 f7f8q,2074,advancedPawn bishopEndgame crushing endgame promotion veryLong,8
L1SJY,8/2R4k/7p/p4Nr1/1p2pKP1/8/PPPr2P1/8 b - - 5 32,h7g6 c7c6 g6f7 f5h6 f7e7 f4g5,2075,crushing deflection endgame long,15
d4vix,1k2r2r/p1q2p2/2p2Q2/2pP2pp/5b2/1P5P/PB4P1/2R1R1K1 b - - 1 26,f4c1 b2e5 c1f4 e5c7,2075,crushing middlegame pin queensideAttack short,21
AcvFP,r4q1k/npp3p1/p4b1p/1b2B2N/3P4/1Q6/P5PP/5RK1 b - - 6 24,f8e7 f1f6 g7f6 e5f6 e7f6 h5f6,2076,advantage fork long middlegame,20
BuZlS,5rk1/p5pp/1p6/2p4q/P2pRP2/1P4P1/2Q4P/6K1 b - - 0 34,h5f3 c2c4 g8h8 c4f7 f3d1 g1g2 f8g8 e4e8,2076,crushing endgame veryLong,17
DFken,1b2r1k1/1p4p1/1p6/r3n2R/3p4/1P3N1P/6P1/4R2K b - - 0 32,e5f3 e1e8 g8f7 h5a5 f7e8 a5a8,2078,advantage endgame fork hangingPiece long pin,16
NQOUl,r4rk1/1b3ppp/p1nqp3/1pR5/3PB3/P4N1P/1P3PP1/3Q1RK1 b - - 4 18,c6d4 e4b7 d4f3 d1f3 d6c5 b7a8,2078,crushing hangingPiece long middlegame,24
QNc0R,4R3/6k1/p4q1p/2bb2p1/8/5P1P/PP3P2/3Q2K1 b - - 0 28,d5f3 d1d7 f6f7 d7f7 g7f7 e8e5 c5d6 e5f5 f7g6 f5f3,2078,advantage endgame fork veryLong,15
YO5JL,r3r1k1/b1p2ppp/p7/2pQR3/2P2q2/5N2/PP4PP/R6K b - - 0 21,a8d8 a1e1 f4e5 e1e5,2078,crushing middlegame quietMove short,21
jZzzu,8/1PR4p/5k2/p1P5/P5p1/1r5p/8/6K1 b - - 0 42,g4g3 c7c6 f6f5 c6b6 b3e3 b6b1,2078,crushing defensiveMove endgame long rookEndgame,11
mKRdP,8/1pp3p1/2k1ppp1/1p2P3/1P1P1PP1/P2K3P/8/8 b - - 1 40,c6d5 e5f6 g7f6 h3h4 d5d6 h4h5 g6h5 g4h5,2079,crushing endgame pawnEndgame quietMove veryLong,16
YvA8V,2r2bk1/1q1r1ppp/p2pb3/4nN2/1p1N2P1/4B2P/PPP2Q2/3R1RK1 b - - 3 25,g7g6 f5h6 f8h6 e3h6 f7f5 d4e6,2080,crushing kingsideAttack long middlegame,25
kXQVZ,8/8/6pp/p7/8/k1K4P/5PP1/8 b - - 0 50,a5a4 f2f4 h6h5 g2g4 h5g4 h3g4,2080,crushing endgame long pawnEndgame quietMove,8
w3qm1,8/R3R2p/6pk/3P4/1p2P3/1P1n2PK/5r1P/2r5 b - - 3 36,c1h1 h3g4 f2f7 e7f7 d3e5 g4h3,2081,crushing defensiveMove endgame long,15
93AEx,3R1b2/6k1/5rp1/4p1N1/8/4PPK1/8/8 b - - 0 42,f8d6 d8d7 g7g8 g5e4,2082,crushing endgame master masterVsMaster short,10
NDfBl,1r2r3/2p2p1k/p1p2B1p/3p3P/3Pq3/1P5Q/P2R1PP1/6K1 b - - 4 24,e8g8 d2e2 e4b1 g1h2,2082,crushing endgame short,20
mVCOM,3r2k1/p1p3bp/n5p1/1p1q1p2/2r5/1Q1NB3/PP4PP/3R1RK1 b - - 3 19,c4g4 d3f4 d5b3 d1d8 g8f7 a2b3,2082,crushing discoveredAttack intermezzo long middlegame sacrifice skewer,22
KRRQX,r2r2k1/pb3p2/1p1bR2p/8/7q/1B3PN1/PQ4PP/7K b - - 0 27,d6g3 e6g6 g8f8 b2g7 f8e7 g7f7,2083,long mate mateIn3 middlegame pin,19
IONVm,2R5/6p1/1r1kp2p/5p2/2PK4/7P/6P1/8 b - - 1 43,g7g5 c4c5 d6d7 c5b6 d7c8 d4e5 g5g4 h3g4 f5g4 e5e6,2084,crushing endgame fork rookEndgame veryLong,11
Wv994,5r2/1k4p1/1bppq2p/p1n1p2P/P3P3/B1N5/2PPQ2P/KR6 b - - 10 27,c5a6 c3d5 c6d5 e2b5 a6b4 a3b4,2084,advantage long middlegame sacrifice,22
cbZ41,3r2k1/1b3p1p/5p1B/2p1q3/7Q/5P1P/P1B3P1/7K b - - 3 37,g8h8 h6f4 e5a1 h1h2 h7h5 h4h5,2084,crushing defensiveMove endgame long,16
d4nHV,r3k1r1/p3pp2/2p1nP2/8/3P4/4B1qP/P2QK3/1R5R b q - 1 26,e7f6 b1g1 e6f4 e3f4,2084,advantage master middlegame short,18
NWtpx,2r1r1k1/1p1n2p1/7p/4p3/3p4/P7/2R3PP/2R3K1 b - - 0 31,e5e4 c2c8 e8c8 c1c8 g8f7 c8c4 d4d3 c4e4,2085,crushing endgame veryLong,15
quNfw,1r2r2k/6p1/5p1p/2P5/2QP4/1p2qR1P/6P1/1R5K b - - 1 37,e3e1 b1e1 e8e1 f3f1,2085,advantage endgame short,16
ZwaiP,2rr1bk1/q4p2/4PP1p/p2p2p1/Pp1P4/1N2Q2P/6P1/R1R3K1 b - - 0 32,f7e6 c1c8 d8c8 e3e6,2086,crushing intermezzo middlegame short,22
7qkVf,8/6pp/5p2/k2pp3/P7/1K2PP1P/6P1/8 b - - 0 34,g7g5 g2g4 h7h6 b3a3 d5d4 e3d4 e5d4 a3b3 d4d3 b3c3 d3d2 c3d2,2087,crushing endgame pawnEndgame quietMove veryLong,12
q0eGM,r6k/1p2b2P/p1n1Q3/2p4b/2P4q/P1N5/1PP5/1K4R1 b - - 4 30,h4f6 e6g8 a8g8 h7g8q,2087,advancedPawn mate mateIn2 middlegame promotion short,18
qnTnE,5rk1/R4pp1/3n3p/1pp1p2N/1q1pP3/3P2RP/B5PK/8 b - - 1 33,g7g6 g3g6 g8h7 g6d6,2087,crushing kingsideAttack middlegame pin short,20
1oYnb,4rrk1/ppp3pp/8/3p4/2nP1BQ1/P1P4q/2P4N/R4RK1 b - - 0 20,h3c3 f4h6 f8f7 f1f7 c3a1 f7f1,2088,crushing long middlegame pin,21
FrIkB,r1b2r2/pp3pk1/3p1npp/3qp3/8/P3Q3/1P1N1PPP/2KR1B1R b - - 1 18,d5a2 f1c4 a2a1 c1c2 c8f5 c2b3 a1d1 h1d1,2088,advantage middlegame trappedPiece veryLong,24
JgGUB,r1q3kr/pp3ppp/3QbR2/8/4P3/B1P5/P5PP/3R2K1 b - - 0 20,g7f6 d6g3 e6g4 d1d8 g8g7 d8c8,2088,advantage clearance long middlegame pin,20
taGyR,5r1k/1p3p1p/pq4pN/3P4/1P2P1Q1/P2r2P1/7P/5R1K b - - 5 34,b6e3 h6f7 f8f7 f1f7 e3c1 h1g2,2088,crushing defensiveMove endgame long,19
0Uf94,r4qk1/1pp3p1/p1n1Q2p/P3p3/4P3/1NP1n2P/1P1N2P1/R3K3 b Q - 0 21,f8f7 e6f7 g8f7 e1f2 e3g2 f2g2,2089,advantage long middlegame,22
FUITb,1k1r1r2/p6p/1p6/3p4/8/6P1/2P2qBP/QR5K b - - 1 23,d8c8 a1e5 c8c7 e5d5,2089,advantage endgame short,15
oXDmc,3r4/p5k1/2p5/2PbP1q1/3Q1Rn1/4p1Pp/P1P4P/5RK1 b - - 8 36,g4e5 f4f5 g5g3 h2g3 h3h2 g1h2 d8h8 d4h4 h8h4 g3h4,2089,crushing middlegame pin veryLong,19
snUCd,8/2k5/1p1n1p2/pP1p2pp/P2P1P2/2K5/5PBP/8 b - - 0 34,d6e4 g2e4 d5e4 f4g5 f6g5 d4d5 e4e3 f2e3,2089,crushing endgame quietMove veryLong,16
zy8X8,r5k1/pp4pp/2p1b2b/3pB1q1/3Pp2P/2P5/PP2BQP1/5R1K b - - 0 21,g5e3 e2g4 e3f2 g4e6 g8h8 f1f2,2089,advantage long middlegame sacrifice,23
PJlfM,r3rnk1/5ppp/1qp1b3/1p1PN3/1Pp1P3/2N5/3Q1PPP/R4RK1 b - - 0 22,e6d5 a1a8 e8a8 e4d5,2091,crushing intermezzo master middlegame short,24
XEGiV,2q1n1k1/p2r2pp/1p2b3/2pNp1B1/Q1PnP3/P5P1/1P4BP/5RK1 b - - 1 30,c8b7 a4d7 b7d7 d5e7 d7e7 g5e7,2091,crushing kingsideAttack long middlegame sacrifice,24
aYddr,6k1/6p1/p6p/3Pp3/1r6/8/P5PP/3R2K1 b - - 1 26,b4d4 d1d4 e5d4 g1f2 g8f7 f2f3 d4d3 f3e3 d3d2 e3d2,2091,crushing endgame rookEndgame veryLong,12
1HSlr,5r1k/pp5p/1b4p1/4R3/2B5/7P/Pr4P1/3R3K b - - 4 29,f8f2 d1d7 b2b1 h1h2 b1e1 e5e1,2092,crushing defensiveMove endgame long,15
5nVdh,r3kbnr/pp3ppp/1qn1p3/3pP3/3P2b1/P1N1BN2/1P3PPP/R2QKB1R b KQkq - 4 9,b6b2 c3a4 g4f3 g2f3 f8b4 a3b4,2092,advantage long middlegame,30
tHvl5,r2q2k1/ppp1rp1p/4p1pQ/4n3/4BP2/8/PPP2PRP/2K3R1 b - - 0 18,e5c4 e4g6 f7g6 g2g6 g8h8 g6g7,2092,crushing kingsideAttack long middlegame,23
35Bub,r3r1k1/2p2ppp/bpp2q2/3P1P2/2P5/P1NQ3R/1P4PP/R5K1 b - - 0 20,c6d5 c3d5 f6b2 a1b1 a6c4 b1b2 c4d3 h3d3,2093,crushing middlegame veryLong,23
eij2x,5r2/1p2Rp1p/1q4k1/4Q1p1/1PB2p1n/P4P2/7P/5K2 b - - 0 32,b6f6 c4f7 f8f7 e7e6,2093,advantage endgame master pin sacrifice short,17
3MVkq,r1bq1b1r/ppp2kp1/2n4p/3p3Q/2BPn3/2P5/PP3PPP/RNB1K2R b KQ - 1 8,g7g6 h5d5 d8d5 c4d5 f7g7 d5e4,2094,advantage fork long opening,28
VFvrs,6k1/r4pbp/Pq4p1/6N1/2Q5/7P/5PP1/4R1K1 b - - 4 27,b6a6 e1e8 g7f8 c4c5 a6a1 g1h2,2094,crushing defensiveMove endgame long pin,15
rOsYl,8/8/1k2P3/pp2Ppq1/8/2KQ4/P7/8 b - - 0 45,g5e7 d3d6 e7d6 e5d6 b6c6 d6d7,2094,advancedPawn crushing endgame long queenEndgame,10
xuyRd,r5n1/1pp1k2r/p2bb2p/5p2/8/3B4/PB3PPP/RN2R1K1 b - - 1 17,h7f7 d3c4 e7f8 e1e6,2094,crushing middlegame pin short,21
EakVW,r1bqr1k1/p1p1ppb1/1p1p4/7Q/3P3p/2P1PN2/PP3PPP/R3R1K1 b - - 0 18,f7f6 h5d5 e7e6 d5a8,2095,advantage fork middlegame short,26
4Kqt8,8/3n1pkp/n5p1/3P4/1Pb2P2/P5PP/3N2BK/8 b - - 2 35,d7b6 d2c4 b6c4 g2f1 c4a3 f1a6,2096,advantage endgame long,16
F5XR3,r4rk1/4ppbN/pQ4p1/1p2P3/2p5/P7/1PP1qPR1/2K4R b - - 0 22,g7e5 g2g6 f7g6 b6g6 e5g7 h7g5,2096,crushing defensiveMove kingsideAttack long middlegame sacrifice,21
OX7i2,r1b2rk1/1p2npp1/4qn1p/p2pN3/Pb3BP1/3B1N1P/1P3P2/RQR3K1 b - - 2 25,b4d6 f3d4 e6e5 f4e5,2096,advantage middlegame short trappedPiece,27
E2SO7,8/8/2R4p/4rPp1/3k2P1/2p2K1P/8/8 b - - 1 54,e5c5 c6c5 d4c5 f3e2 c3c2 e2d2,2097,crushing endgame long rookEndgame,10
Sckq9,8/1p6/p1p2k2/P1Pp1ppp/3P1P2/2P1K1PP/8/8 b - - 1 31,f6g6 f4g5 g6g5 e3f3,2097,advantage defensiveMove endgame pawnEndgame short zugzwang,16
qpOgv,5rk1/p4ppp/2Q2N2/4P3/2P2P2/7R/r2q1b1P/5R1K b - - 3 22,g7f6 f1g1 f2g1 h3g3 g8h8 c6f6,2098,fork long master mate mateIn3 middlegame sacrifice,18
t8xSW,4r3/8/1p1p3p/p2P2k1/P5P1/2N2pK1/1P3P2/8 b - - 4 40,e8e2 c3e2 f3e2 f2f4 g5f6 g3f2 e2e1r f2e1,2098,crushing endgame veryLong,14
FsOL2,1k6/1p3p2/pBn2R2/4pBp1/6P1/Pb3P2/1P1K4/7r b - - 8 30,h1d1 d2c3 b3d5 f6h6,2099,advantage defensiveMove endgame master short,17
VL6uu,8/1p6/2p5/1P3k2/2PK1p2/5P2/8/8 b - - 0 34,c6b5 c4b5 f5e6 d4e4 e6d6 e4f4,2099,crushing endgame long pawnEndgame,8
30gEt,r4rk1/1bpp1pp1/1p2pq2/p3N1p1/3P2P1/P2RPP2/1PP5/2K1Q2R b - - 0 19,b7f3 h1f1 f3e4 f1f6,2100,advantage middlegame short,25
cFZrM,8/1p6/1P2p3/3bK3/3P1P2/8/7k/8 b - - 0 51,d5c4 f4f5 e6f5 e5f5 h2g3 f5e5 g3g4 d4d5,2100,bishopEndgame crushing defensiveMove endgame veryLong,8
gOwGf,6k1/2P2p1p/p3rp2/8/5p2/5q2/P4P1P/2RR2K1 b - - 0 36,e6c6 d1d8 g8g7 c1c6 f3c6 c7c8q c6c8 d8c8,2100,advancedPawn crushing endgame master promotion queenRookEndgame veryLong,15
lvoGi,3rrk2/pb1n1ppB/1p5p/2pP1Rq1/8/2N5/PPQ3PP/1K4R1 b - - 5 22,g5e3 f5f7 f8f7 c2g6 f7e7 d5d6 e7f8 g1f1 b7f3 f1f3 e3f3 g2f3,2100,advantage attraction fork middlegame sacrifice veryLong,23
rlwCi,6k1/1p5p/1p1p4/3N1R2/2Pb2p1/1P6/r3r1PP/5R1K b - - 2 26,e2g2 f5g5 d4g7 d5e7 g8h8 f1f8 g7f8 g5g8,2100,endgame mate mateIn4 sacrifice veryLong,17
04xhH,r4rk1/1ppqb1p1/p1np1n1p/4p3/4P2N/1PN1B2P/1PP2PP1/R2Q1RK1 b - - 5 14,f6e4 d1d5 f8f7 d5e4 e7h4 e4h4,2101,advantage fork long middlegame,28
DWRmF,1r2r1k1/1b1R1pb1/p1q2P1p/1p2p1p1/2p1n1N1/N1P1Q1BP/PP4P1/3R2K1 b - - 0 25,g7f6 e3e4 c6e4 g4f6 g8f8 f6e4,2101,advantage attraction capturingDefender deflection fork long middlegame sacrifice,27
IXL7p,r1b2rk1/ppppqp1p/7p/2b1nQ2/4N3/2PB4/PP3PPP/RN3RK1 b - - 1 14,e5g6 f5c5 e7c5 e4c5,2101,advantage master opening short,27
io4WK,rn3rk1/pp4p1/2p4p/8/Q1P3b1/3Bq3/PP1N2PP/R4R1K b - - 1 18,e3d2 d3h7 g8h7 f1f8 b8d7 f8a8 d7b6 a4a7,2101,advantage capturingDefender deflection middlegame veryLong,22
rPS3f,2r5/p2b1kb1/1p1p2p1/3P1p2/1PPNpPp1/P7/1B4K1/1B5R b - - 0 34,c8c4 h1h7 f7g8 h7g7 g8g7 d4f5,2102,attraction crushing discoveredCheck doubleCheck long middlegame,21
2PKU1,3rk2r/3n1p2/pq2p2p/6p1/1pB5/3Q4/PP3PPP/1K1RR3 b k - 5 22,e8g8 e1e6 d7e5 e6b6,2103,crushing middlegame short,21
6qV5s,6k1/prq1n1bp/3NQ1p1/3P4/5r2/3B4/PPP4P/1R5K b - - 1 26,g8f8 b1f1 c7d6 e6d6,2103,crushing middlegame short,19
RAjbY,2kr3r/p4p2/2p1b1p1/3p1q2/1P1B1Ppb/P1P1Q3/4B2P/R4K1R b - - 3 22,f7f6 e2d3 d8e8 d3f5,2103,advantage middlegame short,23
VP097,8/5p2/2k1p3/p5p1/1pKPP1P1/1P5P/8/8 b - - 0 38,f7f6 d4d5 e6d5 e4d5 c6b6 d5d6 b6c6 d6d7 c6d7 c4b5 d7e6 b5a5 e6e5 a5b4,2103,advancedPawn crushing endgame exposedKing pawnEndgame veryLong,12
bYYaN,4r1k1/p1bQ1ppp/8/8/1q6/4PN2/3R1PPP/4K3 b - - 1 28,e8d8 d7c7 b4b1 e1e2,2103,advantage defensiveMove endgame hangingPiece short,16
PMI6L,2r5/1q1nkp2/p3p3/1p2Pp2/2PQ1Pp1/6Pr/P2R3P/3R1KB1 b - - 4 33,d7f8 d4d6 e7e8 d6d8 c8d8 d2d8 e8e7 g1c5,2104,master masterVsMaster mate mateIn4 middlegame morphysMate sacrifice veryLong,22
1CZiO,2r3k1/1p1Q2pp/4p3/p5q1/2p1nNb1/P7/1PP2RP1/5RK1 b - - 1 22,c8d8 f4e6 e4f2 d7d8 g5d8 e6d8,2105,advantage fork long middlegame,20
iS8lA,4r1k1/5Rbp/2p1p1p1/1qPpP3/rP1B2P1/pR6/P4Q1P/6K1 b - - 1 33,e8f8 f7f8 g7f8 f2f6,2105,crushing kingsideAttack master masterVsMaster middlegame short,22
62g6S,3r4/ppq3kp/2p2pp1/5N2/5bQ1/2P4P/PP4P1/4R1K1 b - - 3 23,g7f8 f5d4 d8d4 c3d4,2106,advantage endgame short,19
RXl4s,r1b2rk1/ppqn2pp/4p3/2p1PnN1/2Pp4/1P1B4/P3QPPP/R1B2RK1 b - - 0 17,d7e5 c1f4 c7e7 e2e5,2106,advantage middlegame short,28
3r2tS,r1bq1rk1/pp2b1p1/2n1p3/4P1PQ/3P1B2/2N5/PP4P1/R3K2R b KQ - 0 17,f8f4 h5h8 g8f7 g5g6 f7g6 h8h5,2107,attraction kingsideAttack long mate mateIn3 middlegame,23
dWun2,8/p1nn1k2/1p3pN1/2p1pP2/2PpP1Q1/3q3P/4N3/7K b - - 3 39,d3c4 g4h5 d7f8 g6e5 f7e7 e5c4,2107,crushing discoveredCheck doubleCheck endgame long quietMove,18
jzdeD,8/3R4/6p1/1P1Pkp1p/7P/6P1/3r4/6K1 b - - 0 46,d2d5 d7d5 e5d5 g1f2,2107,crushing defensiveMove endgame rookEndgame short,11
WLp9B,4b3/p5p1/4p2p/3k3P/P2P2q1/2Q2N2/2p2K2/8 b - - 0 35,e8h5 c3c5 d5e4 c5e5 e4d3 e5e3 d3c4 f3e5,2108,crushing endgame master veryLong,14
gXyR4,8/1pp1r1k1/p5p1/2PQP1Pp/1q1p4/6P1/4R1K1/8 b - - 1 39,c7c6 d5d6 e7f7 e5e6 b4c4 d6e5,2108,clearance crushing endgame long,16
s02Aq,r3k2r/1p2ppbp/p2p2p1/2qPP3/Q4P2/2P1nP2/1R2B2P/1N3R1K b kq - 3 20,b7b5 b2b5 e8g8 b5c5,2108,advantage middlegame short,25
sMRgF,2N5/p6k/1p6/1n1bN2p/1P2p1pP/4P1P1/5P2/6K1 b - - 0 36,a7a5 c8b6 a5a4 b6a4,2108,crushing endgame master short,16
O4Bwl,2R5/7k/2b1pp2/2P3pK/1pN1n1P1/4PP1P/7B/7r b - - 1 40,h1h2 c8c7 h7g8 c7c6,2109,crushing endgame fork short,17
lLbCH,7R/1pp4b/3p4/p2Pp3/P1P3pk/4P3/1Pq1B3/4KR2 b - - 8 39,c2c1 e1f2 c1c2 h8h7,2109,crushing endgame pin short,18
qe60F,4k3/5p2/5P1p/ppp1P3/4K3/PP6/7P/8 b - - 2 37,b5b4 a3a4 e8d7 e4d5,2109,crushing endgame master pawnEndgame quietMove short,12
yZqOl,r1b1k2r/ppp2pp1/2pq4/2b1P2p/6n1/2N5/PPPPBPPP/R1BQ1R1K b kq - 0 9,d6e5 e2g4 c8g4 f1e1 e8c8 e1e5,2109,advantage long opening pin,29
L4wGI,2kr1bnr/pppbpppp/2n3q1/6N1/8/2NP4/PPP1BPPP/R1BQ1RK1 b - - 0 8,h7h6 e2h5 g6f5 g5f7 g7g6 f7d8 g6h5 d8c6,2111,advantage fork opening veryLong,30
7Mz1g,6k1/1b1R2pp/p4b2/1p6/4rN2/7B/Pr4PP/5RK1 b - - 3 25,f6d4 d7d4 e4d4 f4e6,2112,advantage middlegame sacrifice short,17
FMDcG,1r1k4/r1p1b3/2pp4/1q2pQP1/8/1PP5/P7/1K1R1R2 b - - 0 32,b8a8 f1h1 b5b3 a2b3 a7a1 b1c2 a8a2 c2d3 a1d1 h1d1,2112,crushing middlegame quietMove veryLong,17
y6IB0,3r1Bk1/1p1n1q1p/8/8/4Q3/P3P1Pb/5P1P/2R2RK1 b - - 0 32,h3f1 f8e7 d8e8 e4g4,2112,crushing middlegame short,17
4pDnb,8/4bk2/3p4/8/2Q1q3/5p2/PP6/K1R5 b - - 5 54,e4c4 c1c4 e7g5 c4c3 f3f2 c3f3,2114,crushing endgame long,10
B4lg8,5r2/2P3k1/6pp/p1P1n1q1/1p1QPn2/1P2R1NP/P1B3PK/5b2 b - - 0 40,f4g2 g3f5 g7h7 d4e5 g5f4 e5f4,2114,advantage interference long middlegame pin,22
jUoeg,8/5pp1/8/5PP1/p2k3P/8/1K6/8 b - - 0 45,d4e4 f5f6 g7f6 h4h5 e4f5 g5g6 f7g6 h5h6 g6g5 h6h7,2114,advancedPawn crushing endgame pawnEndgame quietMove sacrifice veryLong,8
uDVzY,2b1r1k1/p4p1p/2pb1Pp1/2qpp1QP/8/8/P1P3P1/1R3R1K b - - 0 26,e5e4 h5g6 h7g6 g5h6 d6f8 h6g6 f7g6 f6f7 g8g7 f7e8q,2114,advancedPawn crushing fork middlegame promotion sacrifice veryLong,21
Fm8gr,5r2/p1r5/3qp1p1/3n1kN1/3PpPN1/2Pb3Q/1P1K4/R6R b - - 13 36,d6f4 g4e3 f5g5 h3h6,2115,crushing discoveredCheck doubleCheck master middlegame sacrifice short,20
Vdaeu,8/2P5/1pK4p/1P6/6bk/8/8/8 b - - 3 62,h4g3 c6b6 h6h5 b6a7 h5h4 b5b6 h4h3 b6b7 h3h2 b7b8q,2115,advancedPawn bishopEndgame crushing endgame master promotion veryLong,7
kuZIW,r2qr1k1/pp3p2/6pR/3N4/6Q1/8/PPP2K2/7R b - - 0 23,d8d5 h6g6 f7g6 g4g6 g8f8 g6f6 d5f7 h1h8,2115,endgame killBoxMate mate mateIn4 pin sacrifice veryLong,16
BdSc7,5rk1/p4ppp/4p1P1/4N3/3P2P1/2r1nQ2/1q3P2/R4RK1 b - - 0 25,e3f1 g6f7 g8h8 e5g6 h7g6 f3h1 f1h2 h1h2 c3h3 h2h3,2116,advancedPawn mate mateIn5 middlegame sacrifice veryLong,19
NOnO6,8/2kbb2p/p1pNp1p1/2PpP1P1/3N3P/8/P3K3/8 b - - 0 27,e7d6 e5d6 c7b7 d4f3 e6e5 f3e5,2116,crushing endgame long quietMove,17
S1Hxn,6b1/8/5p1P/1kp1P3/5P2/1PK5/8/8 b - - 0 42,f6e5 f4f5 b5c6 f5f6,2117,bishopEndgame crushing endgame quietMove short,9
gZ2Zk,r3k2r/4nppp/2p2q2/p2pN3/Pp3nQ1/1B1P4/1PP2P1P/4R1RK b kq - 13 21,e8g8 e5d7 f6h6 e1e7,2118,advantage discoveredAttack fork middlegame short,25
BJoFv,1r1r1k2/p3npbQ/q3p2N/7R/3P4/4P2P/P4PP1/5RK1 b - - 4 28,a6e2 h5g5 g7h6 h7h8 e7g8 g5g8 f8e7 g8d8 b8d8 h8h6,2119,crushing fork middlegame sacrifice veryLong,20
LdUei,5rk1/p3bpp1/1q3B1p/8/8/2N2Q2/Pr3PPP/3R1RK1 b - - 0 19,e7f6 c3a4 b6b7 a4b2 b7f3 g2f3,2119,advantage fork long middlegame,19
cyFZ8,8/1p3pp1/p6p/q1p2Qbk/8/4P1P1/5PK1/8 b - - 3 38,a5b5 f5f7 g7g6 f7f3,2120,endgame mate mateIn2 short,14
FHCgX,r7/pppbQkpp/5n1q/8/3p4/7P/PPP2PP1/1K1RR3 b - - 2 21,f7g6 d1d3 a8e8 d3g3,2121,advantage middlegame short,21
qEjiK,r1bqk2r/pp1n1ppp/2p2n2/4P1B1/4N3/6P1/PPP1PP1P/R2QK2R b KQkq - 0 10,d7e5 e4f6 g7f6 d1d8 e8d8 g5f6,2121,attraction crushing long opening,27
tRa6J,r2q3r/ppp2k1p/2np1p2/8/4P1bQ/2N5/PPP2PPP/R4RK1 b - - 0 15,c6e5 f2f4 f6f5 h4d8 a8d8 f4e5,2121,advantage long middlegame,24
4AkUu,8/Pk3pp1/2n4p/1N6/5K1P/8/6P1/8 b - - 6 49,c6a7 b5a7 b7a7 f4e5 a7b6 e5d6,2122,crushing defensiveMove endgame knightEndgame long,10
JgfQc,8/8/8/4kppp/8/4KPP1/7P/8 b - - 2 53,f5f4 g3f4 g5f4 e3d3 h5h4 d3c4,2122,crushing defensiveMove endgame long pawnEndgame,8
hKRsx,r5k1/3qpp1p/3p2pb/3P4/r1p1P3/2B2P1P/1QR3P1/1R5K b - - 0 28,a4a2 b2a2 a8a2 b1b8 h6f8 c2a2,2122,clearance crushing intermezzo long middlegame sacrifice,21
lUGtK,rnb2rk1/ppb2p1p/2pq1n2/3p4/3P1B2/1BP3P1/PP5P/R1Q2R1K b - - 0 18,d6d8 f4c7 d8c7 c1g5 g8h8 g5f6,2122,clearance crushing fork long opening,26
zYYwv,r1bqr1k1/1p3p1p/p2p1nPQ/6N1/2Pnp3/3B4/PP3PP1/RN2K2R b KQ - 0 15,d8e7 g6f7 e7f7 g5f7,2122,advancedPawn advantage fork middlegame short,26
3CFrQ,2r5/3kn2p/1P2pp2/1KP3p1/8/R6P/5P2/8 b - - 4 42,e7c6 a3d3 d7e7 b6b7 c8c7 b5b6 c7b7 b6b7,2123,advancedPawn crushing endgame veryLong,13
4L0v8,5rk1/1p1b1pbp/2pp1qp1/2PPp2n/4P3/2N1BPP1/2n1N1BP/2Q2RK1 b - - 2 22,c2d4 e3g5 d4b3 c1e3,2123,advantage clearance defensiveMove middlegame short,27
g7Eye,1kb4r/5Rpp/p3pb2/8/N1Nqp1P1/2P5/P3Q2P/1K6 b - - 0 27,d4d3 e2d3 e4d3 c4a5,2123,crushing defensiveMove middlegame short,19
gPHHR,8/8/5k2/4p1pp/6P1/4PK2/7P/8 b - - 0 48,h5h4 f3e4 f6e6 h2h3 e6d6 e4f5 d6d5 f5g5,2123,crushing endgame pawnEndgame quietMove veryLong zugzwang,8
34XTT,r5qk/p3pprn/1p1p3R/2pP2N1/5P2/1P1BP1Q1/P7/b3K3 b - - 2 30,f7f6 d3h7 g8h7 h6h7 g7h7 g5h7,2125,advantage exposedKing kingsideAttack long middlegame,22
PTcPA,r4bnr/1p3ppp/p3p1k1/5q2/3Q4/1P3P2/P1P2P1P/R1B1R1K1 b - - 1 17,g8f6 e1e5 a8d8 e5f5 d8d4 f5g5,2126,advantage long middlegame,23
dozS4,rn3R2/3b4/6pk/2pPP3/ppP5/2bK3P/P5B1/8 b - - 0 34,b4b3 d3c3 b3a2 c3b2 h6g7 f8d8,2126,advantage endgame long,17
j9KaP,q3r1k1/5pbR/p5p1/1p1bp1N1/1Pr5/P6Q/6PP/1B3RK1 b - - 1 28,c4f4 h7h8 g7h8 h3h7 g8f8 h7h8 f8e7 h8e5 e7d7 e5f4,2126,advantage clearance deflection fork interference middlegame sacrifice veryLong,21
qUREx,8/p7/1pp3p1/4k2p/PP2P2P/3K2P1/8/8 b - - 0 43,a7a6 a4a5 b6a5 b4a5,2127,crushing endgame pawnEndgame short,12
9ljao,1r5r/1p2ppk1/6p1/p2P4/3BP3/P6R/4q1PK/1Q6 b - - 2 30,e7e5 d4e5 f7f6 e5b8 h8h3 h2h3,2128,crushing endgame fork long,17
da6t7,5rk1/p2q2p1/1p1pbb1p/1PrNp3/P1PpP3/5BPP/5P2/2RQK2R b K - 2 20,e6h3 g3g4 f6g5 h1h3 g5c1 d1c1,2128,advantage interference intermezzo long middlegame quietMove,26
fC1BP,r1b2r1k/ppq2pp1/2pb3p/3pNP2/4B3/2P3BP/PP4P1/R2QR2K b - - 0 22,d5e4 e5g6 f7g6 g3d6 c7d8 d6f8,2128,crushing discoveredAttack fork long middlegame,26
MoZFt,4rrk1/p2p4/2b4p/1B1p4/PQ2pppP/1P4P1/1qP2P1R/5RK1 b - - 1 29,b2c2 f2f3 a7a5 b4f8 e8f8 h2c2,2129,advantage exposedKing long middlegame,23
Rj2R5,5Q2/5p1k/5K2/1p3P1p/2b5/6r1/7r/5B2 b - - 1 40,c4d5 f8d6 h5h4 d6d5,2129,crushing endgame fork master short,11
b0JvZ,r2n2k1/2q2p2/p4n1Q/1p6/2p5/P1P2P1P/1P3P1b/1B2R2K b - - 0 26,c7f4 e1g1 h2g1 h6f4,2129,crushing deflection middlegame short,20
DRRsT,3r2k1/2q2p1p/3n2p1/2pB4/5Q2/8/1P3P1P/4R1K1 b - - 2 31,d6b5 f4f6 d8f8 e1e7 c7e7 f6e7,2130,crushing endgame long,15
OpqnG,r2q2k1/p3n1b1/3p1Pp1/4pbB1/2p5/2Q5/PP3P2/R4RK1 b - - 2 23,e7d5 c3c4 f5e6 f6f7 g8f7 g5d8,2130,crushing long middlegame,20
XPqiZ,2rq1rk1/1b2bp2/pp2p2Q/4N3/3Pp2P/P1P5/1P3PP1/R3K2R b KQ - 0 19,e7f6 h1h3 f6e5 d4e5,2130,crushing middlegame quietMove short,23
v73Oe,r4rk1/2p2p1p/pbn3p1/1p1q1b2/1P1PN3/P2Q4/1BB2PPP/R4RK1 b - - 3 18,b6d4 e4f6 g8g7 f6d5 f5d3 b2d4 c6d4 c2d3,2130,advantage fork middlegame veryLong,26
13KR3,8/5p2/8/3kPPP1/p1p4p/4K2P/1B6/5b2 b - - 0 43,f1h3 e5e6 f7e6 f5f6,2131,bishopEndgame crushing endgame master short,12
Qeco7,3q3k/1p3prp/5p1Q/4pPP1/p2pP3/1brP1N1P/8/1R4RK b - - 0 30,f6g5 g1g5 d8g5 f3g5,2131,crushing middlegame short,22
ZzFWZ,8/2pnkpp1/3bb2p/1PN1p3/r1P1P3/3NB2P/r4PP1/1RR3K1 b - - 0 26,a4c4 c5e6 c4c1 d3c1,2131,advantage master masterVsMaster middlegame short,23
f7waV,3Nkb1r/p1R1n2p/1p2pBp1/8/8/8/PP3PPP/6K1 b - - 0 24,e8d8 c7a7 h8g8 f6e7,2131,crushing endgame short,18
sXRJ6,r5Q1/1pkr1PqB/8/p1bp1P1p/P1p3bP/2P2PR1/1P4K1/R7 b - - 2 32,a8g8 f7g8q g7e5 f3g4 c5d6 g4h5,2131,advancedPawn advantage long middlegame promotion trappedPiece,23
0ydHc,8/5p2/5p1p/4pPP1/4K2P/1pk1N3/8/8 b - - 0 46,h6g5 h4h5 g5g4 h5h6 g4g3 e4f3,2133,crushing endgame knightEndgame long master quietMove,11
4Zxt5,r4r2/6R1/4N2k/p3Bp2/1b2b3/7P/P4PP1/6K1 b - - 4 32,f8g8 e5f4 h6h5 g2g4 f5g4 h3g4 h5h4 f4g3 h4h3 e6f4,2133,exposedKing mate mateIn5 middlegame veryLong,15
3NvBf,r3k2r/pppb2b1/2npp2p/5p2/3P1P2/2Q1PN2/PPP1Bq1R/2K3R1 b kq - 3 19,g7d4 e3d4 f2g1 f3g1,2134,advantage middlegame short trappedPiece,26
7tCH5,r2q1k2/ppp2ppQ/5b1p/4r3/1PPp4/3B4/P5PP/4RRK1 b - - 0 19,f8e7 e1e5 f6e5 f1e1,2134,advantage clearance middlegame pin short,22
GgYx6,rn3rk1/ppq2ppp/3b4/3pN3/2pP1P2/5B2/PP1Q2PP/R4RK1 b - - 0 16,f7f6 f3d5 g8h8 e5g6,2134,crushing kingsideAttack middlegame short,25
WILqt,1k3r2/1b1q4/pp1R4/4Q3/6p1/1NP2rPp/PP2R2K/8 b - - 0 38,d7f7 d6d8 b8a7 e5b8,2134,discoveredCheck doubleCheck mate mateIn2 middlegame queensideAttack short,18
lqQEJ,r1bq1rk1/pp1nb1p1/4Qn1p/8/3P4/3B1N2/PP3PPP/R1B2RK1 b - - 0 13,g8h8 f3h4 d7e5 e6e5,2134,crushing opening quietMove short,25
ptM1j,1r2k3/1pR2p2/3B2pp/2P5/p4P2/8/bP5K/8 b - - 1 37,b7b5 c7e7 e8d8 c5c6,2134,crushing endgame short,14
OxulP,r1b3kr/ppp3pp/2n5/2bpPqN1/3p4/6Q1/PPP2PPP/RNB1R1K1 b - - 5 12,f5c2 g3f3 c2f5 f3d5,2135,advantage opening short,28
1hhOL,r3q1r1/p4bk1/3b1npp/1p1Pp3/5P1Q/2BB4/PP4PP/R3R1K1 b - - 0 23,b5b4 f4e5 d6c5 c3d4 c5d4 h4d4,2136,advantage fork long middlegame,24
2dpKh,r4rk1/ppp1b1pp/2nqb3/5p2/2NP4/1Q2PB2/PP4PP/R1B2RK1 b - - 0 14,d6d7 d4d5 e6d5 f1d1,2136,advantage fork middlegame short,26
63fki,3r1b1k/1q4p1/p4pNp/1p2pP2/2r1P1Q1/7R/PP4PP/5R1K b - - 3 32,h8g8 h3h6 g7h6 g6e7 g8f7 g4g6 f7e7 g6h7 e7e8 h7b7,2136,advantage discoveredCheck doubleCheck kingsideAttack middlegame sacrifice skewer veryLong,22
RHSJA,4r3/5kp1/pp2p3/5qBQ/P2p3R/3P4/1Pr2PPP/6K1 b - - 3 31,f5g6 h4f4 f7g8 f4f8 e8f8 h5g6,2136,advantage endgame long pin,19
FTfgQ,5Q2/1pkr2pp/r1p2pb1/4p3/qRp5/3P1B1P/P4PP1/5RK1 b - - 1 31,a4a3 b4b7 c7b7 f1b1 a6b6 b1b6 b7b6 f8a3,2138,attraction crushing middlegame sacrifice veryLong,22
vTfhK,4r2k/pp4p1/1bp4p/3rBP1q/8/1P4P1/PQ4KP/4RR2 b - - 2 29,e8e5 e1e5 b6d4 b2e2 h5e2 e5e2,2138,advantage long middlegame,20
B9ZKe,3r4/5k1p/3r1p2/4q3/5R2/5RQ1/6PK/8 b - - 1 55,d8g8 f4f6 e5f6 g3d6,2139,crushing discoveredAttack endgame pin short,11
YTL7d,r1b1k2r/1pqnbppp/p2pB3/3N2P1/P2nP3/8/1PP2P1P/R1BQK2R b KQkq - 1 12,c7d8 e6d7 c8d7 d1d4,2139,advantage opening short,28
b2zvJ,2k2r2/ppp2N1R/4p1p1/1b1pP3/6q1/1PQP4/PK3P2/8 b - - 4 27,b5c6 c3c5 f8f7 h7f7,2139,crushing endgame master short,19
e0nUD,8/5p1p/1p3P2/p2kpP2/6P1/P4K2/1P6/8 b - - 0 30,b6b5 g4g5 e5e4 f3f4 e4e3 f4e3 d5e5 g5g6,2139,crushing defensiveMove endgame pawnEndgame quietMove veryLong,12
rXwVz,r3r1k1/pppQ1pp1/7p/8/3P4/4P3/qPP3PK/4RR2 b - - 1 19,a2b2 f1f7 g8h8 f7g7 b2c2 e3e4,2139,crushing defensiveMove endgame long,19
0E9Hw,rn4k1/1ppq3p/3p1rp1/p3p3/2P1P1b1/5PP1/PP2N1BP/R2Q1RK1 b - - 0 14,g4h3 g2h3 d7h3 d1d5 g8g7 d5b7,2141,crushing long middlegame pin,26
1Isxk,8/2pr4/1p2Rp1p/p3p1kP/P3K1P1/2P2P2/2P5/8 b - - 2 32,d7d6 e6d6 c7d6 c3c4,2141,crushing defensiveMove endgame rookEndgame short,16
BJJNA,r7/pp1k2pp/8/2b1Q3/8/q1P2K2/P4PP1/3R4 b - - 1 26,d7c6 e5d5 c6b6 d1b1 b6a5 b1b3,2141,advantage endgame exposedKing long,15
KRxe2,r2qkb1r/pp2pppp/2n2n2/3p2B1/3P2b1/3B1N2/PPP2PPP/RN1Q1RK1 b kq - 4 7,c6d4 g5f6 d4f3 g2f3 g7f6 f3g4,2141,advantage long opening,30
PlicS,8/5Qpk/3P3p/p3p1q1/1p1pP3/5P2/Pn2B1PP/5K2 b - - 0 35,d4d3 f7f5 g5f5 e4f5 b2c4 d6d7 c4e3 f1f2,2141,advancedPawn crushing endgame veryLong,18
VtIzp,8/5pk1/6p1/5r1p/5R1P/4K1P1/5P2/8 b - - 4 43,g7f6 e3e4 f6e6 f4f5,2141,crushing endgame rookEndgame short,10
g7XS5,2k5/1pnr1qp1/1Bpb2p1/Q7/P2PR2p/2P2P2/1P4PP/6K1 b - - 2 31,f7b3 a5a8 c7a8 e4e8 d7d8 e8d8,2141,long mate mateIn3 middlegame operaMate queensideAttack sacrifice,21
uRUpG,R7/5p1k/3q1npp/2Np4/1P3P2/3QP2b/4B1r1/7K b - - 0 29,f6g4 e2g4 g2g4 d3d4,2141,advantage middlegame short,17
FWNWc,r7/5k2/8/1p1p1p2/rP1PpK2/P1R5/8/R7 b - - 1 40,a4b4 c3c7 f7f6 a1h1,2142,crushing defensiveMove endgame master rookEndgame short,13
QCVwg,3r2rR/1bkn4/1p1qp3/p1p3p1/4P1P1/1PQ5/2P1N1B1/2K4R b - - 0 30,d7e5 h8g8 d8g8 h1d1,2142,advantage middlegame short,21
AIG2A,3r1rk1/pR4pp/8/2pp4/q1P1n3/3Q1N1P/6P1/4R1K1 b - - 0 24,e4f6 e1e7 f6h5 f3g5,2143,crushing master middlegame short,18
BIj6P,1r6/8/2kp4/2p1p1p1/b1P1P1Pp/p1RN1P1P/P2K4/8 b - - 15 72,b8b1 c3a3 b1d1 d2c3,2143,crushing defensiveMove endgame master short,18
IeoGm,8/7p/1k4pP/1b1N1p2/3K1P2/p7/6P1/8 b - - 0 52,b6a5 d4c3 a3a2 c3b2 b5c4 d5f6,2143,crushing endgame long,11
PzYfA,r6r/pp2p1k1/1q1pNnp1/8/3pP3/1B1P2Q1/P1P3PP/6K1 b - - 3 19,g7h6 g3h4 f6h5 h4g5 h6h7 g5e7,2144,crushing long middlegame,21
ht7St,5rk1/pp1rbpp1/4pn1p/2p1B3/3P3Q/2qBR2P/P4PP1/1R4K1 b - - 1 20,c3a5 e3g3 a5d2 e5f6 e7f6 h4f6,2144,advantage long middlegame pin,24
GjqO9,5k2/8/5PPK/1p2p3/1P6/3b1P2/8/8 b - - 1 46,e5e4 g6g7 f8f7 h6h7 f7f6 g7g8q,2145,advancedPawn bishopEndgame crushing endgame long promotion,9
lc14H,8/5ppk/7p/p2q4/PpQp4/1P1P3P/5PP1/6K1 b - - 3 35,d5e6 c4e6 f7e6 f2f4 e6e5 f4e5,2146,crushing endgame long queenEndgame quietMove,16
O58Ku,r4r1k/3qbppp/p2pnn2/1p2P1B1/2p5/N3Q2P/PP3PP1/1BKRR3 b - - 0 18,f6e8 g5e7 d7e7 e3e4,2147,advantage middlegame short,27
dYAoy,7r/3k4/3p1p1q/p3pPrp/PpPpP1PR/1P1P1Q2/5K2/7R b - - 0 41,g5g4 h4g4 h6d2 f3e2,2147,advantage endgame short,22
f1sFk,8/5Qbk/4p1p1/7p/4B3/2p4P/3q1PPK/8 b - - 1 38,h7h8 f7e8 h8h7 e8g6 h7g8 g6e8,2147,crushing endgame exposedKing long,13
oBOvD,r5k1/5pp1/4p2p/3b1P2/1P6/P3R1BP/5QPK/q7 b - - 0 38,a8a3 g3e5 a3a2 f2g3 a2g2 g3g2 d5g2 e5a1,2147,clearance crushing endgame veryLong,17
bx8yw,8/8/4R2p/3k1P2/7r/1p2KB2/b7/8 b - - 3 52,d5c5 f5f6 b3b2 f6f7 a2e6 f7f8q,2148,advancedPawn crushing endgame long promotion,9
rphNU,3r1rk1/p1p2p1p/1p3p2/n6q/8/2PBR3/P1Q2P1P/3R3K b - - 1 21,a5c4 d1g1 g8h8 d3c4,2149,advantage middlegame short,20
st54y,r1bqr3/pp3pkp/1n1p1np1/3P4/8/2N2N2/PP2BPPP/2RQ1RK1 b - - 2 15,b6d5 c3d5 f6d5 e2b5 d5f6 b5e8,2149,advantage long master opening,26
XJTbx,r5k1/1ppnr1p1/3qp1NB/p4pQP/3P4/2P2P2/1P4P1/4R1K1 b - - 4 29,e7f7 h6g7 f7g7 h5h6,2150,crushing master middlegame sacrifice short,22
eu5vH,8/1p6/3r2p1/3P4/3KP1P1/7P/1k6/8 b - - 1 46,d6d8 e4e5 b7b5 e5e6 d8e8 d4e5,2150,advantage defensiveMove endgame long quietMove rookEndgame,9
SJxr4,3qk3/3p1pp1/1p2pn2/nBP5/7Q/B4PPp/7r/4RK2 b - - 0 27,d8e7 h4h8 e7f8 h8f8 e8f8 c5c6 f8g8 c6c7 h2c2 e1c1 c2c7 c1c7,2151,advancedPawn advantage discoveredAttack discoveredCheck middlegame veryLong,19
UqawZ,rnb2rk1/pp3ppp/2p1p3/q3N3/4P3/PP1B4/1BP2QPP/R6K b - - 2 17,b8d7 e5d7 c8d7 f2d4 a5g5 d4d7,2151,advantage long middlegame,25
2xxX9,3r1rk1/pb1q1ppp/4pb2/2p5/4B3/2P5/PP2QPPP/R1B1R1K1 b - - 3 16,g7g6 e2f3 f6g7 e4b7,2152,crushing master middlegame short,24
XZEY4,8/8/2p1k1p1/2Pp1p1p/5P1P/3KP1P1/8/8 b - - 2 37,e6f6 d3c3 f6e6 c3b4 d5d4 e3d4 e6d5 b4c3,2152,crushing defensiveMove endgame pawnEndgame veryLong,12
aN39v,8/8/6BP/p3k1P1/Pp6/2r5/PK6/8 b - - 0 59,e5f4 h6h7 c3h3 g6h5 h3h5 g5g6 f4f5 g6g7 h5h7 g7g8q,2152,advancedPawn crushing endgame promotion quietMove sacrifice veryLong,10
s4kJp,r1b1R3/pp4kp/1n3p2/5qp1/8/1P6/P1P2PPP/R1Q3K1 b - - 2 25,a7a5 c1a3 c8d7 a3f8,2152,crushing middlegame short,20
yfFkj,5rk1/5pp1/p2qPb1p/1p2N2Q/4P3/P6P/5PP1/3R2K1 b - - 0 32,d6e5 h5e5 f6e5 e6e7,2152,advancedPawn crushing endgame short,19
mQr5l,2kr2nr/ppp1qppp/2n5/4Pb2/3pN3/3B1N2/PP1Q1PPP/R3R1K1 b - - 4 12,c6e5 f3e5 e7e5 e4g3,2153,crushing middlegame short,27
sO6Yf,5n2/8/3Kp3/4Pk2/3P4/2P5/8/8 b - - 6 55,f5e4 d6e7 f8g6 e7e6 g6f4 e6d6,2153,crushing defensiveMove endgame knightEndgame long,7
ysVm2,r4k1r/1b3p2/p4b1p/3q1N1Q/3p4/6R1/PP3PPP/4R1K1 b - - 2 24,b7c8 e1e8 f8e8 f5g7 f6g7 h5d5,2153,advantage attraction discoveredAttack long middlegame sacrifice,20
HLRGo,1r4k1/p4pb1/1q1p1npp/2p1p1N1/1nP1N3/4PQ2/P3BPPP/5RK1 b - - 1 22,f6e4 f3f7 g8h8 g5e4,2154,advantage intermezzo kingsideAttack middlegame short,25
NI0cM,8/2R3P1/r3k3/5p1P/5K2/8/p7/8 b - - 0 53,a6a8 c7a7 a8a7 g7g8q,2154,advancedPawn crushing deflection endgame promotion rookEndgame short,8
UEZvn,8/8/5P1k/4K1p1/7p/6P1/8/8 b - - 0 57,h6g6 g3h4 g5h4 e5e6 h4h3 f6f7 g6g7 e6e7,2155,advancedPawn crushing defensiveMove endgame pawnEndgame veryLong,6
dYI5y,8/6R1/1pk4p/7P/5rP1/2K5/8/8 b - - 1 54,f4f6 g7g6 f6d6 g4g5 h6g5 g6d6 c6d6 h5h6,2155,crushing endgame rookEndgame veryLong,8
W0bfS,r4rk1/1p1q1p1p/p1np2p1/2pN4/4QP2/6P1/PbP1B2P/1R2R1K1 b - - 1 20,a8e8 b1b2 e8e4 d5f6 g8g7 f6d7,2156,advantage fork long middlegame sacrifice,24
xjYWB,r1bq1r2/pp1npk2/3pp3/7Q/2P4P/1P6/P4PP1/R3K2R b KQ - 0 17,f7g7 h1h3 d8a5 h5a5,2156,advantage middlegame quietMove short,21
4pDEm,4Q3/pq3rkp/1p4p1/2p3P1/3rRP2/1P6/PB4K1/8 b - - 11 40,f7f4 b2d4 c5d4 e8e5 g7g8 e5f4,2157,crushing endgame fork long,17
PJN0n,3R4/pp3p1p/1k1R4/4P3/1P6/K5P1/1r3r1P/8 b - - 5 30,b6b5 d6d5 b5a6 d5a5 a6b6 d8d6 b6c7 a5c5 c7b8 d6d8,2158,endgame mate mateIn5 rookEndgame veryLong,14
YmNZv,r4rk1/1p1nnpp1/p1pb1q1p/4p3/1P2P1b1/P1N2N2/2PBBPPP/R2Q1RK1 b - - 0 12,f6g6 f3h4 g4e2 h4g6 e2d1 g6f8,2158,advantage long middlegame,30
2q5YQ,2kr4/p2r1ppp/1p6/2pB3b/4Pq2/3R1P1P/P1Q2P2/3R1K2 b - - 3 22,c8c7 c2a4 c7b8 a4c6 d7d5 d3d5 d8c8 d5d8,2159,crushing middlegame pin veryLong,21
bsqso,3r2r1/1ppbk1p1/1q1p1bQ1/8/2P1PB2/1P3P2/P4RPP/3R2K1 b - - 2 27,f6d4 d1d4 b6d4 f4g5 e7f8 g5d8,2159,crushing long middlegame sacrifice skewer,22
lDNTL,r2q1rk1/p1p2ppp/1p1bpn2/4n1Bb/8/2N2NPP/PPP1BP1K/R2Q1R2 b - - 1 13,d8b8 f3e5 d6e5 e2h5 f6h5 d1h5 e5c3 b2c3,2159,crushing discoveredAttack middlegame veryLong,29
ZCT8v,r3kbnr/pbpqp3/1p3p2/3Pp1p1/4P2P/2NB2Q1/PPP2KP1/R6R b kq - 2 14,g5h4 g3g6 e8d8 d3b5 c7c6 d5c6,2160,advantage long middlegame,27
cFmpp,5rk1/1p2Qpp1/pq5p/3R4/5PnB/8/PPr3PP/4R2K b - - 0 21,g4f2 h4f2 c2f2 d5d6 b6d6 e7d6,2160,advantage long master middlegame,20
EOZXD,8/p5pk/1p1n1r1p/3p4/P2P3P/1PN1Q1P1/2q1R1K1/8 b - - 4 44,c2b3 c3e4 b3e3 e4f6,2161,advantage endgame master sacrifice short,18
NNDM6,3r4/3knq2/8/1Q1pp3/8/1P6/P1P5/1K1R4 b - - 4 42,e7c6 b5b7 d7e6 b7c6,2161,advantage deflection endgame short,12
Thwoz,1k6/1P4Rp/2p2p2/4n3/8/2P1q3/5BPP/5BK1 b - - 3 32,e3c3 f2b6 c3c2 b6c7 b8b7 c7e5,2161,advantage discoveredAttack discoveredCheck endgame exposedKing long quietMove,14
pe2Cs,5r2/1p4k1/2p4p/p1p1rppP/2P5/PP2P3/3P1RP1/2K2R2 b - - 3 26,g7f6 d2d4 c5d4 e3d4 e5e8 f2f5,2161,crushing endgame long master rookEndgame,20
JaBIY,r2q1rk1/1bp2pp1/ppNb3p/8/2Q1N3/8/PPP2PPP/3R1RK1 b - - 0 16,d8h4 e4d6 h4c4 c6e7 g8h7 d6c4,2162,advantage intermezzo long middlegame sacrifice,24
t69MP,r1r3k1/5ppp/p1p5/2R5/1Q6/6P1/qP3P1P/2R3K1 b - - 0 25,a8b8 c5c6 a2e6 c6e6 c8c1 g1g2,2162,crushing defensiveMove endgame long,17
u0RGG,3r1rk1/1b3pb1/pq2p1pp/1p2PP2/3p3Q/7R/PP1BB1PP/1R5K b - - 0 21,e6f5 d2h6 g6g5 h6g5,2162,crushing middlegame short,25
hADaZ,8/8/2p2P2/3pB3/3P2k1/2pK4/3b4/8 b - - 0 54,d2h6 e5d6 g4f5 f6f7 c3c2 d3c2,2163,advancedPawn bishopEndgame crushing endgame long quietMove,9
krEqt,r1bq1b1k/pppn2Br/2n1p1Q1/3pPp1N/3P4/2PB1P2/PP3P2/R3K2R b KQ - 6 18,f8g7 g6g7 h7g7 h5f6 g7h7 h1h7,2165,arabianMate discoveredAttack exposedKing kingsideAttack long mate mateIn3 middlegame sacrifice,28
enzPt,8/p7/3k2pp/2P2p2/3K3P/6P1/P7/8 b - - 0 35,d6c6 d4e5 c6c5 e5f6 g6g5 h4g5 f5f4 g3f4,2166,crushing endgame pawnEndgame veryLong,10
41TYS,3r1rk1/pb3ppp/1p2pn2/2bqN3/2B2P2/2P5/PP2Q1PP/R1B2R1K b - - 5 15,d5d6 b2b4 c5b4 c3b4,2167,advantage master middlegame short trappedPiece,26
AGUkj,r1bq1rk1/pp3ppp/5n2/2ppb1B1/8/2PBP3/PP1N1PPP/R2Q1RK1 b - - 3 11,c8g4 g5f6 e5h2 g1h1,2167,crushing opening short,28
HBcO4,8/4Kpk1/3P1p1p/8/4Pp2/5P2/6PP/2r5 b - - 1 50,c1d1 d6d7 f6f5 e4e5 d1d5 d7d8q d5e5 e7d6,2168,advancedPawn crushing endgame promotion quietMove rookEndgame veryLong,12
tfeOW,r2q1rk1/pppbnpp1/1bn4p/1B2P3/4Q2B/2N2N2/PP3PPP/R4RK1 b - - 1 12,a7a6 b5d3 d7f5 e4f5 e7f5 h4d8,2168,crushing long middlegame,28
PDIKb,6k1/3n1p1p/1pBp2p1/1r6/1PbR4/2r3PP/5P2/2N1R1K1 b - - 1 24,d7e5 d4c4 c3c4 c6b5,2169,advantage master masterVsMaster middlegame short trappedPiece,19
WhyOO,r3k2r/3b1ppp/p2qp3/Q1p5/2P5/2P2N2/5PPP/R3R1K1 b kq - 0 20,d7c6 a1d1 d6e7 f3e5 a8c8 a5a6 e7b7 a6b7,2169,crushing middlegame veryLong,21
mqQCg,r5k1/2q4p/2bp1r1P/6pR/ppP5/1P1R1PQ1/P5P1/2K5 b - - 1 30,c6e8 g3g5 f6g6 g5d5 c7f7 d5a8,2169,advantage fork long middlegame,20
AZmZU,r5k1/5p2/1p2pPpb/6Np/pq1PQ2P/3R2P1/5P1K/8 b - - 1 29,a8e8 g5f7 g8f7 e4b7 f7g8 f6f7,2170,advancedPawn attraction crushing endgame long sacrifice,19
eIJGL,8/8/6p1/2p1K1Pp/1PP5/8/k7/8 b - - 0 53,h5h4 b4c5 h4h3 c5c6 h3h2 c6c7 h2h1q c7c8q,2170,advancedPawn crushing endgame master pawnEndgame promotion veryLong,8
0t6op,r2q1r2/2p2pk1/1p1pbnn1/p3p1B1/P2PP3/1BP2Q1P/2P2PPK/1R3R2 b - - 4 19,f6g4 f3g4 e6g4 g5d8 a8d8 h3g4,2171,advantage long middlegame,27
3sMvp,5rk1/p4rp1/1p4Q1/3qpR1N/1P1p2Pb/P6P/2P5/5RK1 b - - 1 32,d5d7 h5g7 f7f6 f5f6 f8f6 f1f6,2171,crushing long middlegame,20
NH0Er,1k6/1p3p2/5n1p/1P4p1/Q1Pqn3/6P1/R4P1P/6K1 b - - 1 35,f6g4 b5b6 d4b6 a4e8,2171,clearance crushing endgame short,16
VDxEH,4k3/R5K1/2p1P3/5P2/6n1/1P6/3r4/8 b - - 0 53,d2e2 f5f6 g4f6 g7f6 e2f2 f6e5,2171,crushing defensiveMove endgame long,9
deFx0,r5r1/1ppq1p2/3p1BkP/p1b1p3/2BnP1P1/P2P2Q1/1P1N2P1/3K3R b - - 0 21,g6f6 g3h4 g8g5 h1f1 f6g6 c4f7 d7f7 f1f7,2171,crushing middlegame veryLong,25
x6hJU,r4rk1/1p1b1ppp/p5n1/4p1q1/2BPN3/P4QP1/1P3P2/R3K2R b KQ - 1 20,g5e7 f3h5 h7h6 h5g6 d7e6 c4e6 e7e6 g6e6,2171,advantage middlegame pin veryLong,23
gWA9n,8/6p1/4kp2/p1p5/P1P1PP2/5K2/8/8 b - - 1 37,g7g5 f3g4 g5f4 g4f4 e6d6 f4f5,2172,crushing endgame long pawnEndgame zugzwang,10
IMqIv,8/K4k2/1p2p3/1P6/2P5/1n1P4/8/8 b - - 0 51,b3c5 a7b6 c5d3 c4c5 e6e5 c5c6,2173,crushing endgame knightEndgame long master masterVsMaster quietMove,8
NOiHo,2kr3r/ppp2p2/3pq3/1Pn3p1/2PQP3/P4BPp/5P1P/R1R3K1 b - - 0 23,c5b3 d4d1 b3a1 f3g4 c8b8 g4e6,2173,crushing long middlegame pin sacrifice,24
hIKD0,8/8/2p1k3/pp2p1p1/P3P2p/1PP2P2/3K2P1/8 b - - 14 49,e6f6 b3b4 b5a4 b4a5 g5g4 f3g4,2173,crushing endgame long master pawnEndgame,14
nvAUs,r1bqkb1r/pp2pppp/5n2/2p1N3/3np3/2P5/PP1N1PPP/R1BQKB1R b KQkq - 0 7,d8d5 c3d4 c5d4 d1a4,2173,advantage master opening short,30
BrgYt,r2q1rk1/pp1b1pp1/2n1pR2/3pP1P1/7Q/8/PP4PP/RNB3K1 b - - 4 16,g7f6 g5f6 c6e5 h4h6 d8f6 h6f6,2174,crushing long middlegame,24
cOiwx,b2q1k2/5rp1/p2p3p/1p3n2/1P3BP1/P2Q3P/2P2P2/4R1K1 b - - 0 31,f5h4 d3d6 d8d6 f4d6 f8g8 e1e8 g8h7 e8a8,2174,advantage fork middlegame veryLong,20
Fwhpc,r4rk1/1p4pp/p2pb3/3Np3/4P2q/7P/PP3PPK/R2Q1R2 b - - 2 19,f8f2 f1f2 h4f2 d5c7,2175,advantage middlegame short,22
N0LEO,R7/8/P7/6p1/2p3kr/2K5/8/8 b - - 0 52,g4g3 a8g8 h4h7 g8g5,2175,crushing endgame rookEndgame short,7
Pfjd5,7r/1R3ppp/3bp3/k1r1p3/8/P6P/4BPP1/4R1K1 b - - 2 30,c5c7 b7b5 a5a4 e1b1 c7c1 b1c1,2175,crushing endgame long quietMove,17
2rFNy,3r4/1R6/p5p1/kp3p1p/3n4/P2B1P1P/1P3P2/1K6 b - - 0 38,d4f3 d3c2 d8d4 b2b4 d4b4 a3b4,2176,advantage endgame long,16
ZxjZa,2r1k2r/1b3pp1/p3pb1p/q1p2N2/1p2PPP1/1P3Q2/P1P3BP/1K1RR3 b k - 1 20,a5a3 f5d6 e8f8 d6c4,2176,crushing fork master middlegame short,26
CW58Q,8/1K6/2pk4/1p6/1P6/2P5/8/8 b - - 7 56,d6d5 b7c7 c6c5 c7b6 c5b4 c3b4 d5c4 b6a5,2177,crushing endgame pawnEndgame veryLong zugzwang,6
P3t5a,r2q1rk1/2bpnppp/p3p3/1p6/1P1Nb3/P1Q5/1BP1BPPP/R4RK1 b - - 10 15,a8c8 d4c6 f7f6 c6d8,2177,crushing middlegame short,27
ZlgDi,8/pp2k3/8/5p1p/7K/P2P4/1PP5/8 b - - 0 42,e7e6 h4h5 e6e5 h5g5 f5f4 g5g4,2177,crushing endgame long pawnEndgame,10
DbHvh,r2q1rk1/pN1nbppp/2p1p3/8/2pP4/6P1/PPQNnPBP/R2R1K2 b - - 1 16,e2d4 b7d8 d4c2 d8c6,2178,advantage master middlegame short,27
qdlWY,1r2brk1/2q1n1p1/p2p1b1p/1pp1n3/4PQ2/3P1NNP/PPP3B1/R1B2RK1 b - - 5 21,f6g5 f4f8 g8f8 f3g5 f8g8 f1f8 g8f8 g5e6 f8g8 e6c7,2178,attraction crushing discoveredAttack discoveredCheck fork middlegame sacrifice veryLong,28
zfkGM,r1bq1rk1/ppp3pp/3p4/5pN1/4PQ2/1PPP4/P5PP/R4RK1 b - - 0 15,f5e4 f4e4 d8g5 f1f8 g8f8 a1f1,2178,attraction crushing discoveredAttack kingsideAttack long middlegame sacrifice,24
dHeTw,3r2k1/pp4pp/2n5/4p3/4Bqb1/P1P2N2/1P2Q2P/1K3R2 b - - 0 26,d8f8 e2c4 g8h8 f3d2,2179,crushing defensiveMove middlegame short,19
mD3nq,r3r1k1/pp3p1p/4q1p1/n7/3PNpP1/P6Q/1P3PP1/R4K1R b - - 3 22,e6e4 h3h7 g8f8 h7h6 f8e7 a1e1,2179,advantage kingsideAttack long middlegame pin,22
u23wd,5rkr/ppp3p1/2n4p/2bp4/4P2q/1P3P2/PBPQ1P1P/R3K1NR b KQ - 0 15,d5e4 d2d5 f8f7 d5c5 e4e3 e1c1,2179,castling crushing defensiveMove fork long middlegame,25
H7qOR,r4k1r/p4ppp/b2Pp3/q2p2Q1/8/1R6/P4PPP/5RK1 b - - 0 22,a6f1 g5e7 f8g8 b3b7 a8f8 e7f8 g8f8 b7b8 a5d8 b8d8,2181,attraction endgame mate mateIn5 sacrifice veryLong,20
xXRuq,2kr4/n3r1bp/p1pp2p1/3Bp3/P1N5/2P3P1/1R5P/1R4K1 b - - 1 28,c6d5 c4b6 c8c7 b6d5,2181,advantage middlegame queensideAttack short,20
0NxKQ,1k1rr3/7p/R5p1/1ppp1p2/2q1b3/2P2NP1/5QPP/2R3K1 b - - 0 27,b8b7 f3d2 b7a6 d2c4 d5c4 f2c5,2182,advantage capturingDefender long master middlegame,20
6sRJP,r6k/pp4pp/2pp4/4n1N1/4q3/1BB4P/PPP3PK/5R2 b - - 1 22,e4e2 g5f7 e5f7 f1f7 d6d5 f7g7,2182,advantage kingsideAttack long middlegame,20
qvgxW,4k3/1p2p2K/1pp1P2p/7P/2P3r1/2B1b3/6r1/5R2 b - - 2 47,g4c4 f1a1 g2d2 c3d2,2182,advantage endgame quietMove short,15
JhDda,r1bq1rk1/pp3p2/6nQ/2bpp3/7P/1B1P1N2/PPP2PP1/R3K2R b KQ - 0 15,d8f6 h4h5 f6f4 h5g6 f4h6 h1h6,2183,advantage long middlegame,25
d0bmd,8/8/7p/4kPp1/6KP/6P1/8/8 b - - 0 45,g5h4 g3h4 e5f6 g4f4 h6h5 f4e4,2183,crushing defensiveMove endgame long pawnEndgame zugzwang,7
6NkcN,r4rk1/4bppp/b1q1pn2/1p1p2P1/2p2P2/P1N1P3/1BBP3P/R2Q1RK1 b - - 0 17,f6d7 c2h7 g8h7 d1h5 h7g8 f1f3,2184,attraction crushing kingsideAttack long middlegame sacrifice,27
9f5pI,8/b4p2/p3pPp1/1p1k4/1P2pB2/P3P1P1/2K1R3/3r4 b - - 7 48,d1a1 e2d2 d5c4 d2d7,2184,advantage endgame short,17
tmKOd,r4rk1/pp3pb1/2pq2b1/6B1/2Bp3Q/8/PPP4P/R4RK1 b - - 4 21,a8e8 f1f6 e8e4 f6d6,2184,advantage master middlegame short,21
EVUfv,3r2k1/pp1Pqp1p/4r1p1/8/1P2PN2/P4Q1P/6P1/3R2K1 b - - 0 26,e6e4 f4d5 e4e1 g1f2,2185,crushing defensiveMove endgame short,19
4RSAA,8/2P2p1k/p3p1pp/8/4KP2/3Q2q1/8/8 b - - 1 43,g3g2 e4e5 g2c6 d3d8 c6c3 e5d6,2186,crushing defensiveMove endgame long queenEndgame quietMove,11
8iAWl,5bk1/r2b2p1/n1pPpr2/1pP3Np/3Q1P1P/q7/5BP1/4RRK1 b - - 1 27,a6c5 e1a1 a7a4 a1a3 a4d4 f2d4,2186,advantage long middlegame,23
hP78l,5rk1/ppR1bp1p/6p1/1q1pB3/3Q4/1P2PP2/5KPP/8 b - - 1 24,f8e8 e5h8 f7f6 h8f6,2186,crushing endgame master quietMove short,19
rJpKT,2r1r1k1/1b3p1p/p3p1p1/1p1qB3/4nP1Q/1N1Bb2P/PP4PK/3R1R2 b - - 1 22,e4f2 f1f2 e3f2 h4f2,2186,advantage middlegame short,25
bjXTV,k3r3/prpn1pp1/2N4p/3N4/RP6/8/P4PP1/5K2 b - - 2 29,d7b8 c6a7 b7a7 d5c7 a8b7 a4a7 b7a7 c7e8,2187,advantage endgame pin veryLong,17
sPAAJ,5rk1/p3q1pp/bp2p3/3pN3/1P1Pn3/P1rBQ3/5PPP/1R3RK1 b - - 7 21,e7b7 b4b5 a6b5 b1b5,2187,advantage middlegame short trappedPiece,24
7YVAd,r4rk1/4pp2/p4nb1/3q2N1/1p5Q/3B1p2/PP6/2KR3R b - - 1 27,a8c8 c1b1 g6d3 b1a1 f6h7 g5h7,2188,crushing defensiveMove long middlegame sacrifice,19
SezMP,r4r2/pp4pk/5p2/3B3b/3p1B2/3P2P1/PPq2PK1/R3R3 b - - 1 23,h5g6 e1h1 g6h5 h1h5 h7g6 d5e4,2188,advantage long middlegame,20
f8u4J,8/6p1/8/6Kp/8/5kP1/7P/8 b - - 2 43,g7g6 g5g6 f3g4 h2h4,2188,crushing defensiveMove endgame pawnEndgame short,6
pqvbd,8/p7/1pK5/2pp4/6k1/1PP3P1/1P6/8 b - - 7 46,g4g3 c6d5 g3f2 d5c6 f2e2 c6b7 c5c4 b3c4,2188,crushing endgame pawnEndgame veryLong,10
LrzTT,1r6/5Rk1/6pp/4p3/2Q5/pq5P/5PP1/6K1 b - - 0 39,g7h8 c4c7 b3f7 c7f7,2189,advantage endgame short,13
NQ2dQ,r3k2r/pp1b1p1p/3pp1p1/2p5/4P3/1P1P1N2/1qPQ1PPP/R4RK1 b kq - 1 14,e8g8 e4e5 d7c6 f1b1 b2b1 a1b1,2189,advantage long middlegame trappedPiece,25
SgJnY,8/1k6/p4ppp/K3p3/1P2P1PP/5P2/8/8 b - - 0 46,b7a7 b4b5 a6b5 a5b5 a7b7 b5c5 b7c7 c5d5 c7d7 g4g5 f6g5 h4g5 h6h5 d5e5,2189,crushing endgame pawnEndgame veryLong,12
aDHhx,rn2kr2/pp3p2/2pp1Q2/8/3P4/4B3/PP2KP2/R6q b q - 3 24,h1a1 e3g5 a1b2 e2f3 b2c3 f3g2 c3h3 g2h3,2189,crushing defensiveMove endgame quietMove veryLong,18
isp0u,8/R6p/5N1k/p3np1P/6p1/6P1/r1r2PK1/5R2 b - - 1 44,e5d3 f6g8 h6h5 f1h1 h5g6 h1h6 g6g5 a7g7,2189,endgame exposedKing master mate mateIn4 veryLong,15
5fkYX,1r4k1/5qpn/3p1r1p/2pPpP2/2P3PN/4Q2P/5R1K/R7 b - - 0 36,g7g5 f5g6 f6f2 h2g1,2190,crushing enPassant fork master middlegame sacrifice short,20
ERs44,r2qk2r/pp2bppp/4pn2/3p2B1/3n4/2NB2QP/PPP2PP1/R4RK1 b kq - 1 11,f6h5 g5e7 h5g3 e7d8 g3f1 d8g5 f1g3 f2g3,2190,advantage middlegame quietMove sacrifice trappedPiece veryLong,27
TaHOc,r5r1/1p3p1p/p1b5/5R2/2R1B3/6k1/PP4P1/7K b - - 12 46,c6e4 c4e4 g8g4 e4e3 g3h4 e3h3,2190,endgame long mate mateIn3,15
VkgRE,r1bk4/1p1pRp2/n4P1p/p1pN2p1/2Pn4/3B2B1/1P1K2PP/q2R4 b - - 3 24,d4b3 d2e1 a1d1 e1d1,2190,crushing defensiveMove middlegame short,24
BE1Kx,8/p7/5k2/PP1p2p1/3N4/2n1K3/8/8 b - - 0 40,f6e5 b5b6 a7b6 a5a6,2191,crushing endgame knightEndgame short,9
Vr37e,r3k2r/pp3pp1/2b1pqn1/3p3p/8/BN4Q1/P4PPP/2R1R1K1 b kq - 1 20,h5h4 g3c7 a8d8 c1c6,2191,advantage middlegame short,23
asn6d,r3kb1r/pp3ppp/4pn2/n1pq3b/5B2/2PP1N1P/PP2BPP1/RN1Q1RK1 b kq - 2 12,f8d6 d1a4 a5c6 c3c4,2191,advantage fork middlegame short,30
wfaai,r4r2/p7/3k1P2/2p4Q/2p1bqN1/P1P4P/2P3P1/3R2K1 b - - 2 28,d6c7 h5c5 e4c6 g4e5,2192,advantage middlegame short,18
TLXV2,8/3Nk3/2Kp4/2PP4/8/b7/8/8 b - - 0 53,d6c5 d5d6 e7e6 d7f8 e6f5 d6d7,2193,advancedPawn crushing endgame exposedKing long,7
ssZUs,8/6p1/8/1p5p/4pPk1/1PP1P3/5K2/8 b - - 0 44,g7g5 f4g5 g4g5 f2g3,2193,crushing defensiveMove endgame pawnEndgame short,10
z0hE1,1r4k1/2R1pp1p/p2p1bpB/2pPn3/P5PP/7K/r1N1R3/8 b - - 0 33,b8b3 c2e3 b3e3 e2e3,2193,advantage defensiveMove middlegame short,21
GHOE8,r1b2rk1/1p1qbppp/p3pn2/2p5/1nP5/1QN2N2/PP1PBPPP/R1BR2K1 b - - 7 13,b4d3 e2d3 d7d3 c3d5 d3b3 d5e7,2194,advantage long opening sacrifice,30
FTkNm,r1b1k2r/pp1q1pp1/8/2Q3p1/1P1R4/n5P1/4PPBP/5RK1 b kq - 0 17,d7e7 g2c6 b7c6 c5c6 e8f8 c6a8,2195,crushing fork long master middlegame pin sacrifice,21
PHxT4,8/1p6/p1pk4/P3p2p/1P2P2P/2PK4/8/8 b - - 1 44,c6c5 d3c4 c5b4 c3b4 d6c6 b4b5,2195,crushing endgame long master pawnEndgame,12
PIwdE,3rr1k1/ppq2pbp/1np3p1/3nP3/6b1/1N1B1NB1/PP3PPP/2RQR1K1 b - - 2 17,g7e5 e1e5 e8e5 g3e5 c7e5 f3e5 g4d1 c1d1,2195,advantage middlegame veryLong,28
BZ3s6,8/4Rrkp/b1pP2p1/p1P5/Pp5P/2q5/5QP1/6K1 b - - 3 44,c3c1 g1h2 c1c4 d6d7 f7e7 d7d8q,2196,advancedPawn crushing defensiveMove endgame long pin promotion,17
LNiF6,r1bq1rk1/p1p1bp1p/1p2pnp1/4B3/2B5/1P2P2Q/P2P1P1P/RN2K1R1 b Q - 0 13,f6d7 g1g6 f7g6 h3e6 f8f7 e6f7,2196,kingsideAttack long mate mateIn3 opening sacrifice,27
lU0aA,6k1/pp1q1p1p/5P2/8/P4QP1/3rR3/7P/6K1 b - - 0 28,d3d1 g1g2 h7h6 f4h6 d7g4 e3g3,2196,crushing defensiveMove endgame long pin,14
luQz2,3b3k/3p2pp/bp5n/pN1N4/P3rq2/1Q6/1P4PP/5RK1 b - - 3 30,f4g5 f1f8 h6g8 f8g8 h8g8 d5f6,2196,attraction crushing discoveredCheck doubleCheck kingsideAttack long middlegame sacrifice,20
rawg2,r2q4/pp2prkp/3pQbp1/7P/4P3/2N5/PP2K3/5R1R b - - 0 23,d8a5 h5g6 h7g6 h1h7 g7h7 e6f7 h7h6 f1h1 a5h5 h1h5,2196,attraction clearance crushing deflection middlegame veryLong,20
j27uA,8/8/5Kpp/8/8/8/5kPP/8 b - - 6 48,g6g5 g2g4 f2f3 f6f5 f3g2 f5g6,2197,crushing endgame long pawnEndgame quietMove zugzwang,6
v6V48,1k1r3r/p4pp1/Qp1p3p/1P1Pp3/2qb4/5B2/5PPP/2RR2K1 b - - 1 23,c4b4 c1c7 b8c7 a6a7 c7c8 f3g4,2197,attraction crushing deflection long middlegame queensideAttack sacrifice,22
R4bIE,r1bqr3/pp1n1pkp/2p1p1p1/8/3PB3/2P2R1Q/PP2N1PP/R5K1 b - - 1 16,d7f6 a1f1 e6e5 h3h4,2198,advantage middlegame quietMove short,25
ZVoR4,2rr2kb/1b1n1R1p/3pp1p1/q7/1p2P2Q/1P2B1NP/P5P1/1BR3K1 b - - 0 29,g8f7 h4h7 h8g7 c1f1,2198,crushing master middlegame short,24
cgrtl,8/3k2p1/3p3p/1ppK1p2/5P1P/P1PP2P1/8/8 b - - 0 33,g7g6 d3d4 c5c4 a3a4 b5a4 d5c4,2198,advantage deflection endgame long pawnEndgame,14
pPchs,8/5p2/p6p/P1pkP1p1/4pP2/2K1P2P/8/8 b - - 0 44,d5c6 f4g5 h6g5 c3c4,2198,crushing endgame pawnEndgame short zugzwang,13
q2yED,r4rk1/1b4p1/p4p2/1p2p2Q/3pN3/P2q1P1P/1P2RK2/6R1 b - - 1 26,a8c8 h5g6 c8c7 e4f6 f8f6 g6d3,2199,crushing discoveredAttack long middlegame pin,20
0YxKE,8/p2r4/2RPk1p1/P6p/5K1P/8/8/8 b - - 0 47,e6f6 a5a6 f6e6 f4g5,2200,advantage endgame rookEndgame short zugzwang,10
1Es1L,4b1k1/R4ppp/1r1q4/Q2p1B2/3P4/7P/5PP1/6K1 b - - 1 28,b6b5 a5b5 e8b5 a7a8 d6f8 f5h7 g8h7 a8f8,2200,crushing endgame pin sacrifice veryLong,16
FFyGb,r3R1k1/5pp1/pq4p1/3p4/3P4/2P2NP1/1Pn3P1/4R1K1 b - - 0 28,a8e8 e1e8 g8h7 f3g5 h7h6 g5f7 h6h5 e8e5 h5g4 e5g5,2200,endgame mate mateIn5 veryLong,18
ghUUP,5k2/R7/5P2/6P1/8/5P2/pn2K3/r7 b - - 8 56,b2d1 g5g6 d1c3 e2f2 a1f1 f2f1 a2a1q a7a1,2200,crushing defensiveMove endgame veryLong,9
Pwkam,1r3rk1/p4pp1/1q1Np2p/3pP3/2p2PQ1/P2nP2R/6PP/5RK1 b - - 9 26,g8h7 h3g3 b6e3 g3e3,2201,crushing middlegame quietMove short,23
h5L8l,r2q1rk1/pbpnbpp1/1p2pN1p/6N1/3P1B2/2PB4/PPQ2PPP/R3K2R b KQ - 0 11,e7f6 d3h7 g8h8 h7g8 g7g6 g5f7 f8f7 g8f7,2201,advantage fork middlegame veryLong,29
ikpTS,r1b2qk1/1p6/4p1B1/p2p4/P2b2P1/5P2/1P6/2Q1K2R b K - 0 27,f8f3 g6h7 g8f8 h1f1 f3f1 e1f1,2201,advantage long middlegame pin,17
99jlK,6k1/8/p1n2KPP/8/8/8/8/8 b - - 0 49,c6d8 h6h7 g8h8 f6e7 d8c6 e7f8 c6d4 g6g7,2203,advancedPawn crushing endgame knightEndgame veryLong,6
M7K3o,8/8/8/r4k2/2P2P2/p1K5/8/R7 b - - 3 60,f5f4 c3b4 a5a8 a1a3 a8b8 b4c5,2203,crushing defensiveMove endgame long rookEndgame,7
Vwl6Q,2k4r/p2r4/1p1pP1bp/2pP2p1/5p2/2R2P2/Pq2NBPP/3Q1K2 b - - 0 23,d7e7 f2d4 h8d8 c3c5 d6c5 d4b2,2203,advantage discoveredAttack exposedKing long middlegame pin,23
XVVMa,r2q1rk1/p1pb1ppp/2pb1n2/8/2B5/8/PPP2PPP/RNBQR1K1 b - - 2 12,d6h2 g1h2 f6g4 h2g3,2203,advantage hangingPiece opening short,26
cGM6G,1rb3k1/5pbp/3q1np1/2pPr3/Np6/4BB1P/1P4P1/R2QR1K1 b - - 1 22,f6d5 e3c5 d6e6 e1e5,2203,advantage discoveredAttack master masterVsMaster middlegame short,23
9immQ,2r5/1pp1qp1k/p3p1pp/5r2/3PR3/1PP3Q1/5PP1/6KR b - - 0 29,f5g5 g3h4 h6h5 f2f4 g5g2 g1g2 e7h4 h1h4,2204,advantage endgame veryLong,20
dMO1R,7k/1b4p1/p2p2Rp/1p3P2/2nPr2q/P1P2Q1P/1P4PK/4R3 b - - 1 30,h4e1 f5f6 e1h1 h2h1 e4e1 h1h2 b7f3 f6f7,2204,advancedPawn crushing endgame veryLong,21
xSLn4,r2q1rk1/1b2bp1p/pp2p1p1/4Q3/P2N1n2/1P1B3P/1BP2PP1/R3R1K1 b - - 3 18,f4d3 e5g7 g8g7 d4f5 g7g8 f5h6,2204,attraction discoveredCheck doubleCheck kingsideAttack long mate mateIn3 middlegame sacrifice,26
0TOhr,r1b2r1k/1p3ppp/p1pb4/2p1R1N1/2P4P/1Q4Pq/PP1P1P2/R1B3K1 b - - 4 20,h3g4 b3d3 g4h5 d3d6,2205,advantage middlegame short,26
EVqZq,1r4k1/1q3pbp/p3r1p1/2BNp3/1PQ1P3/P6P/1K4P1/5R2 b - - 6 35,e6c6 f1f7 b7f7 d5e7 g8h8 c4f7,2205,advantage deflection discoveredAttack fork long middlegame sacrifice,20
HxivB,r1bq2k1/1p3r2/p2p3n/4P3/2BNP2P/2N5/PPP5/2KR3R b - - 1 19,g8h7 c4f7 h6f7 e5e6 c8e6 d4e6,2205,advantage long middlegame,21
MEzQ0,8/8/1p2r1k1/8/P1P5/4R3/4K3/8 b - - 0 47,e6e3 e2e3 g6f7 c4c5 b6c5 a4a5,2205,crushing defensiveMove endgame long master,7
VDRUe,rn3rk1/p1p1b1pp/1p1ppn2/5p2/8/1P1P1NPq/PBP1PPN1/R3QRK1 b - - 1 13,f6g4 g2f4 h3h6 g1g2 e6e5 f1h1 h6f6 f4d5 f6f7 d5c7,2205,advantage clearance opening veryLong,29
p6aJ0,r3k2r/1b1n2qp/p5p1/1p1pn3/3B1NP1/2Q4P/PPP3p1/2KRR3 b kq - 1 21,g2g1q d4e5 e8g8 e5g7,2205,advantage middlegame short,24
xMl0a,8/pp6/4k3/PPP4p/8/5K2/8/8 b - - 0 42,e6d5 c5c6 d5d6 c6b7 d6c7 a5a6,2205,advancedPawn crushing endgame long pawnEndgame,8
2cuL4,r4r2/pp1nbp1Q/2p1Rk2/6N1/2Pq1B1P/8/P4PP1/6K1 b - - 1 22,f7e6 h7h6 f6f5 h6e6 f5f4 g5h3,2206,fork long mate mateIn3 middlegame sacrifice,20
sVzPv,3r1nrk/pp5q/2p1p2p/2P1R1PP/3P2R1/4Q3/6P1/6K1 b - - 0 37,g8g5 e5g5 h6g5 e3g5 h7f7 g5d8,2206,crushing long middlegame,19
E7svU,r2q1br1/p1p1k3/b3ppB1/3p3P/1Pp5/P1N1B3/4KPQ1/R7 b - - 1 23,f8g7 e3c5 e7d7 c3d5 c4c3 e2e1,2207,crushing defensiveMove long middlegame,22
ELOvp,r4rk1/p2qbp1p/1p4pB/8/2p1R3/5Q1P/PP3PP1/R5K1 b - - 2 19,f8e8 a1d1 d7d1 f3d1,2209,advantage master masterVsMaster middlegame short,21
xFZVI,4rr1k/4n1b1/pp1q3p/2pp1ppP/8/P1NP3Q/BPP1RP2/2K1R3 b - - 1 26,d5d4 c3d5 e7d5 e2e8,2209,crushing master middlegame short,25
3ZQzV,r1b3kr/ppN1b1pp/8/1B6/3P4/1q2P3/PP4PP/R1B2RK1 b - - 0 18,b3b4 c1d2 b4b5 c7b5,2210,advantage master middlegame short,22
R2f6y,r5n1/2q1r1k1/2p1p1bp/1pPp2p1/p2PP3/P1NB2PQ/1P5R/5RK1 b - - 0 29,a8f8 f1f8 g7f8 e4d5 g6d3 d5d6,2210,advantage long middlegame sacrifice,25
VnXOP,rn2r1k1/ppp2ppp/4b3/8/3PN3/2P5/qP2QPPP/2KR1B1R b - - 1 14,e6b3 e4f6 g7f6 e2e8 g8g7 f1d3 a2a1 d3b1,2211,crushing discoveredAttack middlegame veryLong,24
aeWSD,r4rk1/1p3pp1/2p1b2p/3pQ2P/p2P2P1/2qB4/P1P2P2/2KR3R b - - 0 19,a4a3 g4g5 a8a4 g5h6 c3a1 c1d2 a1d4 e5d4,2211,advantage middlegame veryLong,23
lENCQ,2k5/p2b4/1p1Pp3/4r2p/2P1B2P/PPN3K1/8/8 b - - 2 44,a7a5 b3b4 d7e8 g3f4,2211,crushing endgame short,15
nyeO4,8/p4k1p/1p6/5Q2/Pb1P4/2q3P1/3R1PKP/4r3 b - - 2 31,f7e7 d2c2 c3c2 f5c2,2211,crushing endgame master masterVsMaster short,15
s4Gbh,8/3r4/8/5R2/2pkp1Pp/5p1P/1PK2P2/8 b - - 1 59,d7d5 f5d5 d4d5 c2d2 d5d4 g4g5,2211,crushing defensiveMove endgame long rookEndgame,12
21GHX,r1b1k1nr/pp3ppp/1q2p3/3pP3/3n4/PPb1B3/3N1PPP/1R1QKBNR b Kkq - 2 10,g8e7 g1e2 e7f5 e2c3 f5e3 f2e3,2212,advantage long master opening,29
R6xhk,8/4P3/2b2K2/2k5/6P1/8/8/8 b - - 0 48,c5d6 f6f7 d6e5 g4g5 e5f5 g5g6,2212,bishopEndgame crushing endgame long quietMove,5
bTkrl,r1bq1rk1/p4ppp/1p2pn2/6R1/3P1Q2/1P6/PB3PPP/3R2K1 b - - 3 18,c8b7 g5g7 g8g7 f4g5 g7h8 d4d5 e6e5 b2e5 f8g8 e5f6 d8f6 g5f6,2212,attraction crushing fork middlegame sacrifice veryLong,23
hdkG6,1R3rk1/2K3p1/p1p3Pp/P2p4/2r4P/4p3/8/1R6 b - - 3 41,e3e2 b8f8 g8f8 c7d7 c4b4 b1b4 e2e1q b4b8 e1e8 b8e8,2212,endgame mate mateIn5 rookEndgame veryLong,15
nUT1W,r4rk1/1p1Rppb1/2p5/p5p1/4Pn2/2N2PB1/PPP5/2K3R1 b - - 1 20,f8e8 g3f4 g5f4 d7d2 g8f8 d2g2 e7e5 g2g7,2212,crushing middlegame quietMove veryLong,21
r8BP5,r5k1/pb3p2/1p4pp/1Qp3q1/2P3P1/2B2B2/P4P1P/4R1K1 b - - 0 28,b7f3 b5e8 a8e8 e1e8 g8h7 e8h8,2212,endgame long mate mateIn3 operaMate sacrifice,20
uOTTV,4rrk1/pb4p1/2p1p1Q1/1p2q1B1/2p4P/2n5/P5B1/R4R1K b - - 1 29,c3d5 g2e4 e5e4 g6e4,2212,advantage middlegame short,20
z1gn3,r3B2R/8/2R5/kpp1p3/p3PP2/2PP4/q4PK1/8 b - - 7 47,a4a3 e8f7 a2f2 g2f2,2212,crushing endgame short,16
b1aBU,1r3rk1/6pp/pn1b4/1qp1P3/2RpP3/1P4P1/P1QB2BP/5RK1 b - - 0 26,b6c4 b3c4 b5b2 c2b2 b8b2 e5d6,2213,crushing long middlegame,23
EmZMP,r2r2k1/4qp2/pp4nQ/2p4R/2P5/3p4/PP4PP/5RK1 b - - 5 23,d3d2 h6h7 g8f8 h7g6 e7e3 g1h1 e3f4 h5f5,2214,advantage middlegame pin veryLong,19
QcePr,8/3k1p2/p3p3/1p2P1p1/1P1P3p/P4K1P/6P1/8 b - - 3 39,d7e7 f3g4 f7f6 g4h5 e7f7 h5h6,2214,crushing endgame long pawnEndgame,14
gaeJF,kr4r1/n1R4Q/3p2p1/8/K7/NPP5/7P/q7 b - - 2 33,a1g1 h7f7 g1b6 f7d5 b8b7 d5g8,2214,advantage deflection exposedKing long middlegame,14
020Ow,8/8/p7/1p6/8/PPK5/4k3/8 b - - 0 57,e2e3 c3b4 e3d2 b4a5 b5b4 a5b4,2215,crushing endgame long pawnEndgame,6
liIFO,3r3r/p1q1kpbp/b2Np1p1/2p1P3/5Q2/4PN2/PPP2KPP/3R4 b - - 7 20,h8f8 f4h4 f7f6 h4h7,2215,crushing middlegame pin short,24
TPwrz,2r5/p4rpk/4R1P1/2p5/8/2p4P/PPP2P2/6K1 b - - 0 31,h7h8 g6f7 c3b2 e6e8 h8h7 e8c8 b2b1q g1h2,2216,advancedPawn crushing endgame rookEndgame veryLong,15
ByPNX,7R/1R5p/6pk/5p2/8/1pr3PK/5P2/1r6 b - - 1 56,b3b2 h8h7 h6g5 f2f4 g5f6 b7b6 c3c6 b6c6,2217,endgame mate mateIn4 rookEndgame veryLong,12
QH5wU,2r3k1/qp1N1pp1/2n1p2p/1pPp1n2/1P3Q2/P7/1B3PPP/2R3K1 b - - 1 28,a7a6 g2g4 f5d4 b2d4 c6d4 f4d4,2217,advantage long middlegame,23
bCxgs,r1b1kb1r/5p2/p4p2/qp1Qp1p1/N7/2P5/PP2BPPP/R3K2R b KQkq - 0 16,a8a7 d5c6 c8d7 c6f6 h8h6 f6e5 h6e6 e5b8 a5d8 b8a7,2217,advantage fork middlegame veryLong,24
qcS1n,1Q2R3/3q1p1k/p5p1/1p6/1Prp4/P4P1P/6P1/7K b - - 3 38,d4d3 b8e5 c4c1 h1h2 d7e8 e5e8,2217,crushing endgame long,16
weSMH,3r2nr/kp1q2pp/n4p2/2pp4/4PB2/1R1Q4/PPP2PPP/R5K1 b - - 1 24,c5c4 d3d4 a7a8 f4e3 a8b8 d4a7,2217,crushing long middlegame quietMove,24
2UqRN,8/p5pk/1p2P3/1P3K1p/4RP2/8/4r3/8 b - - 1 48,e2e4 f5e4 h7g8 f4f5,2218,crushing defensiveMove endgame short,11
3HHik,r4rk1/ppp4p/7p/3N1p2/3BnP2/1P2P3/P1PP2b1/2KR4 b - - 2 21,e4d2 d1g1 g8f7 g1g2 f8g8 g2d2,2218,advantage long middlegame pin,21
cgbvc,1n6/1Q4pp/p2qp1k1/1b1p4/8/2R4P/P4PP1/6K1 b - - 3 30,b5c6 c3g3 d6g3 b7b1 g6f7 f2g3,2218,advantage endgame exposedKing intermezzo long sacrifice,16
lt70l,1R1R4/4rppk/8/3p3p/2bP1P1P/4P3/r5P1/6K1 b - - 0 32,e7e3 f4f5 g7g6 f5f6 g6g5 d8g8,2218,crushing endgame long quietMove,16
saZOn,5rk1/1p1n1p2/p1p3NP/3prR2/1P6/P5QP/2P4K/q7 b - - 0 30,e5f5 g6e5 f5g5 g3g5 g8h8 g5g7,2218,discoveredAttack discoveredCheck endgame long mate mateIn3,19
Dexa4,4r1k1/Q2q1ppp/8/2p5/P2b4/1Pn2NPP/6K1/4R3 b - - 0 34,e8e1 a7d7 e1e2 g2h1,2219,advantage endgame hangingPiece short,17
M8pbK,rn1q2nr/pppk1Bb1/3p3p/4P1p1/3P2b1/2N2Np1/PPP4P/R1BQ1RK1 b - - 0 10,d8e7 e5d6 e7f7 f3e5,2219,crushing middlegame sacrifice short,29
Tqir2,kr6/8/2p5/7P/2B5/p5P1/5PK1/8 b - - 3 44,b8b4 h5h6 b4b5 g3g4,2219,crushing defensiveMove endgame short,9
jnDcu,q3r3/5k2/p4P2/4r1p1/P1p3P1/1pP5/1P5Q/1B3RK1 b - - 11 56,f7e6 b1f5 e6d6 f1d1,2219,crushing endgame master short,17
wWLnO,r3r2k/ppq3p1/2p5/5B2/1P1P1b2/P2N1K1P/1BQ2P2/8 b - - 3 27,g7g5 d4d5 h8g8 c2c3 f4e5 d3e5,2219,crushing discoveredAttack discoveredCheck long middlegame,19
yJp9G,r6k/2q2r2/2p3Q1/p1Pn1p2/P7/8/6PP/2B1R2K b - - 2 32,d5f6 c1b2 a8f8 e1e3,2219,advantage defensiveMove middlegame short,16
BRbJJ,rn4k1/pbb3pp/1p2p3/1NPp4/P2Pp2P/B3P1P1/1KQ2R2/7q b - - 0 22,c7g3 f2f8 g8f8 c5c6 f8g8 c6b7,2220,advancedPawn crushing discoveredAttack long middlegame sacrifice,24
LicNy,7k/1p4p1/p1B4p/2q2p2/P2p1P2/1P3QP1/7P/5K2 b - - 0 34,c5c6 f3c6 b7c6 b3b4 h8g8 f1e2 g8f7 e2d3,2220,crushing endgame queenEndgame quietMove veryLong,16
i7N6M,rn4k1/pp2qbpp/2p5/3p2N1/8/2N2Q2/PPP3PP/5R1K b - - 8 22,f7g6 c3d5 c6d5 f3d5 g8h8 d5b7,2220,crushing long middlegame,21
gamWD,2r1q2r/1b3pR1/2k5/pp1pB1Q1/2pP1P2/2P5/PP1N4/1K6 b - - 1 39,e8e6 f4f5 h8h1 b1c2 f7f6 g5g6,2221,advantage defensiveMove long middlegame,20
0DokO,4r1k1/p3qrpp/1p2n1p1/3BPn2/5B2/1Q4P1/P6P/2R1R1K1 b - - 10 26,g8h8 d5e6 f5d4 e6f7 d4b3 f7b3,2222,crushing long middlegame,21
7kvXM,5bk1/3q3p/1P1p2p1/p2Ppp2/P3P3/3Q4/5PPP/6K1 b - - 0 35,d7b7 d3b5 f5e4 b5c6 b7a6 b6b7 a6d3 h2h3,2222,advancedPawn crushing defensiveMove endgame veryLong,18
OLnF6,r4r2/pp3pkp/2p2np1/2q1P3/P2nP3/2N5/1PPQB1PP/2KR3R b - - 0 16,f6e4 d2d4 c5d4 d1d4,2222,advantage middlegame short,25
ZgEEH,8/pp3rbk/2p1pr1p/8/4p1Q1/B3P1RP/P1q3PK/3R4 b - - 3 28,c2a2 a3f8 a2f2 f8g7 f2g3 g4g3,2222,advantage long middlegame,20
Lg9Wr,1r6/RPkn4/P7/3K4/8/8/8/8 b - - 10 64,c7d8 d5d6 d7b6 d6c6,2223,crushing endgame short,7
aHsvv,4r1k1/pp4pp/2pb2p1/3nNq2/3P2P1/2P4P/PP2QP2/R1B3K1 b - - 0 20,d6e5 g4f5 e5h2 g1f1 e8e2 f1e2,2223,advantage long middlegame,23
9JM6p,r2qr1k1/pppb1ppp/8/3Qn1N1/2B1P3/8/P4PPP/R4RK1 b - - 1 17,e5c4 d5f7 g8h8 f7h5 d8g5 h5g5,2224,advantage fork long middlegame,23
Ptaq5,r1b2rk1/pp6/3p4/2pP4/2P2b2/3B1nNq/PPQ1R1RN/7K b - - 0 29,f4g3 g2g3 h3g3 e2g2 g3g2 c2g2,2224,clearance crushing long master middlegame pin sacrifice,22
LG2zR,r6r/p3R1pk/2pQ2b1/n5B1/8/6P1/PqP2P2/RN4K1 b - - 1 22,b2a1 g5f6 a1b1 g1g2 g6e4 e7e4,2225,advantage defensiveMove long middlegame pin sacrifice,19
t7lyj,8/p7/1p6/5pk1/2B5/P1P2K2/8/2n5 b - - 0 49,a7a6 f3e3 b6b5 c4d5 g5f6 e3d2,2225,crushing endgame long quietMove,9
MQYUy,r7/5ppp/1r3k2/6P1/1P2RP1P/2PN1K2/p3P3/n7 b - - 0 33,f6g6 f4f5 g6f5 e4e5 f5g6 d3f4,2226,attraction endgame exposedKing long mate mateIn3,17
hEQ8A,r1b4k/ppq1pN1p/2n2rpB/4p3/2B5/4R3/P4PPP/Q5K1 b - - 1 19,h8g8 f7e5 c8e6 c4e6 f6e6 e5c6,2226,crushing discoveredAttack discoveredCheck kingsideAttack long middlegame,22
tIKvs,2k1r3/p4R2/1pq3pb/2pN3p/2Pp2bP/3P3r/PPQ1N3/1K2R3 b - - 0 29,e8e2 c2e2 g4e2 d5e7 c8c7 e7c6,2226,advantage discoveredAttack discoveredCheck exposedKing fork long middlegame sacrifice,23
oBYll,k2r4/pp3QR1/2p4p/8/8/P2qp2P/1P4P1/7K b - - 3 32,d3a6 g7g8 d8b8 f7f8 a6f1 f8f1,2227,crushing endgame long,15
oXbbO,8/6p1/5pk1/RP5p/P7/r7/8/4K3 b - - 0 44,h5h4 b5b6 h4h3 e1f2 a3a2 f2g1 a2g2 g1h1 g2b2 a5b5,2227,crushing defensiveMove endgame rookEndgame veryLong,9
e2qgr,8/3P1ppk/2Q4p/2n5/4B3/6P1/5q1P/7K b - - 0 40,c5e4 c6e4 g7g6 e4d3,2228,crushing endgame short,12
9FO98,2R4k/6p1/p4q1p/1pQ1p3/8/1B4Pb/P2r4/6K1 b - - 1 40,h8h7 b3g8 h7g6 c8c6 d2d1 g1h2 h3f5 c6f6,2230,advantage endgame pin veryLong,15
yDOym,4QK2/1p4pk/3Q3p/8/8/1q5P/p5P1/8 b - - 0 48,a2a1q e8g6 h7h8 g6h6 g7h6 d6h6,2230,deflection endgame long mate mateIn3 queenEndgame sacrifice,11
592AI,r6r/1pq2k2/4p1p1/pB2PbPp/Pn5P/4B3/2P3R1/R2Q2K1 b - - 0 29,c7e5 d1d7 f7f8 e3d4 h8h7 d4e5 h7d7 b5d7,2231,crushing middlegame veryLong,22
hreco,5kr1/Q1pq1pnp/2p5/3P4/8/8/P5PP/4R2K b - - 0 29,c6d5 a7a3 d7d6 a3a8 g7e8 e1e8 f8g7 e8g8,2231,crushing endgame veryLong,15
JLJ27,r2q1rk1/pp1n1ppp/2pbpn2/5bB1/2BN4/2NP3P/PPP2PP1/R2QR1K1 b - - 7 11,f5g6 d4e6 f7e6 e1e6 d6h2 g1h2,2232,advantage long master opening,30
fgdoP,1Q3bk1/pp2pp1p/6p1/1n1q4/5B2/5N1P/5PP1/6K1 b - - 3 31,a7a5 f4h6 d5d1 f3e1 d1e1 g1h2 e1e5 b8e5,2232,advantage endgame master pin sacrifice veryLong,17
y334t,8/pp2RR1p/5r2/5k2/1P4P1/P4p1P/3rbP2/6K1 b - - 0 27,f5g6 f7g7 g6h6 g4g5 h6h5 g5f6,2232,crushing endgame exposedKing fork long,16
IIWRd,r3kb1r/pp3ppp/2n5/2p5/2B2Pb1/1P1P1N2/P1PN1qPP/R1BQ3K b kq - 1 12,f8d6 d2e4 g4f3 g2f3,2234,advantage fork middlegame short,27
ZM4Cl,8/5p2/3k4/6Pp/5K2/8/2P5/8 b - - 2 51,d6d5 f4g3 d5e6 g3h4,2234,crushing endgame master pawnEndgame short,6
0AcRz,r3r1k1/1b2bppp/p2p1P2/3p2P1/8/3B1Qq1/PPP5/R1B2R1K b - - 5 20,g3h4 h1g2 a8b8 f1h1 h4h1 g2h1,2235,advantage clearance defensiveMove long master middlegame,23
3FxtV,4rr1k/p4ppP/2p5/2P5/5Bb1/6R1/q1P2QP1/5BK1 b - - 1 28,g4h5 f4h6 a2b2 h6g7 b2g7 g3g7,2236,advantage fork long middlegame,18
dbIPR,5rk1/pp3ppp/3b4/3B1b2/R7/BP6/P3rPPP/5RK1 b - - 3 21,e2a2 a3d6 a2a4 b3a4,2236,crushing hangingPiece master middlegame short,20
D6Tkk,r1b2rk1/pp4p1/1q2pb1p/3p1p1N/5P2/P1N3Q1/1PP3PP/R4R1K b - - 3 19,b6b2 h5f6 f8f6 f1b1 b2c2 a1a2 c2b1 c3b1,2237,advantage middlegame pin trappedPiece veryLong,25
LvQwC,4rr1k/ppp3p1/1b2p2p/1P2N2q/4N2n/P1Q5/5PPP/3RR1K1 b - - 2 28,f8f5 g2g4 h4f3 c3f3 f5f3 g4h5,2237,advantage fork long middlegame,23
MTnya,r4r2/1p3p2/p6k/2p1PQ2/2Bq3b/PP3pP1/2KP4/3R4 b - - 0 25,f8g8 d1h1 g8g3 f5f6 g3g6 h1h4 d4h4 f6h4,2237,crushing exposedKing fork middlegame pin veryLong,19
QUX7h,rnb2rk1/pp3ppp/2p2q2/3p4/3P4/2Q1P3/PP3PPP/2KR1BNR b - - 2 10,f6f2 g1f3 f8e8 d1e1 c8g4 e1e2 f2e2 f1e2,2237,advantage middlegame quietMove trappedPiece veryLong,26
RK6iP,1br3k1/p4rp1/1p2p3/2P2p1q/2PQnP1p/4P2P/PB2NP1K/R5R1 b - - 2 26,h5e2 g1g7 g8f8 g7f7 f8f7 d4d7,2237,attraction crushing kingsideAttack long middlegame,25
TIvG4,r2qkb1r/pp1b1ppp/5n2/1B6/3N4/2P5/P4PPP/R1BQ1RK1 b kq - 4 12,d7b5 f1e1 f8e7 c1a3 e8g8 a3e7,2237,crushing long opening pin,24
aCclz,r1b1k2r/pp3ppp/4p3/2nP2B1/1b2n3/2N1PN2/qPQ2PPP/2R1KB1R b Kkq - 0 11,a2d5 c1d1 b4c3 b2c3,2237,advantage middlegame short,28
ZYoif,r1b1rk2/pp1p3p/5p2/3Pn3/1QB2q2/5P2/PPP2P1P/1K1R2R1 b - - 2 21,e8e7 b4e7 f8e7 d5d6 e7f8 g1g8,2238,attraction exposedKing long mate mateIn3 middlegame operaMate sacrifice,23
Y3YK9,2r3r1/1p2k2p/3Bpp2/5q2/Q3bP2/8/PPR4P/2K4R b - - 4 27,e7f7 a4d7 f7g6 c2c8 g8c8 d7c8,2239,crushing long middlegame,18
lDJBS,8/7p/2p3kP/3p4/5Kp1/8/PP6/8 b - - 5 37,g6h6 f4g4 h6g7 a2a4,2239,crushing defensiveMove endgame pawnEndgame short,9
viEjk,5r1k/p6p/4R1p1/4Qn2/5r1q/5P1P/P5PK/4R3 b - - 4 36,f5g7 g2g3 h4f6 e6f6,2239,advantage fork master middlegame pin short,16
0ZIQh,8/4kp2/1p2p1pp/p1p1P3/P1P1KPPP/1P6/8/8 b - - 0 32,f7f6 e5f6 e7f6 g4g5 h6g5 f4g5,2240,attraction crushing endgame long master pawnEndgame,16
ZT7JD,r4k2/1bq3pp/p2b1n2/1p3QB1/8/1B6/PPP2PPP/4R1K1 b - - 2 21,c7c6 f5f6 g7f6 g5h6,2241,mate mateIn2 middlegame sacrifice short,21
a4po5,r1b1k2r/pp3ppp/2p1p1q1/4P3/8/B1p1PP2/P2n1RPP/3RQ1K1 b kq - 2 17,h7h5 f2d2 c3d2 e1d2 f7f6 d2d8 e8f7 d8h8,2241,crushing middlegame skewer veryLong,25
eRGnX,r4k2/ppq3bQ/4br2/1Np1Np2/3P4/4P3/PPP5/2K4R b - - 6 22,c7b6 h1g1 f6f7 e5f7,2241,crushing middlegame short,20
Gw5Fw,2r3kr/p2Q1p1p/1pnR1qpB/4p3/4P3/8/PPP2PPP/6K1 b - - 1 21,f6d8 d7c6 d8f8 h6f8 c8c6 d6c6,2243,advantage long middlegame,22
oDRMv,r2r2k1/1p3ppp/2n1pn2/1Nb3B1/2B5/P7/1P3PPP/R2R2K1 b - - 4 18,c5f2 g1f2 f6e4 f2e3,2243,advantage hangingPiece middlegame short,22
3ngng,2kr1r2/p1pp2qp/1p2p1p1/2Pb4/Q4n2/1NP5/PP6/2KRR1N1 b - - 8 26,d5b3 a4a7 f4d3 d1d3 g7h6 c1b1,2245,crushing defensiveMove long middlegame,23
BLxYH,8/2p4p/1pn3p1/3k4/P5P1/1P1K1N2/5P2/8 b - - 0 33,c6e5 f3e5 d5e5 b3b4,2245,crushing defensiveMove endgame knightEndgame master short,12
D6du2,r3r3/1p1n1pkp/p3p1p1/3b4/3P1qNQ/7P/1PR2PP1/1BR3K1 b - - 3 30,d5b3 g2g3 f4d4 h4h6 g7h8 c2d2,2245,advantage long middlegame,23
n49X7,k4r2/ppq3p1/1n1b2p1/1Pp3Pp/2P2P2/3Br2P/PQ2P1KB/R4R2 b - - 8 25,d6f4 f1f4 f8f4 a1f1 f4f1 h2c7,2246,crushing long middlegame sacrifice,25
Dh2y3,1k6/p7/Pp2B3/5p2/3p1P2/3Kn3/1P5r/6R1 b - - 3 37,h2b2 g1c1 e3c2 c1c2 b2c2 d3c2,2247,crushing endgame long quietMove,13
ASYQX,7k/pp2q3/2p2p1P/3p4/3PRQ1P/1BP5/Pr6/5K2 b - - 0 33,d5e4 f4b8 h8h7 b8g8 h7h6 b3f7 e7f7 g8f7,2248,crushing endgame exposedKing quietMove veryLong,17
G9iq7,r1b1R3/ppq5/3p1k1p/3P2p1/2PQ1p2/PP4nP/6P1/1N4K1 b - - 1 25,f6g6 e8g8 g6h5 d4d1 h5h4 b1d2,2248,advantage defensiveMove long middlegame,21
NuYP0,k1r2b1r/pp1q4/1p3p2/1P1Q2pp/3p1B2/P2P2Pb/4PPBP/2R2RK1 b - - 1 20,g5f4 c1c8 d7c8 g2h3,2248,advantage middlegame short,26
qp2M3,4k3/R7/4p1K1/1p4P1/7P/p3r3/8/8 b - - 1 45,b5b4 h4h5 b4b3 a7a3,2248,crushing endgame interference quietMove rookEndgame short,9
3XpLe,4qrk1/p4Nb1/1p4pp/8/1nB1P2P/6Q1/1P4P1/1K1R4 b - - 0 23,f8f7 g3g6 b4c6 c4f7 e8f7 g6c6,2249,crushing exposedKing fork intermezzo long middlegame pin,18
NepIv,3B4/5p2/p3k3/P3p3/4P1pp/3p2r1/3P1KB1/8 b - - 3 42,f7f5 e4f5 e6f5 d8h4 g3h3 g2h3,2249,crushing endgame long trappedPiece,14
fPgjW,2k1r3/Bp1nr2p/2p3p1/3n4/P3p3/1B6/5PPP/2R1R1K1 b - - 2 24,e4e3 b3d5 e3f2 a7f2 e7e1 f2e1,2250,advantage long middlegame pin,19
Ljp8P,2r4r/1pq2kp1/p3pp2/2b5/4bP2/1P1N2Q1/PB4PP/3R1R1K b - - 1 23,c5a7 d3e5 f6e5 b2e5 h8h2 g3h2,2251,crushing long master middlegame sacrifice,22
0QjUq,r4rk1/p3bppp/2p1bp2/1p2q3/8/2PN1B2/nP3PPP/R1BQ1RK1 b - - 1 16,e5f5 g2g4 e6b3 g4f5,2252,advantage master middlegame short,26
3tVOG,b4rk1/5ppp/3Q2q1/5r2/PP1R4/4P1P1/5P1P/2R3K1 b - - 2 36,g6h5 c1c8 h5h2 g1h2 f5h5 d4h4 h5h4 g3h4,2252,crushing middlegame veryLong,18
BmW4L,r1br2k1/1pbn1Rpp/2p1p3/2P3qn/1p1P4/P4QPB/1B2N2P/5R1K b - - 5 23,d8e8 f7f8 e8f8 h3e6 g8h8 f3f8 d7f8 f1f8,2252,backRankMate deflection mate mateIn4 middlegame sacrifice veryLong,26
rPI00,3r3r/p1pk2qp/2pp4/4p3/Q7/2N1bNPb/PPP2R1P/3R2K1 b - - 0 18,h3g4 a4g4 g7g4 f3e5 d7c8 e5g4,2252,advantage attraction deflection long middlegame pin sacrifice,23
BRqF5,r2q2k1/2pQn1pp/1p3r2/p2bNp2/P2P4/B1nBP3/5PPP/1R2R1K1 b - - 4 19,c3b1 d7d8 a8d8 a3e7 d8e8 e7f6,2253,advantage fork long middlegame,26
KKAnq,r6k/ppQn2q1/4b2p/3p4/8/3B2RP/PP3PP1/6K1 b - - 4 28,g7e5 c7c1 e5f6 g3g6 f6g6 d3g6,2254,advantage long middlegame,18
UdQKm,r3r1k1/2p2ppp/p1nq4/1p6/3P2Rb/2P1BP1n/PPB2PK1/RN2Q3 b - - 1 22,e8e3 e1e3 h4f2 e3e4,2254,advantage middlegame short,26
Y95jj,8/2n1k3/4P2p/1PK5/3N1p1P/8/8/8 b - - 0 45,c7e6 d4e6 e7e6 c5d4,2254,crushing defensiveMove endgame knightEndgame short,9
nZBcL,5r1k/1p1q1ppp/1b2p1n1/1P2P1N1/3N2PP/3QP3/8/5R1K b - - 0 30,h7h6 d3g6 h6g5 d4e6 d7e6 g6e6 f7e6 f1f8,2254,crushing kingsideAttack middlegame veryLong,20
ZFCn6,3r1r1k/1pb2ppp/2p1n3/Pp1nPN2/q7/3B3Q/5PPP/2BRR1K1 b - - 3 27,c7e5 f5g7 d5f6 g7e6,2255,crushing middlegame short,25
aEpsL,r2q1rk1/1pp3bp/n2p2b1/p2Pp1N1/2P2pQ1/7P/PP3PPN/R1B2RK1 b - - 5 17,h7h5 g4e6 g6f7 e6f5 d8g5 f5g5,2255,crushing fork long opening,28
lKjeD,r1r3k1/p4pb1/3BP1p1/3Q4/5q2/7p/P4P1P/3RR2K b - - 0 28,f7e6 d5a8 c8a8 d6f4,2255,crushing middlegame short,18
XBKf3,4rrk1/1pq2pp1/pnpb2p1/6B1/3PR1P1/1B3Q1P/PP3P2/4R1K1 b - - 4 19,c7d7 e4e8 f8e8 f3f7 d7f7 e1e8,2256,attraction crushing kingsideAttack long middlegame pin sacrifice,24
1QE28,3r1r2/p4bkp/1nn2q2/2pN1p2/1pP1p1p1/1P2N1P1/P1Q2PBP/3RR1K1 b - - 7 27,c6d4 d1d4 f7d5 d4d5,2257,advantage middlegame short,27
OI4cp,6k1/3p1ppp/4p3/3pPnQP/8/r3N3/P3RPPK/2q5 b - - 2 25,h7h6 g5d8 g8h7 e2c2 c1c2 e3c2,2257,advantage endgame long,19
QAZ05,8/7Q/2p5/3p4/pPq1kp2/2Pb4/P2r2PP/R6K b - - 0 37,e4e3 h7h3 f4f3 h3f3,2257,endgame mate mateIn2 short,16
03gMC,8/8/2pk4/K5p1/1P4Pp/7P/8/8 b - - 1 46,c6c5 b4b5 c5c4 a5b4 d6d5 b5b6 d5c6 b4c4,2258,crushing endgame pawnEndgame quietMove veryLong,8
7paVf,3r2k1/5pbp/pq3np1/3P2B1/8/3Q3P/5PP1/1BR3K1 b - - 0 30,d8d5 c1c8 g7f8 g5h6 b6d6 h6f8 d6f8 c8f8,2258,advantage middlegame pin veryLong,18
aEmnn,8/8/6p1/4k2p/P3p2P/1R4K1/3r2P1/8 b - - 0 50,d2d3 b3d3 e4d3 g3f2 e5d4 f2e1 d4c3 e1d1 c3b4 d1d2,2258,crushing endgame rookEndgame veryLong,10
DS2b7,8/5K1p/3P2p1/4P3/8/4k2P/6P1/2r5 b - - 0 53,e3e4 e5e6 e4e5 e6e7 e5d6 e7e8q,2259,advancedPawn crushing endgame long promotion rookEndgame,9
H0E5B,r3r1k1/pp3pbp/3p2p1/2pP2qn/4P1P1/2N1BP1n/PP1N3K/R3QR2 b - - 1 19,g7e5 h2h3 h5f4 e3f4 g5f4 f1h1,2259,advantage defensiveMove hangingPiece long master masterVsMaster middlegame,27
M5wWv,2k4r/p1p2pp1/Pp1b4/3Qp2p/1P6/2q2B1P/6P1/3R1K2 b - - 1 29,h8f8 d5a8 c8d7 a8f8,2259,crushing endgame pin short,19
SRSrj,8/8/1k2p3/P1p1P2p/2K2Pp1/6P1/8/8 b - - 0 44,b6a5 f4f5 h5h4 f5e6 h4g3 e6e7,2259,advancedPawn crushing endgame long master masterVsMaster pawnEndgame,10
vcpgP,4r1k1/p5p1/1p2q1P1/2p4p/3p3P/P5Q1/1P6/K4R2 b - - 1 37,e6e2 g3f4 e2e6 f4f7 e6f7 g6f7,2259,advancedPawn crushing endgame long,16
HPLFV,2krn3/1qpb1pr1/1B5p/4P1p1/2Q5/P1P2P2/6PP/1R2K2R b K - 2 29,b7c6 b6a7 c6b7 b1b7,2260,crushing middlegame quietMove short,21
IJNiK,8/3pk2p/1p2p1pP/pb4P1/3PB3/1P2K3/2P5/8 b - - 1 30,a5a4 b3a4 b5a4 e4g6 h7g6 h6h7,2260,advancedPawn bishopEndgame crushing endgame long sacrifice,15
ejanJ,6k1/p2p2p1/1p1b2rp/2p2p2/2P1r2q/1P3Q1P/PB3PP1/1R2R2K b - - 1 25,e4f4 f3d5 g8h7 e1e8 g6e6 e8e6 d7e6 d5d6,2260,advantage capturingDefender kingsideAttack master middlegame quietMove veryLong,23
fJ7df,2br2k1/6p1/p1nqP1Qp/1pNp4/3P4/2P5/P5PP/5RK1 b - - 2 27,d8f8 f1f7 f8f7 e6f7 g8f8 g6d6,2261,advancedPawn collinearMove crushing kingsideAttack long middlegame,20
4lTUN,6k1/5qp1/1p3pR1/p1p1pP2/2P1Q3/2r4P/P5PK/8 b - - 0 36,f7c4 e4a8 g8h7 g6g4 c4f4 g4f4,2262,advantage endgame long master,17
Mr9LC,2r3k1/pp5p/2nq1ppP/3p4/3r2P1/P1Q2B2/1P4P1/R4RK1 b - - 1 31,d4c4 c3f6 d6f6 f3d5 g8h8 f1f6,2262,crushing deflection discoveredAttack fork long middlegame sacrifice,21
BMMyY,2k5/1pp4p/p1n1qp2/3p4/3P4/2P2Q2/PPNr2PP/4R1K1 b - - 3 28,e6f7 f3f4 d2c2 f4f5 c8d8 f5c2,2263,advantage endgame fork long sacrifice,20
FBluk,r1b2rk1/4bp1p/p1p1pnp1/6B1/2B2P2/P4Q2/1q2N1PP/3R1R1K b - - 0 18,f6d5 c4d5 e6d5 g5e7 f8e8 d1b1,2263,advantage capturingDefender long middlegame,24
V4RSR,r3kb1r/1bpp1ppp/p3pqn1/1P6/3PP3/1P3N2/1P1BQPPP/RN2K2R b KQkq - 0 11,a6b5 a1a8 b7a8 d2g5,2263,crushing opening short,29
dxgjl,7r/pp1kQp1p/4p3/n2NP3/b2p4/P2Pb3/1q1r2PP/R3R2K b - - 2 26,d7c6 e7d6 c6b5 d5c7,2263,cornerMate mate mateIn2 middlegame short,23
re6XM,2kr4/1pp4p/8/p3P2Q/3pNp1P/PPqPb3/R1P1B1K1/7r b - - 3 28,d8g8 e2g4 c8b8 e4c3 h1g1 g2f3,2263,crushing long middlegame,22
sL3rg,8/1pp2p1p/p2p4/3P4/2P1P2k/3K3P/P1P5/8 b - - 0 31,h4h3 e4e5 d6e5 c4c5 h3g4 d5d6,2263,crushing endgame long pawnEndgame,14
Aukxn,r2qk2r/1ppbbppp/p1n5/4P3/1n6/1B3N2/PP3PPP/RNBQ1RK1 b kq - 4 12,e8g8 a2a3 d7e6 a3b4 d8d1 b3d1,2265,advantage long opening trappedPiece,28
d4NBX,rn2kb1r/1p3ppp/1q1pNn2/1b6/P3P3/4B3/1PP2PPP/R2Q1RK1 b kq - 0 12,b6c6 a4b5 a8a1 b5c6 a1d1 c6c7,2265,advancedPawn crushing long opening sacrifice,26
hXgu5,5r2/1p2N1k1/1q3ppp/p1pQ4/8/8/6PP/5R1K b - - 1 37,a5a4 d5d7 f8f7 d7e8 f6f5 e8g8,2265,crushing endgame long,15
tTLZa,rn4k1/2q3pp/p1p3P1/1p1pn2Q/4N2P/1P2r3/P1P2RB1/R5K1 b - - 0 22,h7g6 h5h8 g8h8 f2f8 h8h7 e4g5 h7h6 f8h8,2266,attraction kingsideAttack mate mateIn4 middlegame sacrifice veryLong,23
HkNKc,3q2r1/2p4p/3bk3/4rp2/5Q2/5P2/PP3P1P/R4R1K b - - 2 27,d8g5 f4g5 g8g5 f3f4 g5h5 f4e5,2267,advantage fork long middlegame,17
pMkQj,2r3k1/pb2b1r1/4B1Q1/2q5/3p4/8/PP3PPP/1R2R1K1 b - - 4 29,g8f8 g6h6 c5g5 h6h8 g7g8 h8g8 g5g8 e6g8,2267,crushing exposedKing middlegame veryLong,18
GB7N3,7n/2p5/p6P/Pp1P1k2/2pK4/2P3P1/2P5/8 b - - 1 36,h8f7 h6h7 f5g6 d4c5 g6h7 c5c6,2268,advancedPawn crushing endgame knightEndgame long,13
LSS70,2r2rk1/1p2bp2/4p2Q/pq1nN3/3P4/P5P1/1P3P1P/2R1R1K1 b - - 0 23,e7f6 c1c8 f8c8 e1e4 d5e3 h6e3,2268,crushing long middlegame quietMove,21
mpmmO,6rk/5p1p/1p2q3/p2PPp2/P2RnP2/7B/1P4QP/7K b - - 0 37,g8g2 d5e6 g2g8 d4e4,2268,crushing endgame short,19
ncEcV,5R2/2R1k1p1/3rp2p/n2p4/pQ6/P2q4/1P1n1PPP/6K1 b - - 2 36,e7f8 b4b8 d6d8 b8d8,2268,endgame mate mateIn2 short,19
K2t7i,7r/1p5P/8/3k1P2/5K2/1p6/7R/8 b - - 3 42,b7b5 f4g5 b3b2 h2b2 h8h7 b2b5,2269,advantage endgame long rookEndgame,8
FJ58P,8/8/1p1k1R2/2p1r3/2P3K1/4P3/8/8 b - - 1 49,e5e6 f6e6 d6e6 g4f4 b6b5 c4b5,2271,crushing endgame long rookEndgame,8
Zh4GU,2k5/p1p4p/2Rp3n/5p2/7q/bP3N2/P4PQ1/6K1 b - - 1 28,h4f4 c6c4 f4c4 b3c4,2271,crushing endgame short trappedPiece,16
hzmxf,2k1r2r/ppp2p1p/2np1b2/5P1Q/3P1BP1/2P2NK1/PP1Nq3/R7 b - - 8 18,h8g8 a1e1 c6d4 c3d4,2271,crushing master middlegame short,24
Mrjd7,5qk1/3n1p1p/4pPp1/1p1pP1Q1/2pP2P1/r1P4R/3B3P/6K1 b - - 7 32,b5b4 g5h4 h7h5 g4h5 a3c3 d2c3,2272,crushing endgame long master,21
qrbEj,6kr/r4pp1/p3q3/1pnpPB1p/8/2p2RQ1/P1P3PP/5R1K b - - 1 21,e6e7 e5e6 c5e6 f5e6 f7e6 f3f8 e7f8 f1f8 g8f8 g3b8,2272,attraction clearance crushing kingsideAttack middlegame sacrifice veryLong,22
1M7vC,6k1/4b3/QP4p1/2P2pPp/3Pqn2/4P1K1/3B4/8 b - - 1 49,f4e6 b6b7 g8g7 b7b8q,2273,advancedPawn crushing endgame master promotion short,15
4G4Yp,4r3/5p1p/p6P/4BpP1/1KP1kP2/8/P7/8 b - - 4 42,e8e5 f4e5 e4e5 b4c3,2273,crushing defensiveMove endgame short,13
Fb2NI,8/2p3R1/2k2r1p/pp3P2/6P1/7P/2K5/8 b - - 0 41,h6h5 g7g6 f6d6 g4h5 c6d5 g6d6 d5d6 h5h6 d6e5 h6h7,2273,advancedPawn crushing endgame rookEndgame veryLong,11
aQavP,8/8/4k3/p3p1P1/4K3/P7/8/8 b - - 0 57,e6d6 e4f5 e5e4 f5e4,2273,crushing endgame pawnEndgame short,6
ajSeV,1r6/1p2pqrk/2bp2p1/2p3Pp/p1P1PN2/P5Q1/1PP5/1K3R1R b - - 4 26,f7c4 f4h5 g6h5 h1h5 h7g8 g3h3 c4f1 h3f1,2273,advantage middlegame quietMove veryLong,23
bJWO8,4rr2/pp5k/1q1p2pb/2pB4/5PQ1/8/PPP3P1/2K4R b - - 2 21,f8f4 h1h6 h7h6 g4f4 h6h7 f4f7,2273,advantage attraction intermezzo long middlegame,19
cCJPd,r4rk1/6pp/b1n1pq1b/p2p2NQ/1pPP3P/1P6/2B2PP1/R4RK1 b - - 1 21,h6g5 c2h7 g8h8 h4g5 f6g5 h5g5,2274,advantage intermezzo kingsideAttack long middlegame,25
dv7VN,r4rk1/4b2p/p1qp1Pp1/2pbp1P1/1p2N3/P7/1PBQ1P1P/2K3RR b - - 0 25,e7d8 c2a4 d5e4 a4c6,2274,crushing middlegame short,25
kL7bf,R7/8/6p1/8/6pk/2P1Kp2/P5r1/8 b - - 8 45,g4g3 e3f4 g6g5 f4f5 f3f2 a8h8,2274,defensiveMove endgame long mate mateIn3 rookEndgame,9
DomnR,r2q1b1r/1p2kp1b/p1n1pN1p/3pP3/5QPP/2N5/PPP2P2/2KR3R b - - 3 16,f8g7 c3d5 e6d5 d1d5 d8c7 d5d7 c7d7 f6d7,2275,advantage fork master middlegame veryLong,26
aJfnf,3r4/p7/4Pp1k/1bp2P1p/p2bNn2/8/1P5P/1B2Q2K b - - 11 45,b5c6 e1d2 c6e4 b1e4,2275,advantage master middlegame pin short,18
f4y3d,3rkn1R/q7/4pQp1/pp1pPp2/4bP2/1PP1b3/6PP/3RB2K b - - 1 36,a7e7 f6e7 e8e7 e1h4 e7f7 h4d8,2275,advantage attraction exposedKing long middlegame skewer,23
4brLH,2r1r1k1/p4pp1/Np1p3p/b2P4/1P4n1/3B2N1/KQ5P/4q1BR b - - 2 29,e1d1 b2g7 g8g7 g1d4 g7f8 h1d1,2276,advantage attraction discoveredAttack kingsideAttack long master middlegame sacrifice,22
ZUCDL,2rq1rk1/pb2bppp/1p6/3pN3/1PP1n3/P5P1/2Q2PBP/R1BR2K1 b - - 1 16,e7f6 g2e4 f6e5 e4h7 g8h8 c2f5,2276,advantage kingsideAttack long middlegame,26
ZsO3O,8/3q2pk/p3p1p1/5pP1/3p4/P4Q2/1P2K3/8 b - - 0 47,d7d5 f3d5 e6d5 b2b4 h7g8 a3a4 g8f7 b4b5 a6b5 a4a5,2276,crushing defensiveMove endgame queenEndgame quietMove veryLong,13
zEc4y,6r1/4P1P1/3p1B2/3P4/8/1p1P4/k7/2K5 b - - 1 50,g8c8 c1d2 c8e8 d2e3 b3b2 f6b2,2276,crushing defensiveMove endgame long,10
fm4Fw,r5k1/1p1R2Pb/4p3/p7/K1P2b1P/nP6/P3Q3/2q5 b - - 1 34,a8e8 e2h5 b7b5 c4b5 c1c4 b3c4 h7c2 a4a5,2277,crushing middlegame veryLong,17
X5dlb,r6r/3Q1kpp/4pp2/8/1B4PP/5q2/bPP5/2K4R b - - 3 23,f7g6 h4h5 g6g5 d7g7,2278,crushing deflection middlegame short,17
tieju,r1bq1bkr/ppp3pp/2np1n2/4p2P/8/2N2Q2/PPPP1PP1/R1B1KB1R b KQ - 1 9,c8g4 f1c4 d6d5 c3d5 g4e6 d5f6 d8f6 f3f6 g7f6 c4e6,2278,advantage capturingDefender kingsideAttack opening veryLong,29
w9zN9,8/p1p5/2p4K/1p4p1/6P1/2P3kP/P7/8 b - - 0 30,g3h3 h6g5 c6c5 g5f4 h3h4 g4g5,2278,crushing defensiveMove endgame long pawnEndgame,11
eNwbU,8/6k1/4P2P/1p4K1/p1b5/Pp6/1P6/8 b - - 0 53,g7f8 e6e7 f8e7 h6h7,2279,advancedPawn bishopEndgame crushing endgame short,10
uABwC,8/pp6/1kp5/q3p1QP/2r5/8/1P1R2P1/1K6 b - - 8 37,c4a4 g5d8 b6a6 d8a5 a6a5 g2g3,2279,advantage defensiveMove endgame long master,13
2Jm9O,rnb1k2r/pp3ppp/4pn2/2bpB3/8/4PN1P/PqP2PP1/RN1QKB1R b KQkq - 1 8,c5b4 e1e2 b2a1 e5a1,2280,advantage defensiveMove middlegame short trappedPiece,29
jTNEq,3rr1k1/pp6/2p1b2p/4Qp2/3q1Pp1/1P4P1/P5BP/4RR1K b - - 1 25,e6d5 e5d4 d5g2 h1g2 d8d4 e1e8,2280,crushing hangingPiece long middlegame,21
FQcHA,8/8/1p4p1/p2P2P1/1PK1k3/8/8/8 b - - 0 47,e4e5 b4a5 b6a5 c4c5 a5a4 d5d6 e5e6 c5c6 a4a3 d6d7 a3a2 d7d8q a2a1q d8d7 e6e5 d7g7 e5f5 g7a1,2281,advancedPawn crushing endgame pawnEndgame promotion skewer veryLong,8
YHPNu,3r3k/1ppN2p1/p1n1P2p/5Q2/8/4qP1P/6PK/6R1 b - - 1 36,d8e8 d7f6 e3e5 f5e5 c6e5 f6e8,2281,crushing endgame long,17
5hKQd,4r1k1/p2R2pp/4pr2/2p1Qp1N/2P4P/1q6/5PP1/6K1 b - - 1 25,b3b1 g1h2 b1b8 d7g7 g8h8 g7c7 b8c7 e5c7,2282,crushing defensiveMove endgame pin veryLong,18
Mz1RQ,8/8/p7/6p1/2P4k/7p/PP3K2/8 b - - 0 40,g5g4 c4c5 g4g3 f2f3,2282,crushing defensiveMove endgame pawnEndgame quietMove short,8
j1tqO,6nr/ppk3p1/2b2p2/q3p2p/4P3/P1NQ1N2/1PP3PP/3R2K1 b - - 1 20,g8h6 d3d6 c7c8 c3d5 c6d5 d1d5,2282,crushing long middlegame,22
GAxk0,2kr1b1r/1bq2p2/p3N2p/1p2nQp1/8/2N5/PPP1B1PP/1K1R3R b - - 0 18,f7e6 d1d8 c7d8 f5e5,2283,advantage master middlegame queensideAttack short,24
SKX9G,3r2k1/1R1P3p/6p1/rN3p2/1p2n3/6P1/1b3PBP/3R2K1 b - - 0 32,a5a1 d1a1 b2a1 g2e4 f5e4 b5a7,2283,crushing defensiveMove long middlegame,18
VHYZY,8/8/pr1r2p1/1p3p1p/1Pk5/P1R1RP2/5P1P/6K1 b - - 5 36,c4d5 c3c5 d5d4 e3e1,2283,crushing defensiveMove endgame rookEndgame short,16
u3qvi,r5k1/1p3p1p/4q1pB/8/p7/Q6P/2P2PPK/8 b - - 1 35,e6f5 a3b2 f5f4 h6f4,2283,crushing endgame master short,15
s0Qz7,5rk1/pR6/6pp/2b2p2/3pp3/7P/q5P1/2Q2R1K b - - 3 26,a2d5 b7b5 c5a3 b5d5 a3c1 f1c1,2285,advantage endgame long,16
zNLAE,4k3/Q4pp1/2p1rq1p/1p6/1P6/P6P/5PP1/2R3K1 b - - 0 35,f6b2 c1d1 f7f5 a7d7,2285,crushing endgame quietMove short,16
b6diO,r2q1Nr1/1p4k1/2pp1p2/p1nPpP1b/2P1P3/2N4P/PP4Q1/6RK b - - 1 35,g7h6 g2g8 d8f8 g1g6 h5g6 g8g6,2286,exposedKing long mate mateIn3 middlegame,24
zFsHR,3b4/2P4p/kP4p1/P7/1K4P1/7P/5p2/8 b - - 0 44,d8e7 b4a4 a6b7 a5a6 b7b6 c7c8q f2f1q c8b7 b6c5 b7e7 c5b6 e7b7,2286,advancedPawn bishopEndgame crushing defensiveMove deflection endgame exposedKing fork promotion veryLong,11
aymyM,8/p4p2/2k1p1pp/2P1P3/3K2P1/P6P/8/8 b - - 0 46,g6g5 d4c4 a7a6 c4b4,2287,crushing defensiveMove endgame pawnEndgame short zugzwang,12
bTFIL,r4rk1/1bp2ppp/1p1q4/3PRB2/1PP1Qp2/2B5/6PP/6K1 b - - 0 28,g7g6 e5e6 g6f5 e4d4 f7f6 e6d6,2287,advantage long middlegame sacrifice,21
NBBIg,r4rk1/pp4p1/2pp1pb1/4p3/2P5/7R/Pq2NPQ1/2R1K3 b - - 1 23,g8f7 h3b3 b2b3 a2b3,2288,advantage middlegame short,20
yC3oz,8/1b3q1k/p3rPpp/3p4/1PpP3N/1n6/1PQ5/2B2RK1 b - - 1 39,b3c1 c2g6 f7g6 h4g6 c1e2 g1h2 e6f6 f1f6,2288,advantage middlegame veryLong,19
7Tb6I,r4rk1/ppp2ppp/1bnp4/4P3/2BP1Pb1/4B1Pq/PP1Q3P/RN2R2K b - - 4 15,c6d4 c4f1 g4f3 h1g1 h3h6 e3d4,2289,advantage defensiveMove long middlegame,28
IHJ9U,8/5p1p/p3p1p1/1pk1P1P1/5P2/1PK4P/P7/8 b - - 0 45,a6a5 b3b4 a5b4 c3b3 c5c6 b3b4,2289,crushing endgame long pawnEndgame zugzwang,14
PmPF2,rnb2rk1/pp2ppbp/6p1/2R5/2BPP3/q4N2/P2B1PPP/3QK2R b K - 2 12,g7d4 c5a5 a3d6 a5d5,2289,crushing middlegame short,26
U9OpZ,r1r5/3bkp1p/4p1p1/p2n4/Pb1BN3/4P1P1/5P1P/R2R1BK1 b - - 1 22,d5c3 d4f6 e7e8 f6c3 b4c3 e4d6,2289,advantage long master middlegame,22
FHcX0,r4k1r/pb4qp/1p3np1/2n5/N1B5/BP6/P1P1QPPP/R5K1 b - - 1 18,a8e8 a4c5 e8e2 c5e6 f8g8 e6g7 g8g7 c4e2,2290,advantage discoveredAttack discoveredCheck doubleCheck exposedKing fork middlegame sacrifice veryLong,23
HfU2t,8/8/3p2k1/RP2p3/1KP5/1R6/1r4r1/8 b - - 3 51,e5e4 b5b6 e4e3 b6b7 e3e2 a5a1 b2b3 b4b3,2290,advancedPawn crushing endgame quietMove rookEndgame veryLong,10
JAIbi,rn2k2r/pp1q1ppp/4P3/1Nbp2B1/2n5/P4N2/5PPP/R2Q1RK1 b kq - 0 16,d7b5 e6f7 e8f8 f1e1,2290,advancedPawn advantage attackingF2F7 defensiveMove opening short,25
juRIz,8/1k6/1P2Kp2/6p1/8/8/7P/8 b - - 8 49,g5g4 e6f5 b7b6 f5g4 b6c6 g4f5 c6d7 f5f6,2290,crushing endgame pawnEndgame veryLong,6
EddjX,8/5kp1/2p5/1p1p1PP1/pBnP1K2/P1P5/8/8 b - - 4 44,c4d2 g5g6 f7g8 f4e5 d2c4 e5e6,2291,crushing endgame long,14
KOfk2,3r1rk1/p2q1p1p/bp1Pp1p1/2n1B3/2P5/2N2B2/PP2Q1PP/5RK1 b - - 0 22,c5b7 c3e4 f7f5 e4f6 f8f6 e5f6,2291,advantage fork long middlegame quietMove,24
4i7Qm,r4rk1/2p2ppp/p2b4/1p3qB1/3R4/1P5P/PP1Q1PP1/R5K1 b - - 2 19,d6c5 d4d5 c5f2 g1f1 f5d5 d2d5,2292,crushing defensiveMove long middlegame,22
7anDW,r2q1rk1/ppp3pp/2n1p1p1/3pP1N1/3n4/P7/1PPB1PPP/R2Q1RK1 b - - 1 14,c6e5 c2c3 d4f5 g5e6 d8d7 e6f8,2292,advantage fork long middlegame,27
DMAQ5,2r2rk1/4bpp1/2p1p2p/ppP1N1P1/1n1Pq2P/4B3/PP2QP2/K1R4R b - - 2 23,h6g5 h4g5 b4c2 e2c2 e4c2 c1c2,2292,advantage long middlegame,26
ihDhV,5bk1/8/3PQ2p/3Pp3/5pp1/5P2/4Bq1P/7K b - - 5 38,g8h7 e6f7 f8g7 e2d3 e5e4 d3e4 h7h8 f7e8 g7f8 e8f8,2292,endgame fork mate mateIn5 veryLong,14
ztHvD,8/8/4r1k1/1nPR3p/1P3P2/5K2/5P2/8 b - - 1 42,b5c3 f4f5 g6f6 d5d3 e6e4 d3c3,2292,crushing endgame fork long,10
BE4R8,r2q1rk1/pb2p2p/1p2p1p1/2p1n1R1/7N/3PP3/P1P1B1PP/Q5K1 b - - 0 17,e5f7 h4g6 e6e5 g6e7 g8h8 g5e5,2293,crushing discoveredCheck doubleCheck kingsideAttack long middlegame,24
psAsU,8/8/3Nb3/1p2p3/p3P3/P3K3/1P6/6k1 b - - 5 50,e6c4 d6c4 b5c4 e3f3 c4c3 b2c3,2293,crushing endgame long,10
7eWbR,r1b2rk1/pp3ppp/2n1p3/3pP3/8/Pqb1BN2/2nNKPPP/1R1Q1B1R b - - 3 15,b7b6 d2b3 c8a6 d1d3 a6d3 e2d3,2294,advantage hangingPiece long middlegame,28
MozYC,k6r/1R1N2b1/p3n1p1/r3p3/2P1P2p/8/5PPP/1R4K1 b - - 0 32,a5b5 c4b5 a8b7 b5a6 b7a7 b1b7 a7a6 b7b6 a6a5 b6e6,2294,advantage discoveredCheck doubleCheck exposedKing fork middlegame veryLong,18
ETAtf,r1bq1rk1/ppp2ppp/3n1b2/4N3/Q1B5/2N5/PP3PPP/3RR1K1 b - - 2 16,a7a6 e5f7 f8f7 d1d6,2295,crushing middlegame pin short,25
SRqHG,8/6pp/1pk5/p7/PPK3PP/8/8/8 b - - 0 31,g7g6 b4a5 b6a5 g4g5,2296,crushing defensiveMove endgame pawnEndgame short zugzwang,10
HXNsm,3r1k2/5qpQ/p1p4p/1pPb1P2/8/P5R1/2Br2PP/5RK1 b - - 0 32,d2c2 f5f6 g7f6 h7c2,2297,crushing discoveredAttack middlegame short,20
NB3ZB,2r2rk1/pp3pbp/4p3/4Pp1Q/4pP2/2q1B2R/P5PP/1R4K1 b - - 1 19,f8d8 h5h7 g8f8 h3g3 c3c2 h7g7 f8e8 g7g8,2297,advantage kingsideAttack master middlegame veryLong,22
1cxhX,3k3r/3qn2p/p3p3/4P3/3p3Q/4r3/P1P3PP/3R1RK1 b - - 5 22,e3e5 h4f6 h8g8 f6e5,2298,advantage fork middlegame short,18
xAqXN,8/8/1p3kp1/1pp1p3/1P2P1p1/P1P5/5K1P/8 b - - 0 29,f6g5 b4c5 b6c5 c3c4 b5c4 a3a4 g5f4 a4a5,2298,crushing defensiveMove endgame pawnEndgame quietMove veryLong,13
2BGQC,3r4/p6p/6p1/k1b1r3/2B2p2/1RN2P2/PP3P1P/2K5 b - - 0 24,c5f2 b3b7 f2e3 c1b1 d8d1 c3d1,2299,crushing endgame long master,17
LHFie,r5k1/P1R5/2b4K/6P1/1p5P/8/8/8 b - - 1 60,c6e8 c7b7 b4b3 b7b8 b3b2 b8a8 b2b1q a8e8,2299,crushing endgame pin veryLong,9
WNtFP,6k1/2r1qpp1/5b1p/3p4/b1rPp1B1/2P2PQP/4N1P1/R3R1K1 b - - 0 33,a4c2 a1a8 g8h7 g4f5 g7g6 e2f4 f6d4 c3d4,2299,advantage middlegame veryLong,22
hRoB4,2r2rk1/R4p2/p2Ppp1p/1p6/8/1P6/1P3PPP/3R2K1 b - - 2 23,c8c2 a7c7 c2b2 d6d7,2299,advancedPawn crushing endgame rookEndgame short,18
jDuXa,2r2rk1/4Bppp/pb1p2q1/n1pBP3/1p1P4/4QN2/PP3PPP/2R2K2 b - - 2 21,f8e8 e5d6 c5d4 c1c8 e8c8 d6d7,2299,advancedPawn advantage long middlegame,26
9eihi,rn2k2r/pp2bppp/2p2p2/8/8/3B1P1P/PPP2P2/R1B1R1K1 b kq - 0 12,g7g6 c1f4 b8d7 f4d6 d7e5 d6e7,2300,crushing long middlegame pin,23
Cgfkh,8/3n1rk1/2R1Q1p1/7r/1p2N1K1/5PP1/1P2q2P/8 b - - 2 35,h5f5 e6g6 g7h8 g6h6 f7h7 c6c8 d7f8 c8f8 f5f8 h6f8,2301,mate mateIn5 middlegame veryLong,15
jIJSX,r1r3k1/1q1nbppp/b3p3/pp1pP1N1/3P4/P2BB2P/1P3PP1/2RQR1K1 b - - 3 17,c8c1 d3h7 g8h8 g5f7,2301,advantage deflection kingsideAttack middlegame short,28
PRUJj,r4rk1/ppp2ppp/2nb4/8/2P1b3/1P3N2/PB1PBK1P/R5R1 b - - 3 17,e4f3 g1g7 g8h8 g7g8 h8g8 a1g1 f3g2 g1g2 d6g3 g2g3,2302,attraction discoveredCheck doubleCheck kingsideAttack mate mateIn5 middlegame pillsburysMate sacrifice veryLong,23
X2G0j,5qk1/p4p2/1p3Pp1/2pPp1P1/3pB3/1P2n2Q/P7/6K1 b - - 1 39,f8d8 h3h6 d8f8 d5d6 f8h6 g5h6,2302,crushing endgame long,18
k05sE,8/8/8/pp2p3/4k1N1/PP1b4/3K4/8 b - - 1 57,e4f4 d2d3 e5e4 d3d4 f4g4 d4e4 b5b4 a3b4,2303,crushing endgame hangingPiece veryLong,9
lwkfw,8/1p3pk1/5p2/p1p1pP1p/4P2P/3PK3/PP4P1/8 b - - 0 25,b7b5 a2a4 b5a4 e3d2,2303,crushing defensiveMove endgame pawnEndgame short,16
LLWGs,r1b1r1k1/2p1qppp/1pp2n2/8/4P3/2NQ3P/PPP3P1/1K1R1B1R b - - 0 15,f6e4 d3e4 e7e4 c3e4,2304,advantage middlegame short,24
UGz9K,r6r/ppk5/2p2p2/4bP1n/3qN2p/3B1Q1P/P5P1/1R1R3K b - - 6 23,h5g3 e4g3 h4g3 d3a6,2304,advantage middlegame short,21
mIFTH,r2q1rk1/pppn1pp1/4bn1p/4N3/3PN2Q/3B4/PPP3PP/R4RK1 b - - 4 16,d7e5 e4f6 g7f6 d4e5 f6e5 h4h6,2304,crushing intermezzo kingsideAttack long middlegame,26
MSk4X,4Qbk1/p4ppp/4p3/1p1pP3/3P2P1/4B1KP/rr3P2/8 b - - 1 28,b5b4 e3g5 a2a3 g3g2 h7h5 g5e7,2305,crushing defensiveMove endgame long quietMove,19
aZ6sV,7k/8/1p3K2/p1p5/8/1P6/P7/8 b - - 0 42,h8g8 a2a4 g8f8 f6e6,2305,crushing defensiveMove endgame pawnEndgame quietMove short,7
tUVX2,2r1k2r/1bqp1ppp/3bpn2/1N2n3/4PB1Q/2N5/PPP2PPP/2KRR3 b k - 0 14,e5d3 c1b1 d6f4 b5c7,2305,crushing defensiveMove master middlegame short,27
1x66u,2r2k2/1b4p1/p3p1N1/1p1p3Q/3P4/P2BP1qP/1P3r2/2R4K b - - 2 31,f8g8 c1c8 b7c8 h5h8 g8f7 h8f8,2306,kingsideAttack long mate mateIn3 middlegame,20
9st9e,5qk1/pQ3p2/2p3p1/3r4/8/8/6PP/5R1K b - - 0 29,f8d6 b7f7 g8h8 f7e8 h8g7 f1f7 g7h6 e8e3,2306,crushing endgame veryLong,12
KnX6K,Q7/P5bk/1r4p1/2p1pp1p/8/1qB1P1P1/3P1R1P/6K1 b - - 0 37,b3a4 f2f1 b6a6 f1a1 a4a1 c3a1,2306,crushing endgame long master,18
NHMN0,2r5/2pR1p2/p1r1p1kp/1p4pN/1Pn2PP1/P7/2P4P/2K1R3 b - - 0 28,c6d6 e1e6 d6e6 f4f5 g6h7 d7f7 h7h8 f5e6,2306,advantage deflection endgame fork sacrifice veryLong,21
LrkM3,r1b2rk1/p4pbp/4p1pB/3pP3/2pP4/q6P/3QBPP1/1R3RK1 b - - 1 20,c8a6 h6g7 g8g7 b1a1 a3e7 a1a6,2307,advantage long middlegame skewer,24
mfXPY,2rb1rk1/p2q1pp1/4pR1p/3pP3/1p1P2QP/2P1N3/PP4P1/5RK1 b - - 1 23,d8f6 e5f6 g7g6 g4f4 g8h7 e3g4,2307,crushing long middlegame,24
Kt7ay,3r1r2/2k3qp/1p1pp1p1/p1p3B1/P1P3bP/2PR2P1/1Q1R4/6K1 b - - 10 33,d8d7 d3d6 d7d6 d2d6 f8b8 b2d2,2308,advantage clearance defensiveMove long middlegame,22
o1Eth,r3r1k1/1b4pp/p2p4/2p5/1pPqPQ2/3B3P/P1P3P1/R4R1K b - - 0 21,b7e4 f4f7 g8h8 a1e1,2308,advantage middlegame short,22
7DDVk,5B2/7p/4p1P1/1p5P/2k2P2/P2n2K1/8/1b6 b - - 0 46,h7g6 h5h6 g6g5 h6h7 g5f4 g3h2,2309,advancedPawn crushing defensiveMove endgame long,12
BtJg8,r5k1/pB3pp1/1n1p1b2/1Pq4p/2P2P2/3p2P1/P4Q1P/B3R1K1 b - - 1 30,f6a1 f2c5 d6c5 b7a8 a1d4 g1f1,2309,advantage defensiveMove long middlegame,22
ESxYD,r1b3k1/pp3r1p/1b3npB/3pq3/8/PN1Q3P/1PB2PP1/R3R1K1 b - - 1 20,e5b2 h6c1 c8f5 c1b2 f5d3 c2d3,2309,advantage long middlegame trappedPiece,24
5gQYV,8/5pp1/4p2p/3pP1PP/2kP1P2/4B3/6K1/3r4 b - - 0 52,d1d4 e3d4 c4d4 f4f5 h6g5 f5f6,2310,advantage endgame long master,14
5mnAY,8/4K1pk/3RP1r1/5R1p/8/8/r7/8 b - - 1 39,h7h6 e7f7 a2a7 d6d7 g6g5 f5g5 a7d7 e6d7,2310,advancedPawn crushing defensiveMove endgame master rookEndgame veryLong,9
HpFyb,8/3r3p/2rk4/8/3Q1P2/6P1/2p3KP/8 b - - 25 58,d6e6 d4e4 e6f7 e4c6,2310,crushing endgame fork queenRookEndgame short,10
kNLBD,r2q1rk1/pp2bpp1/5n2/4B1N1/2p2N2/7Q/PP2KP1P/n5R1 b - - 0 19,f8e8 g5f7 d8d3 f4d3,2310,crushing master masterVsMaster middlegame short,22
uwVlC,r1b2rk1/pp2bppp/2p5/3Nq3/4P3/1P5P/PB1P2P1/R2Q1R1K b - - 1 16,e5e6 d1g4 e6g4 d5e7 g8h8 h3g4,2310,advantage deflection intermezzo kingsideAttack long middlegame sacrifice,24
YMDp4,2r2rk1/pp3pp1/4p3/4Qn2/qN1p4/P7/1P3P2/1K4RR b - - 3 26,a7a5 g1g7 f5g7 h1g1 c8c1 b1c1,2311,advantage clearance long middlegame sacrifice,19
j4lYi,8/3n4/5kP1/5p1p/3K1N1P/8/8/8 b - - 4 60,d7e5 f4d5 f6e6 g6g7 e5c6 d4c5,2311,advancedPawn crushing endgame knightEndgame long,8
xcjne,5r2/4Qpkp/3p4/2pP2Pq/8/rP1P4/6RP/6RK b - - 0 34,a3b3 g5g6 h7g6 g2g6 h5g6 g1g6 g7g6 e7f8,2311,crushing endgame pin veryLong,17
Iqwp7,r2qk2r/1bpp1pbp/pp2pnp1/6B1/4P3/2NB4/PPP1Q1PP/R4RK1 b kq - 1 11,h7h6 g5f6 g7f6 e2f2 h8f8 f2f6 d8f6 f1f6,2312,advantage middlegame veryLong,28
j7A8Q,2r3k1/pp4p1/1n2Q3/2b3B1/8/2p2P2/P6P/qN4RK b - - 3 26,g8f8 g5f6 c3c2 f6a1,2312,crushing master middlegame short,17
Pd3JQ,r1b1nrk1/ppp1ppbp/6p1/3P4/1qnBN3/2N5/PPP2PPP/1R1QKB1R b K - 4 12,c4b2 d4g7 g8g7 d1c1 f7f5 b1b2,2313,advantage long opening,30
MIU04,8/1B3P2/3k2n1/P2pb1p1/6P1/5K2/8/8 b - - 2 47,d5d4 a5a6 d6c7 b7e4,2314,crushing endgame master short,10
UAKmT,3r2nr/p1k4p/4pn1b/3p4/3PbP2/1Q4P1/PP3P1P/2R3K1 b - - 1 22,c7d6 b3b7 f6d7 b7b4,2314,crushing middlegame short,21
b1mWM,8/8/4p1p1/5k1p/3K3P/5PP1/8/8 b - - 0 62,g6g5 h4g5 f5g5 d4e5 h5h4 f3f4 g5g6 g3h4,2314,crushing deflection endgame pawnEndgame veryLong,8
KNO7l,5b1k/2rq1p2/4n3/p2pPR1P/Pp1P2Q1/8/1P4P1/5RK1 b - - 5 34,e6d4 e5e6 d4e6 f5f7,2315,crushing middlegame short,19
Sfyj7,r7/p2b2kp/2p2rp1/1pq3N1/5N2/P5Q1/1PP3PP/5R1K b - - 4 31,a8f8 f4h5 g6h5 g5e6 g7f7 f1f6 f7f6 e6c5,2315,crushing discoveredCheck doubleCheck middlegame sacrifice veryLong,20
fjX6T,8/4Bk2/2p1pP2/5p1P/3P1P2/1r6/6PK/8 b - - 2 48,b3d3 h5h6 d3b3 e7f8 b3b8 f8g7,2315,advantage defensiveMove endgame long quietMove,12
4bQ41,r7/5p1k/p2q1p1p/1b1p1Rr1/1PpPp1P1/2P1P1N1/2Q1B1PP/6K1 b - - 2 32,b5d7 f5g5 h6g5 g3e4,2316,advantage middlegame short,24
7ANyO,rn1qk2r/pp3ppp/5n2/1N1pN3/1b1p4/2P4P/PP2QPP1/R1B1K2R b KQkq - 0 11,d4c3 e5c6 f6e4 c6b4,2316,advantage discoveredAttack discoveredCheck opening short,27
J7psY,r3k2r/pp2bppp/1q2pn2/3p4/3n4/1PN1BB2/P1PQ1PPP/R4RK1 b kq - 1 12,e7c5 e3d4 c5d4 c3a4 b6c7 d2d4,2316,advantage long middlegame,27
SrJen,8/6p1/7p/pkp1P3/8/PK4P1/5P2/8 b - - 0 45,g7g5 g3g4 c5c4 b3c3,2316,crushing defensiveMove endgame master pawnEndgame quietMove short,10
gMFPr,8/8/3KP3/3P1b2/2k5/8/8/8 b - - 0 53,f5g6 d6e5 c4c5 d5d6 c5c6 d6d7 c6c7 e5f6,2316,advancedPawn bishopEndgame crushing endgame master veryLong,5
0Nkhk,8/4k1p1/4pb1p/p1Rn3q/1p1PQP2/4P3/1P3P1P/6K1 b - - 2 28,a5a4 f4f5 h5d1 g1g2 d5e3 f2e3,2317,crushing endgame long,18
9Apc6,8/1pp3pp/1p1p1k2/3Pp3/1PP3KP/P2P4/8/8 b - - 0 36,c7c6 d5c6 b7c6 a3a4 f6e7 a4a5 b6a5 b4a5,2317,crushing endgame pawnEndgame quietMove veryLong,15
d2ZAg,8/p3BQ2/1p4p1/6bp/7k/P1P5/1Pq4r/KR6 b - - 1 40,h2f2 f7c4 h4g3 e7g5,2317,crushing deflection endgame short,15
sR0VB,r2q1rk1/2p2ppp/p2p1nb1/1p2p3/1b2P1PN/1PNP3P/1PPBQP2/2KR3R b - - 1 14,f6e4 h4g6 e4c3 d2c3 f7g6 c3b4,2317,advantage long middlegame,30
aqFQf,r5k1/1b3p2/3q1p1p/5Q2/p2B2n1/PpP1p1P1/1P5P/1B1R2K1 b - - 1 31,d6c6 f5g4 g8h8 b1e4,2318,crushing hangingPiece middlegame short,21
R40eU,1k6/1pp5/p2p2r1/6qp/4PR2/P7/KPP2Q2/8 b - - 0 43,b7b6 f4f8 b8b7 f2f7 g5c5 f7g6,2319,clearance crushing endgame long,15
YVdSH,r2q1rk1/p2n1pp1/bp2pn1p/3p2N1/2PB3P/1P2P3/P1Q2PP1/3RKB1R b K - 0 13,h6g5 h4g5 f6e4 c4d5,2319,advantage middlegame short,28
QOw9O,8/7P/1p2R3/k4Pp1/3b4/6K1/4pr2/8 b - - 0 49,b6b5 h7h8q d4h8 g3f2,2320,advancedPawn crushing deflection endgame promotion short,10
A0Esn,8/2B2K2/1P6/2k1P2p/1r3P1P/p7/8/8 b - - 0 41,c5c6 e5e6 a3a2 e6e7 a2a1q e7e8q,2321,advancedPawn advantage endgame long promotion,10
D1TMm,5k1r/p3p2p/2p2p2/3p1n1Q/2q5/2P1b3/PP2RB1P/5KR1 b - - 5 25,c4f4 g1g4 f4e5 h5h3,2321,advantage master middlegame short,20
iV8I6,r4q2/2k1p3/b2pQ3/3P4/p7/5P2/P5P1/1KR5 b - - 0 31,c7b6 c1c6 b6a7 e6e3 a7b8 e3b6 a6b7 b6c7,2321,advantage endgame exposedKing veryLong,14
mdrH1,r1b1B1k1/p4ppp/5n2/8/2Nqp3/1P5P/P1P1QpP1/3R1K2 b - - 3 20,d4c3 e8c6 c8b7 c6b7,2321,crushing middlegame short,21
GKMoB,5k2/p1r1pp2/R2p1np1/1P5p/P6P/4PB2/5P2/6K1 b - - 2 33,f6d7 a6c6 c7c6 b5c6 d7b6 c6c7,2322,advancedPawn crushing endgame long,17
oFpkn,2R5/3P1pk1/6pp/pp2q3/8/6PP/B4P1K/8 b - - 0 36,e5e2 a2d5 e2f2 d5g2,2322,crushing endgame short,14
cAAN8,2kr3r/ppp2p2/3p1R1b/2q3Np/7P/2Nb4/PPPQ2P1/2KR4 b - - 0 20,d3c4 f6h6 h8h6 g5e4 c5a5 d2h6,2323,advantage discoveredAttack long middlegame sacrifice,23
cLiZG,r2r4/pp6/1b2kp2/5N1p/3NPB1P/8/PP2K3/2R5 b - - 0 30,b6d4 c1c7 d8d7 c7d7 e6d7 f5d4,2323,capturingDefender crushing endgame long,17
fBk2B,1k2Q3/pp2N3/2pp4/4b1P1/1P6/3P2p1/P3K1P1/2q5 b - - 1 27,b8c7 e8c8 c7b6 c8d8 b6b5 d8a5,2323,endgame long mate mateIn3,16
BwWLm,2kr3r/1p3p2/2n3bp/2bnpqp1/p7/2PB3P/PP1NQPPB/2KRN2R b - - 11 19,d5c3 d3f5 g6f5 e2c4,2324,clearance crushing master middlegame short,28
EHwUI,3r4/8/1pR1k1p1/5p2/1P2p3/P3K1P1/7P/8 b - - 4 36,d8d6 c6d6 e6d6 a3a4,2324,crushing defensiveMove endgame rookEndgame short,12
h22Qv,4B3/p7/1p2p1RP/4kp2/P1r5/5b1K/8/8 b - - 0 43,c4c8 h6h7 f3g4 h3h4 c8e8 g6g8 e8g8 h7g8q,2324,advancedPawn advantage defensiveMove endgame promotion sacrifice veryLong,12
osfdB,8/5p1p/6p1/2K3k1/1P2P3/8/8/8 b - - 1 44,g5f6 b4b5 f6e7 c5c6,2324,crushing defensiveMove endgame pawnEndgame quietMove short,7
u4nXQ,2kr4/Qpp3rp/8/3p2PB/1q1P4/1P2n3/2P1R3/2K5 b - - 1 40,e3f5 a7a8 c8d7 h5e8 d8e8 a8e8 d7d6 e2e6,2326,mate mateIn4 middlegame veryLong xRayAttack,17
xeNAT,r2q1r2/1bp4k/3p3p/pPpP4/P1P1R3/5NPP/6P1/Q5K1 b - - 0 24,d8f6 a1b1 h7h8 e4e6 f6e6 d5e6,2326,advantage long middlegame quietMove,21
NcR4I,5nk1/p4q2/5Rp1/1P3p2/3Q3P/3P2P1/5P1K/4r3 b - - 3 38,f7b7 f6f8 g8f8 d4h8 f8f7 h8h7,2327,attraction crushing endgame exposedKing long master sacrifice,15
ywaQ3,2k5/pp4p1/4ppPp/3pP3/K2P1PP1/8/8/8 b - - 0 37,f6e5 f4f5 c8d7 f5f6 g7f6 g6g7,2327,advancedPawn crushing endgame long pawnEndgame,14
CMeUY,2kr3r/p1qnbp2/1p1N4/1BpQP2p/8/2P5/PP3PPP/2K4R b - - 2 20,e7d6 b5a6 c8b8 e5d6 c7c8 a6c8,2328,crushing intermezzo long middlegame queensideAttack trappedPiece,23
KdBfb,8/8/2p3k1/p1Pp3p/P4K2/6PP/8/8 b - - 0 41,g6h6 f4f5 h5h4 g3g4 h6h7 f5g5 d5d4 g5f4,2328,crushing defensiveMove endgame pawnEndgame quietMove veryLong,10
uAfxE,8/P6R/1K6/8/5kp1/7p/1P6/r7 b - - 2 42,g4g3 h7h4 f4e3 h4h3,2328,crushing endgame master pin rookEndgame short,8
x33z3,4k3/7R/3Kp2p/3pP3/5p2/8/7r/8 b - - 1 51,h6h5 d6e6 e8f8 e6f6 f8g8 h7g7,2328,crushing endgame long rookEndgame,9
1zr0w,2kr1b1r/1pp2ppp/p4n2/PNq2B2/8/4pP2/5P1P/1R1Q1RK1 b - - 1 18,c5f5 b5a7 c8b8 a7c6 b8a8 d1d8 f5c8 d8c8,2329,mate mateIn4 middlegame pin queensideAttack veryLong,23
m2Xgv,r4rk1/pQ1bbppp/3pqn2/8/4P3/5N1P/PB1N1PP1/R3R1K1 b - - 0 15,f8b8 b7a8 b8a8 f3g5 d6d5 g5e6,2330,advantage long middlegame pin sacrifice trappedPiece,24
TQ425,8/pp4bk/2p4p/2Pp1K2/PP1Pp3/4P1P1/8/8 b - - 2 35,b7b6 b4b5 b6c5 b5c6 c5d4 c6c7 d4d3 c7c8q,2331,advancedPawn bishopEndgame crushing endgame promotion veryLong,15
WztSX,4rnk1/1pq1b2p/p3p1pQ/3pP2P/2nP1BP1/2P5/P7/1B3RK1 b - - 0 27,g6g5 b1h7 f8h7 h6g6 g8h8 g6e8,2331,crushing fork long middlegame sacrifice,23
YTwTv,r4rk1/pp1bb1pp/1q2p3/3nB3/8/1P5P/P1BQ2P1/R4R1K b - - 1 20,e7b4 d2g5 f8f6 f1f6,2331,crushing middlegame pin short,22
Z9rcf,rnb2k1r/pp3Nbp/5np1/8/2B1Pp2/2N5/PPP2PPP/3RK2R b K - 0 11,h8g8 d1d8 f8e7 c3d5 f6d5 d8g8,2331,advantage deflection exposedKing fork long middlegame,25
eyqnT,3r2k1/1R4pp/p1p1p3/2b1n3/2P1Q3/2PrN3/6PP/5NK1 b - - 8 36,d3e3 f1e3 c5e3 g1f1,2331,crushing defensiveMove middlegame short,19
jUBhQ,r4rk1/pbpqppbp/n5p1/2P3P1/3PpN1P/4P3/PB2BP2/R2QK2R b KQ - 4 15,a6c5 d4c5 d7d1 e1d1 g7b2 a1b1,2332,advantage hangingPiece long middlegame,28
rsN7r,3qbr2/pp2p1k1/n2pp3/3P3p/2rBP2P/2N2P2/PP1Q1K2/7R b - - 1 21,g7h7 h1g1 f8f6 d2g5 e8g6 d4f6,2332,crushing long master middlegame quietMove,23
IRvJ8,r2qr1k1/pp1n4/7p/3pPQp1/2p5/2P3PP/PP2R1P1/R5K1 b - - 0 21,e8f8 f5g6 g8h8 g6h6 h8g8 h6g6,2333,crushing exposedKing kingsideAttack long middlegame,22
biHca,r4rk1/pbBp1pb1/1p3q2/n2p3p/2n4P/P1N1PN2/4KPQ1/6RR b - - 0 21,f6c3 f3d4 c3d2 e2f3 d2d1 g1d1,2333,advantage long middlegame quietMove,25
vBlKN,Q7/1R4bk/7p/2pr2p1/3q4/7P/P3nPP1/1R5K b - - 9 42,d4f2 b7g7 h7g7 b1b7 d5d7 b7d7,2333,attraction crushing long middlegame sacrifice,16
EQSCm,r4rk1/3R2pp/p3pp2/1p1bN3/8/6RP/5PP1/6K1 b - - 1 28,d5e4 d7g7 g8h8 g7g8 f8g8 e5f7,2334,cornerMate endgame long mate mateIn3 sacrifice,17
lWCXT,4k3/1R3p1p/5PP1/3r3P/8/2K5/8/8 b - - 0 52,h7g6 b7b8 e8d7 h5g6 f7g6 f6f7,2334,advancedPawn crushing endgame intermezzo long rookEndgame,9
Xzht0,6k1/1p5p/p4pp1/n2p4/P1pP2P1/2P3K1/1r2rP1R/1B5R b - - 7 28,b2b3 h2h7 b3c3 g3g2 c3d3 h7h8 g8f7 h1h7 f7e6 h8e8 e6d6 e8e2,2335,advantage endgame kingsideAttack skewer veryLong,20
bTWik,8/3k4/2p5/Pp3K2/8/1P6/8/8 b - - 0 51,d7c7 b3b4 c6c5 b4c5 c7c6 a5a6 b5b4 f5e4 b4b3 e4d3 b3b2 d3c2 b2b1r c2b1,2335,crushing endgame pawnEndgame quietMove veryLong,6
iCw5P,5r2/1p2krpR/4ppP1/1n1p4/3P1B2/qPP2Q2/2K5/4R3 b - - 2 34,f8c8 e1e6 e7e6 f3e2 e6d7 e2b5,2335,attraction crushing fork long middlegame sacrifice,19
wWv5Z,2r3k1/1p1q1ppp/1p2N1b1/p1r5/Pn3Q2/2N2P2/1PP3PP/2KRR3 b - - 1 22,c5c3 d1d7 c3c2 c1d1,2335,advantage middlegame short,24
K7oSG,2r2rk1/3n1ppp/p2pq3/1p1Nn1P1/3B2bP/P1P5/5QB1/4RRK1 b - - 0 25,g4h3 d5f4 e6g4 f4h3,2336,crushing master middlegame short,24
N273K,6k1/2qb2pp/4p3/1p1p4/2pP1P2/b3P1B1/4Q1PP/1B4K1 b - - 1 26,b5b4 e2h5 g7g6 b1g6 h7g6 h5g6,2336,advantage endgame long master,19
WHfo3,8/p7/1k3R2/2qpp3/2B5/1P6/2P1KP2/8 b - - 0 46,b6a5 c2c3 c5c8 b3b4 a5a4 f6a6 c8a6 c4a6,2336,crushing endgame quietMove veryLong,11
fO3rz,4k3/p1b1P2p/2p3p1/8/7B/4PR1K/P1q3PP/8 b - - 12 35,e8d7 f3f8 c2f5 g2g4 f5e4 f8d8 c7d8 e7d8q,2336,advancedPawn crushing endgame promotion quietMove veryLong,15
gD5Nv,2rr2k1/2q2ppp/p1n5/1p2P3/1b3R2/1P3Q1P/PB2BPP1/3R2K1 b - - 0 21,c6e5 d1d8 c8d8 b2e5 c7e5 f4b4,2336,crushing intermezzo long middlegame,23
8tzkE,r4k2/pp3p2/2p2P1N/3p2Q1/4q3/2P4P/P4P1K/bN6 b - - 4 25,e4g6 g5f4 g6h6 f4h6,2337,crushing endgame quietMove short,18
aiQOT,8/5p2/5kp1/2p2p2/2P1q3/6PP/1Q3P2/6K1 b - - 2 37,e4d4 b2d4 c5d4 g1f1,2337,crushing defensiveMove endgame master queenEndgame short,12
mwi9C,r3k2r/1b1p1ppp/p2q4/1p1Pp3/1P6/PB6/2PK2PP/3RQ2R b kq - 0 20,b7d5 d2e2 d5c4 b3c4,2337,advantage middlegame short,23
0EgGm,8/1p1Q2pk/2p1P2p/8/p4r1q/P3pP2/1P4P1/3R2K1 b - - 0 32,f4f3 d7d3 g7g6 d3d7 h7g8 d7d8 h4d8 d1d8 f3f8 e6e7 f8e8 d8e8,2338,advancedPawn crushing endgame veryLong,17
MbCBL,r3rk1Q/pp2q1p1/2p2p2/6p1/2b5/P1P1B3/1P3PP1/3R2KR b - - 5 24,c4g8 h1h7 b7b6 d1d6,2338,crushing middlegame pin short,21
KojxZ,4r1k1/1pp1r1p1/pb6/3RB1Pp/1P2Q2P/P2K1N2/5q2/6R1 b - - 0 33,e7e5 d5e5 e8e5 f3e5 f2g1 e4d5 g8h7 g5g6 g1g6 e5g6,2339,crushing middlegame veryLong,20
Q9EBE,r4rk1/pppq1ppp/5b2/n2P1N2/2P5/P7/4BPPP/R1BQ1RK1 b - - 0 17,f6a1 e2g4 d7d8 c1d2 a5c4 d1a1,2339,crushing discoveredAttack long middlegame quietMove,25
cV7bZ,r1b2rk1/pp1nb1p1/1qn1p3/3pP1PQ/3p1N2/P1P5/1P3PP1/R1B1K2R b KQ - 0 15,f8f4 h5h8 g8f7 g5g6 f7g6 h8h5,2339,attraction kingsideAttack long master mate mateIn3 middlegame,27
fFfXo,r7/PK1k4/3p4/3P3p/3N2p1/2P2P1P/8/8 b - - 0 51,g4h3 b7a8 d7c8 d4f5 h5h4 f5d6,2339,crushing endgame hangingPiece long,12
uAwPf,8/pp2ppkp/q2p2p1/3Q3P/2B3P1/4r3/P1Pn1K2/R6R b - - 7 22,d2c4 h5g6 c4e5 f2e3,2339,advantage endgame short,20
c69Op,2r3k1/4nppp/Bp2p3/2P5/1P6/7P/6PK/2R5 b - - 1 26,c8c7 c1d1 e7d5 c5b6,2340,crushing endgame quietMove short,15
pzO2s,8/5k2/5p2/5Kpp/5P2/6PP/8/8 b - - 0 45,g5f4 g3f4 h5h4 f5g4 f7g6 f4f5,2340,crushing endgame long pawnEndgame,8
A4bjJ,2r1qrk1/1b4pp/p4p2/1pbN4/4P3/1P1R2Q1/PB4PP/5R1K b - - 3 23,e8e4 d5f6 f8f6 b2f6,2341,crushing kingsideAttack middlegame pin short,22
DLFvo,2R3k1/1p1rbppp/p3p3/4n3/4N3/P2rB2P/1P3PP1/4R1K1 b - - 2 25,e7f8 e4c5 d7d8 c5d3 d8c8 d3e5,2341,crushing fork long middlegame,21
zqlKp,8/pp6/2p1k1p1/4P1Pp/3p1K1P/3P4/PP6/8 b - - 0 33,b7b5 f4e4 c6c5 b2b4 c5b4 e4d4 a7a5 d4c5 b4b3 a2b3,2341,crushing deflection endgame pawnEndgame veryLong,14
4DkCQ,r1r4k/4bppP/3p4/4p1p1/1pR1P3/1P2BP2/qP1KQ3/2R5 b - - 2 34,a2b2 c1c2 b2c2 d2c2,2342,advantage defensiveMove middlegame short,21
Nl0ra,r3kb1r/ppp3pp/5q2/3pP3/4n1b1/2PB1N2/PP4PP/RN1Q1RK1 b kq - 0 12,g4f3 d1a4 f6c6 d3b5 f8c5 g1h1,2342,crushing defensiveMove long opening pin,26
GfAbW,r4rk1/2q3pp/2n1b3/p4p2/P1pN1b2/2P5/4NBPP/1R1Q1RK1 b - - 1 23,a8d8 e2f4 c7f4 d4e6,2343,crushing middlegame short,23
WNL8k,r3k2r/3b1pp1/p7/2Bpp2p/PP3qn1/2QB4/2P2PP1/R3RK2 b kq - 1 22,d5d4 c3d4 f4d4 c5d4,2343,advantage middlegame pin short,23
npcxU,3r1k1r/3nb1pp/1pQ1p3/p2pP3/8/qR6/P2B1PPP/2R3K1 b - - 1 23,a3a2 b3f3 f8e8 c6e6 d7c5 e6c6 d8d7 e5e6 a2d2 e6d7,2344,advancedPawn advantage middlegame veryLong,22
4tTmh,1r2k2r/p1q4p/bp1pp2B/2p2p1Q/2P5/2P3P1/P5BP/R5K1 b k - 1 18,c7f7 g2c6 e8e7 h5h4 f7f6 h6g5,2345,crushing exposedKing long middlegame pin,22
LlGUi,4r1k1/3q1pp1/1p5p/p1p2N2/P1Pp2Q1/1P1P2P1/4nPKP/5R2 b - - 13 43,d7b7 f2f3 g7g6 f5d6 b7c6 d6e8,2345,crushing defensiveMove endgame fork long,22
XHtZC,2r2rk1/pp3p1p/1n2p1n1/3pP1N1/3P4/P3Q2R/1Pq2PP1/R5K1 b - - 3 23,b6c4 g5h7 f7f6 e3h6,2345,crushing middlegame short,23
rz2sC,8/8/p5pp/1pk1pp2/4P3/PP1K1PPP/8/8 b - - 0 32,a6a5 e4f5 g6f5 g3g4 f5g4 f3g4,2345,crushing endgame long pawnEndgame,14
Ky2qN,8/2B5/1P6/3p3p/3P3P/6P1/5k1K/1r6 b - - 2 58,f2f1 g3g4 h5g4 h2g3,2346,crushing endgame short,10
Vy8WM,8/8/8/pp6/4Kpk1/8/PP4P1/8 b - - 1 48,g4g3 e4f5 b5b4 b2b3 f4f3 g2f3,2346,crushing endgame long pawnEndgame quietMove zugzwang,8
s6KeH,1rb1k2r/2p1qpp1/p4n1p/1pb1P3/2p2P2/2N1B1P1/PP2Q1BP/R2R2K1 b k - 2 18,f6g4 g2c6 e8f8 d1d8 e7d8 e3c5,2346,crushing deflection long master middlegame sacrifice,27
M5e0U,2b3k1/6r1/p1p5/1p4R1/1P1P3Q/4Pr1P/3q1PP1/1R4K1 b - - 1 34,f3f7 g5h5 d2f2 h4f2 f7f2 g1f2,2350,advantage long middlegame,18
VHbJS,r3rbk1/pp1q1bpp/5p2/2p2N2/3pNQ2/1P1P4/1PP1RPP1/4R1K1 b - - 5 24,e8e5 f5h6 g8h8 e4f6,2350,crushing kingsideAttack master middlegame short,25
1yZij,3r1rk1/pb2qpp1/1p2p2p/4P2Q/P1BpP3/2P3R1/6PP/5RK1 b - - 1 19,g8h7 f1f6 e7f6 e5f6,2351,advantage middlegame short,23
cRYPj,rn1q1rk1/pbp1bpp1/1p2pn1p/6N1/3P3Q/2NBB3/PPP3PP/R4RK1 b - - 1 11,f6d5 h4e4 d5f6 e4b7,2351,advantage middlegame short,29
f6QmE,8/2p5/p2pbk2/1p5N/1P1P4/P3KP2/8/8 b - - 6 39,f6g6 h5f4 g6f5 f4e6 f5e6 e3e4 d6d5 e4f4 e6f6 f4g4 c7c5 d4c5,2351,crushing endgame fork veryLong,12
9KSgx,2k1rr2/pppq2pp/1b1pN3/3P1p2/4P1n1/6B1/PP3PP1/RN1QR1K1 b - - 3 17,e8e6 d5e6 d7e6 e4f5 e6f5 d1f3 f5f3 g2f3,2352,crushing middlegame veryLong,26
C9c5Q,rn1q2kr/1bppn1b1/p6p/4P3/1p1P1RQN/2N4P/PPP3P1/5RK1 b - - 4 16,b4c3 g4g7 g8g7 f4g4 e7g6 g4g6 g7h7 f1f7,2352,attraction epauletteMate exposedKing kingsideAttack mate mateIn4 middlegame sacrifice veryLong,26
KqE2t,8/2KP4/p7/4N3/5p2/1P4k1/8/3r4 b - - 8 59,d1c1 e5c4 c1d1 c4d6,2352,crushing defensiveMove endgame master short,8
kUbr2,3r1rk1/ppq2pp1/2pbpn1p/4P3/5B2/2NQ3P/PPP2PP1/R3R1K1 b - - 0 16,d6b4 d3c4 b4c3 e5f6,2352,advantage middlegame short,26
vRA1B,4r3/2p3kp/p1p3p1/5p2/4q3/2Q1B2P/PP3PPK/8 b - - 4 28,e8e5 e3d4 g7f6 f2f3 c6c5 f3e4,2352,crushing endgame long pin,17
DBXIm,4k3/2R2p2/P1pr2pp/3p4/6KP/5P2/4nP2/8 b - - 2 44,e2d4 c7c8 e8d7 a6a7 d7c8 a7a8q c8d7 a8a7 d7e6 a7d4,2353,advancedPawn advantage endgame fork promotion veryLong,14
iJMcd,1r3rk1/1b2p3/p2p2N1/2pP3p/4P3/1p3PKR/2q3P1/1R5Q b - - 0 38,f8f7 h3h5 f7g7 h5g5,2353,crushing defensiveMove middlegame short,20
13rw7,4K3/2k1P3/8/8/8/R7/p7/r7 b - - 0 60,c7b7 a3b3 b7c6 b3b2,2354,crushing endgame rookEndgame short,6
MFBaJ,r3r1k1/4p1bp/b2p2p1/q1n5/1p2P1P1/1P1n1P2/PB1QN1BR/1KN4R b - - 3 23,c5b3 c1b3 d3b2 b3a5 a6d3 d2d3,2354,advantage hangingPiece long middlegame,26
RkM8f,8/4k1pp/p1P5/5N2/6KP/1P4P1/3r4/8 b - - 4 41,e7f6 c6c7 d2c2 f5d6,2354,advancedPawn crushing defensiveMove endgame short,11
cZKGq,3r1rk1/pR1b1ppp/3Pp2n/2pPP3/2p3P1/2P2Q1B/q6P/5RK1 b - - 0 23,a2a6 b7d7 d8d7 d5e6 d7d6 e5d6 a6d6 g4g5,2354,advantage middlegame veryLong,24
kLzSV,rq2r1k1/1p3ppp/p7/3Np3/P7/1P3Q1P/5PP1/3R2K1 b - - 0 28,f7f6 d5f6 g7f6 d1d7 e8e7 d7e7,2354,clearance crushing endgame long sacrifice,19
qSFMf,r7/6k1/2p1p2p/p3NrpP/1n1P1q2/1Q2p3/BPP3P1/1K1R4 b - - 3 29,b4d5 b3b7 f5f7 e5f7 a8b8 b7a7 f4c7 a7c7,2355,advantage fork middlegame veryLong,21
AxWfH,8/1pK5/4kPp1/2PbP2p/7B/2P5/8/8 b - - 2 46,e6e5 c3c4 d5c4 c7b7 g6g5 h4g5,2356,bishopEndgame crushing deflection endgame long,11
Fwui1,8/8/1p2p2p/p2k1pp1/3P1P2/1P2K1P1/P6P/8 b - - 0 35,b6b5 f4g5 h6g5 h2h4 e6e5 d4e5 d5e5 h4g5,2356,crushing endgame pawnEndgame veryLong,14
SpKEl,2kr4/pp2pp2/2p2bp1/q2p4/P2PnQ2/1RN2BP1/1PP1PP2/4K3 b - - 0 18,e4c3 f3g4 e7e6 b2c3,2356,advantage intermezzo middlegame short,24
hsjy1,8/8/8/3k1p2/4p2P/R5PK/5r2/8 b - - 1 54,f2f3 a3f3 e4f3 h3h2 d5d4 h2g1 d4e3 g1f1,2356,crushing defensiveMove endgame rookEndgame veryLong,8
qyskv,2kr3r/Rpp1ppb1/2n4p/6p1/2P5/3bBQP1/2qN1PBP/5RK1 b - - 0 17,d3f1 a7a8 c8d7 f3d5 d7e8 d5c6 b7c6 g2c6 e8f8 a8d8,2356,backRankMate deflection mate mateIn5 middlegame sacrifice veryLong,24
5xnEt,5rk1/1p3p1p/p2qbQp1/8/8/6P1/PPr2PBP/3RR1K1 b - - 2 22,d6b6 g2d5 b6b2 e1e6,2357,crushing master middlegame short,20
86Puc,3r4/k2N4/p1p5/PpN3p1/2b1P2p/5P1P/r5PK/2R5 b - - 2 39,a2a4 d7e5 a4a5 e5c6,2357,advantage endgame master short,18
IiKfQ,r5k1/3q1ppp/5P2/1p1p4/6PQ/7K/7P/8 b - - 0 43,a8e8 h4g5 e8e3 h3h4 d7g4 h4g4,2357,crushing defensiveMove endgame long,13
g2KWX,8/5n2/5Pk1/3K2P1/7P/8/8/8 b - - 4 49,f7h6 d5e6 h6f5 h4h5 g6g5 f6f7,2359,advancedPawn crushing endgame exposedKing knightEndgame long,6
kxVqP,5Q2/6p1/1n1k1p2/3pp3/1q3r2/1N5P/6P1/4R1K1 b - - 9 40,d6e6 b3c5 e6f5 e1e5 f5e5 c5d3 e5f5 d3b4,2359,advantage attraction endgame fork pin sacrifice veryLong,14
YGoaA,2r2rk1/pbpR2pp/1p6/5p2/1Pq5/P4P1N/6PP/3QR2K b - - 0 22,f8e8 e1e8 c8e8 d1a1 c4f7 d7f7,2360,crushing kingsideAttack long middlegame,21
ggjQN,8/p3R1pk/6rp/r7/3B1bP1/P2B1b1P/1P6/6K1 b - - 1 38,a5d5 d3g6 h7g6 e7g7,2360,attraction mate mateIn2 middlegame operaMate short,16
PJyJS,1r6/4ppk1/3p2P1/1qpP4/1rN1P1P1/3Q4/P5K1/2R5 b - - 0 34,f7g6 d3c3 g7f7 c1f1 f7g8 f1h1,2361,advantage defensiveMove endgame long,17
Pme6G,r3r1k1/p1pq1p2/1p1p1Pp1/7p/2nP1Q2/P1P2N2/6PP/R4RK1 b - - 1 22,c4e3 f3e5 g8h7 e5d7,2361,advantage master masterVsMaster middlegame short,23
nDuFP,2k3r1/1pBq1p2/p1n4p/3N1N2/2P1P3/1P6/P4r2/3Q3K b - - 0 24,g8g2 f5d6 d7d6 c7d6,2361,advantage middlegame queensideAttack short,18
nlQ4P,3r1rk1/2q1ppb1/p5p1/2p1P3/1p3Q2/1B1P2K1/PPP4P/4RR2 b - - 4 26,d8d4 b3f7 g8h7 f4g5 f8f7 f1f7,2361,crushing kingsideAttack long middlegame,22
5yoLV,r1b2rk1/1pq1pp2/p1n3P1/2pp3n/2BbPB1Q/P2P3P/2P3PK/RN3R2 b - - 1 17,d4e5 h4h5 e5f4 g2g3 f7g6 h5g6,2362,crushing kingsideAttack long middlegame,28
qJTZS,8/8/4P3/5p2/2k2P2/1pp5/8/2K5 b - - 1 46,c3c2 c1d2 c2c1q d2c1,2362,crushing endgame pawnEndgame short,7
Ik6Mc,1k1r4/pp3p2/4p3/3n1qP1/2N4r/6Q1/PP3P2/2RR2K1 b - - 1 23,h4f4 c4e3 f5e5 c1c4,2364,advantage clearance middlegame short,18
OtJxW,8/8/pp6/2p2k1p/PPP4P/8/3K4/8 b - - 0 52,f5g4 a4a5 b6a5 b4b5 a6b5 c4b5,2364,advantage endgame long pawnEndgame,10
XwcjP,8/p2Qq1kp/2P3n1/8/8/3P2P1/5P2/5K2 b - - 0 44,g7f7 d7b7 g6e5 c6c7,2364,advancedPawn collinearMove crushing endgame short,11
xJKga,rr4k1/1q2pp1p/2bp1np1/1p2P3/3Q4/P1N2N1P/1P3PP1/R3R1K1 b - - 0 19,c6f3 e5f6 f3g2 e1e7 b7f3 e7e3,2364,advantage discoveredAttack long master middlegame,24
0UqIX,8/5Qrk/p4K2/8/8/8/1P6/8 b - - 14 76,g7f7 f6f7 h7h6 f7f6 h6h5 f6f5 h5h4 f5f4 h4h3 f4f3,2365,crushing defensiveMove endgame veryLong,6
2EA6F,2k4r/p1prR1pp/1pp1Q3/6B1/8/3q4/PPb2PPK/4R3 b - - 1 19,d3f5 e6c6 f5d5 e7e8 d7d8 c6d5,2365,crushing long master middlegame pin queensideAttack,20
ZyO9d,8/5p1p/8/2p1p1p1/2PbP3/1k1K1P1P/2N3P1/8 b - - 3 43,h7h5 c2d4 e5d4 h3h4,2365,crushing endgame short,14
caocU,7r/1b2k2p/pq1ppp1b/1p5Q/2rNPP2/2N5/PP4PP/R4R1K b - - 1 19,h6f8 d4e6 c4c3 b2c3,2365,crushing middlegame short,24
hyoo5,4kb1r/ppq1pp1p/5p2/3Q1b2/1PP5/8/2n1KPPP/R1B2BNR b k - 4 14,c2a1 d5f5 c7c4 e2f3,2365,advantage defensiveMove middlegame short,24
lL4cr,5rk1/2Qnn2p/4N1p1/pq1pP3/1p1r2PP/8/PP3NK1/R4R2 b - - 0 27,f8c8 c7d6 d4g4 f2g4,2365,crushing master middlegame short,22
tsXpa,5r2/p5Q1/4k3/1ppq4/4p1R1/1P1bP3/P2P3P/7K b - - 1 30,d5f5 g4f4 f5f4 e3f4,2365,advantage endgame master short,16
6PrZE,3q1rk1/6r1/p3p1B1/1p5Q/2pp4/3P3P/2P3R1/6K1 b - - 6 34,f8f6 g6h7 g8f8 h5c5 d8e7 c5c8,2367,advantage endgame exposedKing long,16
spjF2,2r3k1/pQ3pp1/4p3/8/2r5/q1PR4/5PPP/3R2K1 b - - 1 25,c4c3 b7c8 c3c8 d3a3,2367,crushing endgame short,16
k7TFI,1k4r1/p4Q1R/2q5/4p1P1/3p1b2/1P3P2/P1P5/1K6 b - - 4 40,g8e8 f7a7 b8c8 h7h6,2368,crushing endgame short,15
IDF4F,1b5Q/1bk1rpp1/p4q1p/1p6/2pN4/P1P4P/1P3PP1/1B1R2K1 b - - 5 35,f6g5 h8d8 c7d8 d4e6 d8e8 d1d8,2369,attraction discoveredCheck doubleCheck exposedKing long mate mateIn3 middlegame sacrifice,22
hNxEi,2rq1rk1/pp1n1p1p/4Nnp1/8/2B5/4P1P1/PPQ1KPPR/7R b - - 0 16,f7e6 h2h7 d7e5 c4e6,2369,crushing intermezzo kingsideAttack master middlegame pin short,23
6HWuH,r5k1/3q4/3P2Qp/1pP3p1/1P6/4p3/3p2PP/5RK1 b - - 1 36,d7g7 g6e6 g8h8 e6e3 a8a1 e3d2,2370,crushing endgame long,16
ABGY1,5r2/1r2qp1R/2k1p2Q/p2pP3/2p5/P1P5/1P3R2/K7 b - - 10 48,e7d8 f2f7 f8f7 h6e6 c6b5 h7f7,2370,attraction capturingDefender crushing endgame long sacrifice,17
FOUaV,4k2r/p1p2p2/3pn3/4p1pp/1P2Nq2/2P5/P3QPP1/R5K1 b k - 0 24,f7f5 e4f6 e8f7 g2g3 f7f6 g3f4,2370,advantage endgame long trappedPiece,20
oleN7,r6r/pp3R1p/1k6/2pB4/P3P1bP/6b1/1PPK2P1/R7 b - - 0 21,a8f8 a4a5 b6a6 d5c4 b7b5 a5b6 a6b6 a1a6,2370,attraction discoveredAttack discoveredCheck enPassant mate mateIn4 middlegame operaMate veryLong,19
IOfh1,6k1/6bp/2PP4/1B3b2/4p1p1/1P2B3/2K2PP1/7r b - - 0 31,h1h2 d6d7 f5d7 c6d7 g7f6 b5c4,2371,advancedPawn crushing endgame long,15
BaYln,5r2/pp6/n1pbQrkR/4p1q1/3P4/2N5/PPP3P1/1K5R b - - 3 25,g6g7 e6d7 f8f7 h6h7,2372,advantage middlegame short,20
LWUw4,3rk2r/pp3ppp/2b5/3qP3/7Q/P2B4/2P2RPP/2B3K1 b k - 2 23,d8d7 e5e6 d5e6 f2e2 e6e2 d3e2,2372,advantage long middlegame pin,20
VUcKL,r5k1/pp3p1p/2p2PpQ/3p2n1/3P2q1/2P5/PP3KR1/5R2 b - - 13 34,g4f3 f2g1 f3e3 g1h1 e3h3 h6h3,2372,advantage endgame long,20
ZdZrA,r5k1/pp3q2/2b4Q/4Bp2/2P5/PP4P1/7P/6K1 b - - 0 30,f7d7 h6g6 g8f8 e5d6 d7d6 g6d6,2372,crushing endgame exposedKing long,15
0EHMy,r4rk1/n1pb4/p2p1q1p/1p1P2p1/2P2p2/1PBQ3P/P4PP1/R3R1K1 b - - 1 30,f6f7 e1e7 d7f5 e7f7,2373,advantage middlegame short,25
6lTYE,4r1k1/1p3qp1/p1pRbp2/2P3p1/1P1QP3/6P1/7P/5BK1 b - - 5 29,e6g4 f1c4 g4e6 d6e6 e8e6 d4d8 g8h7 d8c8 f7h5 c8e6,2375,advantage endgame pin sacrifice veryLong,19
fckpc,r6r/1pNk1Qpp/p2p4/2b1p1q1/P1B1P1b1/3P4/1PP2P2/R4RK1 b - - 0 15,d7c6 c4d5 c6b6 a4a5 b6a7 c7b5 a6b5 f7b7,2375,discoveredAttack mate mateIn4 middlegame sacrifice veryLong,24
2cOUY,2r2r1k/ppqnb1pb/4Q1Pp/3p4/P2P4/2P3N1/1P1B1PP1/R3K2R b KQ - 0 19,h7g8 h1h6 g7h6 g6g7 h8g7 g3h5 g7h8 e6h6 g8h7 h6g7,2376,advancedPawn attraction deflection kingsideAttack mate mateIn5 middlegame sacrifice veryLong,25
L329R,8/8/1p2kp2/p6p/1PP2K2/P2p1P2/3P4/8 b - - 0 44,a5b4 a3b4 e6d6 f4f5 h5h4 f5g4,2376,crushing endgame long pawnEndgame zugzwang,12
NXfpR,5r1k/7p/1R1P4/5P2/8/p4B1P/5PK1/r7 b - - 0 41,f8f5 b6b8 h8g7 d6d7 f5g5 g2h2,2376,advancedPawn crushing endgame long,12
ueteJ,r1b1r1k1/pp2Bpbp/6p1/q1R5/8/5B2/P4PPP/3QR1K1 b - - 0 20,a5a2 f3d5 c8g4 f2f3 a2a6 f3g4 e8e7 e1e7,2376,advantage middlegame veryLong,21
EllWN,r3k2r/pp1q1ppp/2N1pn2/1B5b/Q7/2b4P/PP3PP1/R1B2K1R b kq - 3 14,a7a6 c6d4 a6b5 a4a8 e8e7 a8h8,2377,advantage long middlegame pin skewer,25
GtMxy,r4rk1/4p1bp/1qp3pB/3nP3/4N1b1/Pp1B4/1P1Q4/2K1R2R b - - 1 24,g4h5 h1h5 g6h5 d2g5 f8f7 e5e6,2377,advantage long middlegame sacrifice,22
EeKIi,3r1k2/5p2/2PPp3/4Kb2/6p1/8/8/R7 b - - 0 33,f8e8 a1h1 d8d6 e5d6,2378,endgame,10
bXqNK,4r1k1/5R1p/p1Q3p1/8/8/7P/r3q1P1/5R1K b - - 0 38,a2c2 c6b7 e2g2 b7g2 c2g2 h1g2,2380,crushing endgame long,13
rADOP,4qrk1/1b3pbp/1p1p1np1/p1n3B1/3NP3/P5NP/1P3PP1/1BQ1R1K1 b - - 2 20,c5e4 g5f6 g7f6 b1e4,2380,crushing intermezzo middlegame short,26
BN82J,r1bqk2r/p4ppp/2pb1n2/3p4/2PPp3/BP6/P3NPPP/RN1Q1RK1 b kq - 2 11,d6h2 g1h2 f6g4 h2g1 d8h4 a3d6,2381,advantage defensiveMove hangingPiece long opening,28
BehQo,8/8/p3k1p1/1p4Pp/2p1K2P/1PP5/P7/8 b - - 1 44,a6a5 b3c4 b5c4 a2a4 e6d6 e4d4,2381,crushing endgame long pawnEndgame quietMove zugzwang,12
TEiHc,r2q1rk1/1pp1bp2/p1npbn1Q/3Np3/P1B1P3/3P1N2/1PP2PPP/R3K2R b KQ - 0 11,f6h7 h2h4 f8e8 f3g5 e7g5 h4g5 d8g5 h6h7,2381,crushing kingsideAttack middlegame quietMove veryLong,29
XrGs2,4rr2/pb4k1/1p3p2/3p3Q/3P3P/4PPBR/q3NKP1/8 b - - 1 26,b7a6 g3f4 a2e2 f2g1,2381,advantage master middlegame quietMove sacrifice short,19
mqHRV,8/R1k5/2B5/3PpP2/1r2Pb2/7p/1r6/4NK2 b - - 3 48,c7d6 e1d3 b4b7 a7b7 b2b7 c6b7,2381,crushing endgame fork long,13
mnDGI,3rk2r/2p2b2/p2p1Q2/P4p2/4q2p/8/2P2BPP/RR4K1 b - - 0 33,h8g8 b1e1 g8g2 g1h1 f7d5 e1e4,2382,advantage long middlegame pin,19
nyhQ7,8/1k4p1/1p5p/3Kpp1P/P7/5PP1/8/8 b - - 2 58,e5e4 f3e4 f5e4 d5e4 b7a6 e4d5 a6a5 d5c6 g7g6 h5g6,2383,crushing endgame pawnEndgame veryLong,11
ojL2X,3r2k1/pp3ppp/4n3/4Q3/1Pq5/P4r2/1B3P1P/3R1R1K b - - 1 32,d8c8 d1c1 f3c3 b2c3,2384,advantage middlegame short,19
Iwckr,2r3k1/2P1b1pp/2R2p2/8/pp2PB2/6P1/5PKP/8 b - - 1 30,g7g5 c6b6 g8f7 b6b8 c8c7 f4c7 a4a3 c7b6,2385,advantage defensiveMove endgame veryLong,16
j97Si,3r1r2/p3q1kp/1pp1b1p1/2p1Pp2/7N/1P1P2QP/P1P2RP1/5RK1 b - - 5 27,g7h8 g3g6 d8d4 f2f4 d4f4 f1f4,2385,advantage long master middlegame,24
ZySEj,r3r1k1/p1p2p2/5Pp1/1pq3p1/4b1N1/1PP4P/1P1Q3R/2KR4 b - - 5 30,a7a5 g4h6 g8f8 d2d7,2386,crushing middlegame short,21
rFcJI,2rq1rk1/1p2bp2/p2p2nQ/3P4/4N3/1P5P/P5P1/3R1RK1 b - - 0 23,c8c2 f1f5 d8b6 g1h1,2386,advantage defensiveMove middlegame short,20
s4S23,8/1b3p1p/p2bp1p1/1p2k3/1P2P1P1/P3KP2/1PR5/8 b - - 0 32,f7f5 f3f4 e5f6 e4e5 d6e5 g4g5,2386,endgame,17
6LjwO,3r1rk1/5ppp/7R/1p5B/3p4/3Q2RP/P3pqPK/8 b - - 1 32,g7g6 h5g6 f2g3 d3g3 f7g6 g3c7 f8f7 c7d8,2387,crushing middlegame veryLong,18
8H9mj,2k3r1/1bqp1N1r/4p3/1pp5/2nP1R2/2P3P1/1P2Q1BP/R5K1 b - - 0 22,b7g2 e2g2 c7f4 a1a8,2387,advantage master middlegame sacrifice short,21
BTOe0,8/3k2p1/2p4p/pp2KPP1/7P/PP6/6B1/1n6 b - - 0 39,b1a3 f5f6 g7f6 e5f6,2388,crushing endgame master short,14
YaFbs,r2qk2r/ppbbnppp/2p1p3/6B1/3PN3/3B4/PPP3PP/R2QK2R b KQkq - 5 11,e8g8 e4f6 g7f6 g5f6 e7g6 f6d8,2388,advantage kingsideAttack long opening sacrifice,27
jUAXV,r2qr1k1/5ppp/p2b4/1p6/3p4/3P1Q2/PPPB1PPP/RN4K1 b - - 2 19,d8g5 f3a8 g5e5 f2f4 e5e2 a8f3 e2f3 g2f3,2388,advantage middlegame veryLong,23
1qAlb,8/3P4/3R4/1PP3pk/P7/5K2/1q6/8 b - - 19 62,b2a3 f3e4 a3a4 d6d4,2389,crushing defensiveMove endgame queenRookEndgame short,9
3F2Kp,8/5p2/5k2/p3p1p1/PPK3P1/7P/8/8 b - - 1 41,a5b4 a4a5 e5e4 c4b4,2389,crushing endgame intermezzo pawnEndgame quietMove short,10
CnS6I,3r1rk1/pp4pp/2q5/8/4PP2/P2p4/1PbQ3P/2RBR2K b - - 5 27,d8d4 d1c2 d4e4 c2b3 e4c4 d2g2,2389,crushing long middlegame pin,20
JkvzT,6k1/1bp2pp1/1p1p3p/1P1P4/2PqPQR1/7P/6PK/1r3B2 b - - 8 31,d4d1 f4f6 d1g4 f6d8 g8h7 h3g4,2389,crushing endgame intermezzo long pin sacrifice,20
qh0P0,1r4k1/4Bp1p/p5p1/8/4P3/P4PPK/3r3P/2R5 b - - 2 29,b8b2 c1c8 g8g7 e7f8 g7f6 c8c6,2389,crushing endgame long,15
YOxWE,2r1r1k1/pp1b2qp/2n5/3B1pN1/2P2Nn1/1P4P1/P6P/Q3R1K1 b - - 4 25,g8f8 g5h7 g7h7 f4g6 h7g6 a1h8 g6g8 h8g8,2390,exposedKing mate mateIn4 middlegame sacrifice veryLong,22
yjnPO,3q1k1r/p1r3pp/2P1Qn2/P7/8/4R1P1/5P1P/4R1K1 b - - 2 24,g7g6 e3d3 f8g7 d3d8,2390,crushing master middlegame short,17
7Qm8R,2rqkb1r/pp3p1p/3p2b1/3Np3/6Q1/2N5/PPnK1PPP/R4B1R b k - 1 16,c2a1 d5f6 d8f6 g4c8 f6d8 f1b5 e8e7 c3d5,2391,deflection mate mateIn4 middlegame veryLong,25
jRlNK,5rk1/PR1K3p/8/8/3n4/6P1/8/8 b - - 0 44,f8f7 d7d6 d4b5 d6e6 b5a7 b7f7,2391,crushing defensiveMove endgame long,8
YXBaS,1Q5R/4kpp1/2q5/pp2p1P1/3bN3/P4PK1/2r5/8 b - - 6 37,c2c1 h8e8 c6e8 b8d6,2392,endgame mate mateIn2 sacrifice short,16
Llc9s,2r2rk1/3qbppp/p1n1bn2/1p2p3/1P1pP3/P2P1NP1/3BNPBP/2RQ1RK1 b - - 3 17,e6h3 c1c6 h3g2 f3e5 g2f1 e5d7,2393,capturingDefender crushing long middlegame,30
MD4w2,5r1k/6pp/p7/4P3/5PQ1/4B3/r1q3P1/2R4K b - - 1 27,c2e2 c1c8 e2f1 e3g1 f8g8 c8g8,2393,advantage endgame long,14
SVFv3,8/8/3p4/4pk2/PKP5/8/8/8 b - - 0 45,f5f4 b4c3 e5e4 c3d2 f4f3 d2e1,2393,crushing defensiveMove endgame long pawnEndgame,6
XyMev,5Q1k/pp2n3/2pNq1pp/4P3/2P5/7P/PP4P1/3n2K1 b - - 1 30,h8h7 d6e8 e6e5 e8f6 e5f6 f8f6,2393,crushing endgame long quietMove,18
frGZ9,8/8/6p1/5p1p/1k1K3P/5P2/8/8 b - - 3 56,b4b5 f3f4 b5b4 d4e5 b4c5 e5f6 c5d5 f6g6,2393,crushing endgame pawnEndgame quietMove veryLong,7
BGaVE,4r1k1/p4p2/2p3P1/Q7/2P5/1P6/P2prq2/K2R2R1 b - - 0 32,e2e1 g6f7 g8f7 a5h5 f7e7 g1g7 e7d8 h5a5 f2b6 a5d2,2394,advancedPawn attraction crushing deflection discoveredCheck doubleCheck endgame veryLong,16
FCpao,7r/pp1b2k1/1q2p1p1/nP1pPpNp/P6P/3B2P1/4Q1P1/2R4K b - - 0 27,h8c8 c1c8 d7c8 d3f5 e6f5 e5e6 g7f8 e2e5,2394,advantage clearance master middlegame sacrifice veryLong,23
q6Fxi,8/3r2pp/4k3/p3p3/1pP4P/1P1R2P1/P3K3/8 b - - 1 35,d7d4 d3d4 e5d4 e2d3 e6e5 g3g4 h7h6 h4h5,2394,crushing defensiveMove endgame master quietMove rookEndgame veryLong zugzwang,14
KwIwe,2rr2k1/4Rppp/5P2/q2p4/2p5/5Q2/5PPP/5RK1 b - - 0 24,a5c5 f3h5 c5e7 f6e7,2395,advancedPawn crushing endgame short,17
P29u0,3R4/pq4kp/1p3pp1/8/8/1P1Q1PPK/r6P/8 b - - 2 35,g7h6 d8d7 b7c6 d3e3 g6g5 e3e7 a2h2 h3h2,2395,crushing endgame veryLong,15
vMmsz,8/6k1/3KP1N1/5P1p/6rP/8/8/8 b - - 2 45,g4d4 d6e7 d4b4 g6e5,2395,crushing defensiveMove endgame master short,8
DD8n7,r3rbk1/1bqn1ppp/8/p1pnpNQ1/Pp5N/1P1P2BP/2P1BPP1/R4RK1 b - - 3 19,d7f6 f5g7 h7h6 g7e8 h6g5 e8c7,2396,crushing discoveredAttack discoveredCheck kingsideAttack long middlegame,30
11nIy,1R6/2r2kqp/3p1np1/8/5P2/1Q3P1P/P2r4/4R1K1 b - - 6 32,d6d5 b3b6 c7e7 e1e7,2397,crushing middlegame short,16
Etjxd,4rk2/6p1/p3r3/1pR5/1P3q2/P2Q1P2/8/1K3R2 b - - 5 43,e6e3 c5f5 f8e7 d3d5 e3b3 b1a2 b3a3 a2a3,2397,crushing endgame fork veryLong,14
HYj0n,r3k3/p4R2/1p1bp2p/1B1p2q1/8/P7/5QP1/7K b - - 1 32,e8d8 f7d7 d8c8 d7d6 g5h5 h1g1,2397,crushing endgame fork long,15
cG3Gf,r2r2k1/1bq1npb1/p2ppnp1/1p2P3/5P2/1PN4Q/PBP5/1K1R1BNR b - - 0 20,b7h1 e5f6 g7f6 c3b5 c7c5 b2f6,2397,crushing discoveredAttack long middlegame,27
yg9E1,6k1/1R3p1p/3B2p1/1p6/2b2KPP/4r3/8/8 b - - 2 38,e3e2 b7b8 g8g7 d6f8 g7f6 b8b6 e2e6 g4g5,2397,endgame mate mateIn4 veryLong,12
5ZSHt,3n2k1/p1q4p/2p3pP/1p3p2/2PQ4/5B2/P4P2/6K1 b - - 0 33,b5c4 f3e2 d8e6 e2c4,2398,crushing endgame pin short,16
7XBUO,8/6p1/5k2/p7/5p2/PP6/5P2/6K1 b - - 0 56,g7g5 f2f3 f6f5 b3b4 a5b4 a3b4,2398,crushing endgame long pawnEndgame quietMove,8
m2PUc,6k1/1p2pp1p/BP4p1/2pP4/4P3/2b2PP1/5K1P/8 b - - 1 41,b7a6 d5d6 e7d6 b6b7,2398,advancedPawn bishopEndgame crushing endgame short,16
mOrSl,8/8/p7/8/1P1Q2k1/3b4/3K4/5q2 b - - 3 55,f1f4 d2d3 g4f5 d4f4 f5f4 d3d4,2398,crushing defensiveMove endgame hangingPiece long,7
7oeZq,rn3b2/3n2k1/1qp1Qpp1/p7/P2pP3/3P4/1PKBBP2/1N1R4 b - - 2 24,d7c5 d2h6 g7h6 e6f6,2399,crushing deflection middlegame sacrifice short,22
RAMrv,6b1/3R2kp/8/p2pPK2/P1p5/5B2/3r1P2/8 b - - 2 59,g7f8 f5f6 f8e8 d7g7 d2f2 g7g8,2399,crushing endgame long master masterVsMaster,13
qg8zr,4r1r1/3b1q1n/p3p2k/Pp1pP2P/1PpP3p/2P4N/3Q1P1K/6R1 b - - 1 36,h7g5 h3g5 g8g5 g1g5 h6h7 g5g6 f7g6 h5g6,2399,crushing middlegame veryLong,23
4Qiec,8/5k2/2p2p1p/1p4pP/pP1P2P1/P4K2/5P2/8 b - - 1 41,f7e6 f3e4 e6d6 e4f5 d6d5 f5g6 d5d4 g6h6,2400,crushing endgame pawnEndgame veryLong zugzwang,14
HowTQ,r1b1kb1r/pp1ppppp/5n2/4N3/q1RpP3/3P1Q2/3B1PPP/1R4K1 b kq - 5 14,a4a2 b1c1 a2c4 e5c4,2400,advantage middlegame quietMove short,26
OTAsn,3r2k1/p2qR1p1/1p5p/2pr4/2Qp4/P5P1/5PPK/4R3 b - - 4 35,d7f5 e1e5 b6b5 c4a2 f5e5 e7e5,2400,advantage endgame long pin,18
PHImO,2Q5/1p3p2/2k2P2/p1bp4/P5P1/1KN5/1P1q4/7r b - - 3 45,c6d6 c3b5 d6e5 c8f5,2400,endgame mate mateIn2 short,15
S3zdP,2N5/4Rpb1/1P2k1pp/1r6/4p3/7P/5PP1/3n2K1 b - - 1 39,e6f5 c8d6 f5f6 e7f7 f6e6 d6b5 e6f7 b5d6,2400,crushing endgame fork veryLong,15
TCmDb,2r2rk1/p5bp/1q1p2p1/1P1N4/1P2Q1p1/P3P3/1B1R1PPP/5bK1 b - - 1 25,g7b2 d5b6 c8c1 e4d5 g8g7 d2d1 c1d1 d5d1,2400,advantage clearance master middlegame veryLong,23
ce0on,8/4r3/1R6/P7/1P1p1kp1/8/3K1p1P/8 b - - 2 53,e7e5 b6f6 f4e4 a5a6,2400,advantage endgame rookEndgame short,10
pyWQZ,2kr4/1p3pp1/pQpP3p/1n2p3/1P4qP/6P1/3R1PB1/6K1 b - - 2 32,g4b4 g2h3 c8b8 b6d8,2400,advantage deflection endgame queensideAttack short,20
as8BG,3r1r2/p4pkp/bp2pnpQ/2q1N3/8/1BN4R/PPP2PPP/6K1 b - - 5 23,g7g8 e5g4 f6h5 h3h5 c5h5 g4f6 g8h8 f6h5,2401,attraction crushing fork middlegame sacrifice veryLong,24
ycur6,6k1/6p1/2p2p1p/3p4/PP6/7P/R5PK/4r3 b - - 1 31,e1c1 a4a5 c1e1 a5a6 e1e8 a2c2 e8b8 c2c6,2401,advantage endgame quietMove rookEndgame veryLong,13
zOVHq,2r3k1/p4p1p/1p3pb1/2n5/5P1N/5B2/PP1r2PK/R4R2 b - - 2 23,g6e4 b2b4 e4c2 b4c5,2401,advantage middlegame short,19
FIBvI,8/5qk1/5rnp/4Q3/6RP/6P1/6PK/8 b - - 1 40,f7e6 e5e6 f6e6 h4h5 g7h7 g4g6 e6e5 g3g4,2402,advantage defensiveMove endgame veryLong,11
LfJlv,5rk1/p1q2p1p/1p4p1/2pr4/1P1bR3/6N1/P1Q2PKP/3R4 b - - 0 28,d5d8 d1d4 d8d4 e4d4 c7b7 c2e4 b7e4 d4e4,2402,advantage middlegame veryLong,20
YLmzp,rb3rk1/pp3pp1/1q2pn2/3p2Bb/B7/2NP3P/PPP3Q1/R4K1R b - - 0 19,b6b2 g5f6 h5g6 a1b1,2402,advantage middlegame pin short,25
witvH,b4r2/5p1k/p3p2p/8/2R5/P2Q3P/1q3PP1/6K1 b - - 1 34,f7f5 c4c7 h7g8 d3d7 b2a1 g1h2,2402,advantage defensiveMove endgame long,15
XwpXZ,5kr1/2qb4/2p2P2/2p3pQ/p1p1N3/3P4/Pr6/4R2K b - - 2 36,d7g4 h5h6 f8e8 f6f7 c7f7 e4d6 e8d7 d6f7,2403,advancedPawn attraction crushing doubleCheck exposedKing fork middlegame veryLong,17
1NWuV,3N4/8/4pk2/1p3p1P/8/1n1N2PK/2n5/8 b - - 0 42,f6g5 d8f7 g5f6 d3e5 c2d4 h5h6,2404,crushing endgame knightEndgame long quietMove,11
P5ZS5,r3r1k1/pp1nbpp1/1qn4p/3p4/3P4/1P1BB2P/P2N1PP1/R2QR1K1 b - - 0 15,c6d4 d1g4 e7f6 g4d7,2404,advantage middlegame short,26
GEpPf,1r6/1P6/8/8/1R4pp/5p1k/5K1P/8 b - - 1 59,b8b7 b4b7 h3h2 b7g7 g4g3 f2f3,2405,crushing endgame long rookEndgame,9
Gq7xs,8/B4p2/2P1p1pk/b3P3/5P1p/5K2/8/8 b - - 0 34,a5c7 a7c5 g6g5 c5d6 c7b6 c6c7 b6c7 d6c7 g5f4 f3f4 f7f6 e5f6,2405,advancedPawn bishopEndgame crushing endgame quietMove veryLong,11
mtMFe,5r2/4npk1/rq1p2p1/4p3/2R1P3/2P1N1P1/3Q1PK1/7R b - - 1 28,f8h8 h1h8 g7h8 e3d5,2405,crushing master middlegame short,18
sPt80,r1b2r1k/4N1pp/8/pp2Np2/3p1P2/1B6/PqR3PP/5R1K b - - 1 22,b2a3 e5g6 h7g6 f1f3 a3e7 f3h3 e7h4 h3h4,2405,mate mateIn4 middlegame quietMove sacrifice veryLong,21
K5tfH,2r2rk1/ppqb2p1/4pP2/1P1p2PQ/3P4/4nK1R/P1P4P/4B2R b - - 0 28,c7c2 h5h8 g8f7 h8g7 f7e8 g7e7,2406,kingsideAttack long master mate mateIn3 middlegame,23
pr0t8,3r1r2/pp1k2p1/2p2q1p/8/3P4/2P3Q1/PP2B1PP/4R1K1 b - - 10 25,f6d6 g3g7 d7c8 e2g4 c8b8 e1e7 d6e7 g7e7,2406,advantage clearance endgame veryLong,19
yEZNY,2r2rk1/pp1nppbp/1q1p1np1/8/2P1P3/1PN2N2/P4PPP/R1BQR1K1 b - - 0 12,f6e4 c3e4 g7a1 c1e3 b6c6 d1a1,2406,advantage discoveredAttack long middlegame sacrifice,28
uvN9S,2r2rk1/p1q2pp1/1p2pn1B/8/2n5/5PP1/P3B1K1/2QR3R b - - 1 23,c4e5 h6g7 c7c1 g7f6 e5g6 d1c1 c8c1 h1c1,2407,crushing middlegame sacrifice veryLong,20
QRaFP,8/5kp1/p7/1p2K1P1/1P6/8/P7/8 b - - 0 44,f7g6 e5f4 g6h5 f4f5 h5h4 f5g6 h4g4 a2a3 g4f4 g6g7 f4g5 g7f7 g5f5 f7e7 f5e5 e7d7 e5d5 d7c7,2408,crushing defensiveMove endgame pawnEndgame quietMove veryLong,8
bDPvR,r3kb1r/pR1b1p1p/4p2p/3pP3/8/5N2/q2NQPPP/5RK1 b kq - 0 14,a8c8 d2e4 d5e4 e2a2,2408,crushing discoveredAttack middlegame quietMove short,22
bh0y1,r4rk1/pp3pp1/2pqpn1p/7P/3P4/2PBR2Q/2P3P1/5RK1 b - - 1 20,a7a5 f1f6 g7f6 e3g3 g8h8 h3h4 d6g3 h4g3,2408,advantage middlegame sacrifice veryLong,22
EB6RO,r1r5/pp3pnk/3p4/3Pp1Q1/4P2p/3q1P1P/PP6/K1R4R b - - 3 25,d3f3 c1g1 g7h5 g1f1 f7f6 g5h4 f3e3 h4h5,2409,advantage middlegame quietMove veryLong,21
enTPA,4Q3/6bk/p2p3p/1p1P4/1P1N4/P5PP/1q2p1BK/8 b - - 3 41,g7d4 e8f7 d4g7 g2e4 h7h8 f7e8 g7f8 e8f8,2409,endgame mate mateIn4 veryLong,17
htP7X,4R3/2r3k1/1p1q1p1p/p2p2pP/8/5P2/2P1Q1P1/7K b - - 2 37,a5a4 e2d3 f6f5 d3d4,2409,crushing endgame short,16
1jV5t,r2q1rk1/ppbn2pb/2p1N3/3pPn2/1P1P4/2P1B2P/P2NB3/R2QK1R1 b Q - 0 17,f5e3 g1g7 g8h8 g7h7 h8h7 d1b1 h7h6 e6d8,2410,attraction crushing kingsideAttack middlegame veryLong,27
QmMSq,rn2kb1r/pp3qp1/2p1B1p1/8/3P4/2P5/P1PBQ1PP/R5K1 b kq - 0 15,f7c7 e6f7 e8f7 a1f1 f7g8 e2e6,2410,attraction crushing discoveredCheck doubleCheck exposedKing long middlegame sacrifice,22
dUvaw,r4bk1/1pp3p1/8/p2pN1p1/3P4/2P1r3/PP4P1/2K2R1R b - - 1 32,f8d6 e5g6 d6f4 h1h8 g8f7 g6f4,2410,advantage endgame long quietMove,19
mYBxQ,r3q1k1/p4p1p/1b4pB/2p5/4r3/2p2QP1/PP2P2P/4RRK1 b - - 1 23,c3b2 f3f6 c5c4 e2e3 e8f8 h6f8,2410,advantage defensiveMove long middlegame,21
0SHmJ,r1br2k1/1p3Rp1/p5np/q1b5/3NN3/2P5/4B1PP/1R1Q3K b - - 0 22,g8f7 e2c4 f7e7 d1h5 d8d4 c3d4,2411,advantage clearance long middlegame,21
0sqEQ,8/PP6/2K5/4k3/1r6/8/6p1/8 b - - 0 67,b4c4 c6b5 c4c5 b5b4 g2g1q b7b8q e5f5 b8f8 f5g4 f8c5,2411,advancedPawn crushing defensiveMove endgame promotion rookEndgame veryLong,6
F9a4I,r1b1k1nr/pp4pp/1bpNnpq1/4Q3/1P2P2P/4N3/PBP2PP1/R3K2R b KQkq - 1 16,e8e7 d6c8 a8c8 e3f5 g6f5 e5f5,2411,advantage long middlegame,28
SYfeE,4rn1k/p2n3b/1p1Bpp1p/1B1p3Q/P2P3N/6P1/3N1PKP/2q5 b - - 1 30,c1d2 h5e8 h7e4 g2h3 d2f2 d6f8 d7f8 e8f8,2411,advantage hangingPiece kingsideAttack middlegame veryLong,23
fngFQ,6k1/5p2/3b2Rp/3p3N/3P1PQ1/7P/5PK1/1rq5 b - - 0 29,f7g6 g4g6 g8f8 g6g7 f8e8 h5f6 e8d8 g7d7,2411,endgame exposedKing fork mate mateIn4 veryLong,15
2eLUd,5r1k/4Q1p1/1P4qp/4P3/8/2P1B3/3K4/8 b - - 1 45,f8f7 e7d8 h8h7 d8d3,2413,advantage endgame master short,11
CS2HH,r1bq1r2/2pnb1pk/p1n1pp2/1p2P1N1/3P3P/2N5/PP3PP1/R1BQK2R b KQ - 1 13,f6g5 h4g5 h7g8 h1h8 g8h8 d1h5 h8g8 g5g6 d7f6 e5f6 f8f6 h5h7 g8f8 h7h8,2413,attraction discoveredAttack discoveredCheck mate mateIn5 opening sacrifice veryLong,28
XiDTE,8/5pp1/8/8/1p3P2/k7/6PP/1K6 b - - 1 49,b4b3 g2g4 a3b4 h2h4 b4c5 h4h5 c5d6 g4g5,2413,crushing defensiveMove endgame pawnEndgame quietMove veryLong,8
BwZJM,r4b1r/pp2q1p1/1k1NBn1p/2R5/4PB2/3N4/PP4PP/7K b - - 0 20,e7e6 d6c4 e6c4 f4c7 b6a6 c5a5,2414,clearance exposedKing long mate mateIn3 middlegame operaMate sacrifice,21
kePCg,8/8/8/3p1Np1/2k3PP/5n2/6K1/8 b - - 2 40,f3h4 f5h4 c4d4 h4f3 d4e3 g2g3 d5d4 f3g5,2414,crushing endgame knightEndgame veryLong,8
eosWy,8/p7/3p2p1/Q1p2q2/5p2/4r3/P5PK/1R3k2 b - - 7 41,f1f2 a5d2 e3e2 b1f1 f2f1 d2d1 e2e1 d1f3,2415,attraction endgame mate mateIn4 sacrifice veryLong,13
pxIrp,5k1r/1pp1bp2/2p1bN2/4P1B1/2P5/rP6/3R1PP1/3R2K1 b - - 0 23,a3b3 g5h6 h8h6 d2d8 e7d8 d1d8 f8e7 d8e8,2415,hookMate mate mateIn4 middlegame sacrifice veryLong,19
3DSzB,7k/2q4p/p2N2p1/1p1Qp3/8/PP2b1P1/1P3r1P/3R3K b - - 2 30,e3d4 d5a8 h8g7 d6e8 g7f7 e8c7,2416,crushing endgame fork long,18
5FZ2A,4rr1k/6bp/1pp5/p3P1Nq/P1PR1P2/1P4Q1/6P1/6K1 b - - 1 28,e8d8 g5e6 g7h6 e6d8 h6f4 d4f4,2416,advantage fork long master middlegame,19
XcnQW,r1b1kb1r/3nq1p1/p1QpP2p/2pn2N1/1p6/8/PP4PP/R1BNKB1R b KQkq - 1 16,d5b6 f1e2 h6g5 e6d7 e7d7 c6b6,2416,advancedPawn advantage exposedKing fork long master masterVsMaster opening,27
z4tbh,6k1/1p3rp1/6Rp/p3Q3/P7/7P/1Pr2qP1/3R3K b - - 5 30,g8h7 g6g7 f7g7 e5e4 h7g8 d1d8,2416,crushing endgame long sacrifice,16
KqoB9,3R4/3Rk2p/2p3p1/P3p1N1/6q1/8/2r3PP/6K1 b - - 7 29,e7f6 g5h7 f6e6 d8e8 e6d7 h7f6 d7d6 f6g4,2417,advantage endgame fork sacrifice veryLong,14
UIQOs,8/8/8/8/5pk1/RK6/r7/8 b - - 0 58,g4f3 a3a2 f3e3 b3c2,2418,crushing defensiveMove endgame hangingPiece rookEndgame short,5
aXQFd,r2q1rk1/2pb1pp1/7R/pp4N1/3P4/4n1Q1/PPPN2P1/2KR4 b - - 0 21,g7h6 g5e6 e3g4 e6d8,2418,advantage discoveredAttack discoveredCheck middlegame short,22
ie8hu,5bk1/1q3p1p/4p3/4PpQ1/ppP5/4B2P/P5P1/7K b - - 5 32,f8g7 g5d8 g7f8 e3c5,2418,crushing endgame pin short,17
JbBP6,3rr1k1/ppp2ppp/5n2/2q2b2/B2n4/2N1B3/PPPQ1PPP/R4RK1 b - - 17 15,c7c6 a1d1 e8e3 d2e3,2419,advantage master middlegame quietMove short,26
QBeGs,7k/2r3pp/1pPq1p2/p2P4/4Q3/P1b3P1/5P1P/5RK1 b - - 0 26,c7e7 c6c7 d6c7 d5d6 e7e4 d6c7 e4c4 f1d1,2419,advancedPawn advantage attraction defensiveMove endgame veryLong,18
Z1oNM,8/2kp2p1/5p1p/pKPP1B1P/P5P1/2b5/8/8 b - - 0 42,c3b4 d5d6 c7d8 b5b6 b4d2 f5d7,2419,bishopEndgame crushing endgame long,14
Aj0gv,8/2k5/p7/2Qp1p1q/p1p2P1p/2P3rP/2K1p1PR/8 b - - 1 39,c7b7 h2h1 h5e8 h1b1,2420,advantage endgame quietMove short,17
PjFEp,8/7p/4r1k1/5R2/2p2K1P/8/1P6/8 b - - 0 41,e6f6 f5f6 g6f6 f4e4 c4c3 b2c3,2420,crushing endgame long rookEndgame,8
TCuIc,r5k1/ppp3p1/2np3p/6p1/2P1Q1P1/2P3P1/P1KR1q2/7R b - - 4 22,f2g3 e4e6 g8h8 d2h2 g3h2 h1h2,2421,crushing endgame long,20
UaOV4,r1bq1k1r/pppp1Bpp/2n5/4P1B1/1bQ5/2n2N2/P4PPP/R4K1R b - - 3 12,d7d5 c4f4 d8d7 f7e6 f8e8 e6d7,2421,crushing discoveredAttack discoveredCheck long middlegame,26
w9Gx0,2r1k1nr/p4ppp/1qp1p3/1B1pP3/6Q1/2N1P3/PP4PP/R3K2R b KQk - 0 15,c6b5 c3d5 b6a5 b2b4,2421,advantage middlegame short,24
0DFJR,8/7p/3k1p2/4pPp1/2rp2P1/pKPR1P2/P6P/8 b - - 2 37,c4c3 d3c3 d4c3 b3a3 c3c2 a3b2,2422,crushing endgame long rookEndgame,16
UbVop,8/p7/3p2pp/2pPk3/2P1p3/PP2K1P1/7P/8 b - - 0 48,g6g5 g3g4 a7a5 h2h3,2422,crushing defensiveMove endgame pawnEndgame quietMove short zugzwang,14
9Y8tQ,2r3r1/pp2kpq1/3bP2n/8/8/3Q2P1/PP3P2/3R1RK1 b - - 0 29,d6g3 d3d7 e7f6 f2g3 f6g6 e6f7,2423,advancedPawn advantage discoveredAttack discoveredCheck intermezzo long middlegame,18
gbsaH,8/7q/2RQbkp1/1p3p1p/3P4/2P2P2/P3r1PP/6K1 b - - 2 50,h7h6 d6d8 f6g7 d8e7 g7g8 e7e8 h6f8 e8g6 f8g7 c6e6 g7g6 e6g6,2423,advantage deflection endgame pin veryLong,17
nCwpO,4r1k1/1p3p1p/2p2p1Q/2np4/7P/5PPB/1q2rPK1/R4R2 b - - 8 28,c5d3 h3f5 e2f2 f1f2 b2f2 g2h3 d3f4 h6f4,2424,advantage middlegame veryLong,20
osjLO,2q1r3/pb2b1kp/1p4pN/4B3/3Pp1P1/2P2Q2/P4P1P/R5K1 b - - 1 22,g7h6 f3e3 e7g5 e3h3 g5h4 h3h4,2424,long mate mateIn3 middlegame,21
IBJcq,r3r1k1/pb2qp1p/2p1p1pB/1p6/4Q1R1/1BbPR3/P1P2PPP/6K1 b - - 7 20,c3d2 e4e5 f7f6 e5e6 e7e6 e3e6 e8e6 b3e6 g8h8 h6d2,2425,crushing kingsideAttack middlegame veryLong,25
lAW9C,8/8/3pk1p1/7p/2K1PP1P/8/8/8 b - - 6 63,e6f6 c4d5 f6e7 e4e5 d6e5 f4e5 g6g5 h4g5 h5h4 d5e4 h4h3 e4f3 h3h2 f3g2 h2h1r g2h1 e7e6 g5g6,2425,crushing endgame pawnEndgame veryLong zugzwang,8
zKdfW,r3r1k1/1b1qpp1p/3p2pB/p1pPN3/PpP1NQ2/7P/2P2PP1/5RK1 b - - 0 21,d6e5 e4f6 g8h8 f4e5 d7f5 h6g7,2425,crushing intermezzo kingsideAttack long master masterVsMaster middlegame,26
7ZSpN,r1bqr1k1/pp2Bpp1/2n4p/3p4/3Nn3/2P2B2/PP3PPP/RN1QR1K1 b - - 0 13,e8e7 d4c6 b7c6 e1e4 e7e4 f3e4,2426,advantage long opening,27
Hp3Gc,5r1r/pb2ppk1/1p1p2p1/3Pb2p/q1P2N2/P2BP1QR/6PP/5RK1 b - - 2 24,a4a3 f4e6 g7g8 g3g6 f7g6 f1f8 g8h7 h3h5,2426,deflection mate mateIn4 middlegame pin sacrifice veryLong,25
W416R,4k2r/5ppp/4p3/pq1pP1P1/5Q1P/BP6/2P2P2/1K6 b k - 0 31,h7h6 g5h6 h8h6 f4g5,2426,advantage endgame short,18
YsoaA,6k1/4Qpp1/p1r3q1/4P2p/2p5/3r3P/P3RPP1/4R1K1 b - - 5 29,d3h3 e7e8 g8h7 e5e6,2426,crushing endgame short,18
aiMSQ,8/8/pp1k2pp/2p5/4KPPP/PP6/8/8 b - - 1 40,b6b5 f4f5 g6f5 e4f5,2426,crushing endgame pawnEndgame short,12
oVzWg,2rr2k1/4pp1p/b2p2p1/p6n/4P1N1/1B2BQ1P/P4PPK/1q6 b - - 1 27,e7e6 g4h6 g8g7 f3f7 g7h8 f7e6,2426,crushing kingsideAttack long middlegame,22
7eOI2,r4rk1/ppp1nppp/8/3p1bq1/3Pn3/P1PBPPP1/2QB3P/R3K1NR b KQ - 0 13,e4g3 h2g3 g5g3 e1f1 f5d3 c2d3,2427,advantage long middlegame,28
NVYM1,8/R6p/3K2p1/8/6PP/4k3/4r3/8 b - - 4 58,h7h5 a7e7 e3f2 e7e2 f2e2 g4g5,2427,crushing defensiveMove endgame long rookEndgame,8
ToaJr,2kr4/p6p/Pp2Q3/3p4/4pP2/2P4P/1q4r1/R5RK b - - 0 25,d8d7 e6c6 c8d8 g1g2,2427,crushing endgame short,17
WBueW,r4r2/pp1Q3n/1q4kp/4B1p1/2B2p1P/8/PPb2PP1/R5K1 b - - 1 22,g6h5 c4e2 f4f3 g2g4 h5h4 e5g3 h4h3 e2f1,2427,mate mateIn4 middlegame veryLong,21
eY3hS,6k1/2r3bp/4p2N/1p1pP3/2b1q3/4PQ1P/5RPK/8 b - - 2 33,g7h6 f3f6 c7e7 f6e7,2427,advantage endgame short,17
pf2Mc,8/3R2k1/7p/6pP/1p3r2/1P4K1/6P1/8 b - - 3 38,f4f7 d7f7 g7f7 g3f3 f7e6 f3e4 e6f6 g2g3,2427,crushing defensiveMove endgame master rookEndgame veryLong zugzwang,10
ASlF9,r2q1rk1/2pb2pp/5p2/2B1p3/8/2Q2P2/PP3P1P/3R2RK b - - 2 22,f8e8 c3b3 d7e6 d1d8,2428,crushing middlegame short,20
dvwgY,8/1p1k2b1/5p2/2BPp1p1/2K1P1P1/6P1/8/8 b - - 9 57,g7h8 c5f8 d7e8 f8h6,2428,bishopEndgame crushing endgame master quietMove short,12
zCH0s,2r2r2/pp3pk1/4p3/2qpn1NQ/8/1P2N2P/P4P1K/2n1R3 b - - 0 27,f8h8 g5e6 f7e6 e1g1 g7f8 h5h8,2428,advantage deflection long middlegame sacrifice,20
ROwuN,n2qr2k/6bp/2p3p1/p4pB1/8/P1P2PN1/1P3P1P/R3RBK1 b - - 1 26,d8c8 e1e8 c8e8 a1d1 a8b6 d1d8 e8d8 g5d8,2429,advantage middlegame pin quietMove veryLong,22
kXqHL,r7/4k3/2p1p1PP/2Pp2K1/1p1P4/8/p7/4R3 b - - 0 50,a2a1q e1a1 a8a1 h6h7 a1g1 g5f4 g1h1 g6g7 h1h7 g7g8q,2429,advancedPawn advantage endgame promotion veryLong,13
uSXQL,r3r1k1/1Q1bqp1p/6pB/1p2P1Nn/p1p3n1/8/PPB2PPP/3RR1K1 b - - 6 25,a8d8 e5e6 f7e6 e1e6 d7e6 d1d8,2430,advantage long middlegame,26
Q4ox6,8/8/4k1p1/p1r1P1pp/P3R3/4KP1P/6P1/8 b - - 1 40,c5e5 e3d4 e5e4 f3e4,2431,crushing endgame rookEndgame short,13
ubcuN,8/8/1p1k2np/p1pB1K2/P1PP3P/2P5/8/8 b - - 0 43,g6h4 f5f6 b6b5 a4b5 a5a4 b5b6,2431,crushing defensiveMove endgame long master,13
9aFQ7,1rbqr1k1/3pbpp1/p4n1p/8/2Q1P3/1PN3B1/P1P2PPP/R4RK1 b - - 2 17,b8a8 g3c7 d7d5 c3d5 d8d7 d5b6,2432,advantage long middlegame,25
cHAhs,rn1qkb1r/ppp1pppp/1P3n2/8/Q3p3/8/PP1P1PPP/RNB1K1NR b KQkq - 0 6,d8d7 a4a7 a8a7 b6a7 b8c6 a7a8q,2432,advancedPawn advantage long opening promotion sacrifice,29
OTQx8,8/8/R5P1/8/1p3k1K/pr6/6P1/8 b - - 0 51,b3b1 a6f6 f4e5 g6g7 e5f6 g7g8q,2433,advancedPawn crushing endgame long master promotion rookEndgame,8
DktR4,8/6K1/5p2/4k2p/7P/6P1/8/8 b - - 0 52,e5f5 g7f7 f5e5 f7g6 f6f5 g6h5 e5f6 h5h6 f5f4 g3f4,2434,crushing endgame pawnEndgame veryLong,6
FQ1Do,8/8/4B2p/4n3/3K1kP1/1P6/8/8 b - - 3 59,e5g4 b3b4 h6h5 b4b5,2434,crushing defensiveMove endgame quietMove short,7
P4UOq,6k1/1pp2pq1/5RP1/p1P1r2P/4pQ2/4P3/PP3KP1/3r4 b - - 2 30,e5c5 h5h6 c5c2 f2g3 d1g1 h6g7 c2g2 g3h3 g2g6 f6g6,2434,advancedPawn advantage endgame veryLong,19
GJ7De,r1bb3r/ppppn1pk/7p/4P2q/2P1PN2/1Q3N2/PP3PPP/2R2RK1 b - - 3 16,h5g4 g2g3 d7d6 e5e6 e7g6 h2h3 g4f4 g3f4,2435,advantage middlegame quietMove trappedPiece veryLong,27
z9T2t,2r1r1k1/pb3p2/1p2pPn1/q3Pn1Q/3pNP2/1P1P2P1/P3RKB1/8 b - - 2 31,c8c1 e4g5 a5e1 e2e1 c1c2 e1e2 c2e2 h5e2,2436,crushing master middlegame veryLong,24
saKY3,3r3k/1Q2P1pp/1b1p1q2/pPp5/P7/7P/1r6/R5RK b - - 0 30,d8e8 a1f1 b2f2 b7c6 f6e7 f1f2,2437,advantage fork long middlegame,18
tedUB,6k1/1p6/2p5/p2p1PPp/8/8/PPP5/3K4 b - - 0 29,c6c5 a2a4 d5d4 b2b3,2437,crushing defensiveMove endgame master pawnEndgame quietMove short,12
Blqp2,bn1qk2r/2p2ppp/5n2/1NbPp3/2B1P3/5P2/1P4PP/2BQK1NR b Kk - 0 11,f6e4 f3e4 d8h4 e1d2,2438,advantage defensiveMove hangingPiece master opening short,25
Og2PE,2k4r/1pp5/1p2P2p/3P1bn1/7R/P1P1R3/1P6/2K5 b - - 0 37,c8d8 e6e7 d8e8 h4a4 f5c8 a4a8,2438,advancedPawn crushing endgame long pin quietMove,16
s8l6U,r6r/ppp1kQ2/2n2b2/5b2/2Bqp3/8/PP1N1PPP/R3K2R b KQ - 1 15,e7d6 d2b3 c6d8 b3d4 d8f7 d4f5,2438,advantage long middlegame,22
xx7ma,3N4/p1p5/1p1pK3/8/2nP1P2/2Pk4/P7/8 b - - 3 41,d3c3 f4f5 c3d4 d8c6 d4c5 f5f6 c5c6 f6f7,2438,advancedPawn crushing endgame knightEndgame quietMove sacrifice veryLong,12
EVmMf,3r1k2/1p3p2/p2p1nNr/2p2P1p/2PQpq2/7P/PP6/1K1R2R1 b - - 1 29,f8e8 d4f6 h6g6 g1g6 f7g6 f6e6,2439,crushing hangingPiece long middlegame,22
Iud8S,r3k2r/pbpn1ppp/1p2pn2/1BP3B1/8/8/PPP2PpP/R2NK1R1 b Qkq - 5 12,e8g8 c5c6 d7e5 g1g2,2439,advantage fork interference middlegame short,26
O07Fa,r2qkn1r/p1pnppb1/1p1p2bp/1N1PP1p1/Q1P5/3B2BP/P4PP1/1R2R1K1 b kq - 0 18,g6d3 e5d6 f8g6 d6c7,2439,advancedPawn advantage middlegame short,30
UjQ3D,1b2r1k1/5ppp/pp6/3q4/PP1N2Q1/2P2NPP/1B1n2K1/8 b - - 10 32,d2e4 d4f5 g7g6 f5e7 e8e7 g4c8 g8g7 c3c4,2440,advantage clearance discoveredAttack discoveredCheck fork middlegame sacrifice veryLong,20
RKfC0,1r2k1r1/p2q2Bp/1p1p1Pp1/2pQpb2/2P5/1P5P/P7/4RRK1 b - - 6 27,f5e6 f6f7 d7f7 d5d6 b8d8 d6e5 g8g7 f1f7,2441,advancedPawn advantage attackingF2F7 deflection fork middlegame pin veryLong,22
fn46I,r4rk1/ppp3p1/3q4/6Np/2bP2nP/6P1/P4PB1/R2QR1K1 b - - 0 19,g4f2 d1c2 c4d3 c2b3 g8h8 g5f7 f8f7 b3f7,2441,advantage fork middlegame veryLong,22
7LiFJ,8/5p2/Pk1p2p1/2bPp1P1/4P1K1/8/4B3/8 b - - 36 68,c5b4 e2b5 b4d2 b5e8 b6a6 e8f7 a6b6 f7g6 b6c7 g4f5 c7d8 f5f6,2444,bishopEndgame crushing endgame quietMove veryLong,12
HwXMR,4Rbk1/5p2/3P1P2/5Npp/8/2p1PK2/3r4/8 b - - 3 42,g5g4 f3f4 d2d6 f5d6 c3c2 e8c8 c2c1q c8c1,2444,crushing defensiveMove endgame master pin veryLong,13
8SjKT,8/1pk5/5p2/p1P5/P3K1P1/8/8/8 b - - 8 47,c7d7 e4d5 d7e7 c5c6 b7b6 c6c7,2445,advancedPawn crushing endgame long pawnEndgame zugzwang,8
wRFBA,5r2/3R1pk1/1p3Q1p/p3P3/Pb3P2/7P/1P4PK/4q3 b - - 2 36,g7g8 d7d3 b4c5 d3g3 e1g3 h2g3,2445,crushing endgame long quietMove,17
WQLC8,2rr2k1/1p2b1pp/p1p2p2/2P4q/1PQP1B2/6R1/P5PP/5RK1 b - - 3 26,g8f8 f4d6 h5f7 c4f7 f8f7 d6e7,2446,crushing long middlegame,22
oKKIG,2rr1b1k/pb3pp1/1p2pN1p/4pn1P/2qP2Q1/P1BB4/1P3PP1/3RR1K1 b - - 3 24,c4c6 d4d5 d8d5 f6d5,2446,crushing master middlegame short,27
qjtHt,8/2p2Bk1/1p4P1/1Pn1K3/8/8/8/8 b - - 6 54,c5d7 e5d5 d7b8 f7e8,2446,crushing defensiveMove endgame short,8
wNJJo,r1b2rk1/1p2bpp1/p3p2p/3qP3/3PN1Q1/1PP4P/P4RPN/6K1 b - - 2 30,f7f5 e5f6 e7f6 e4f6 f8f6 f2f6,2446,advantage enPassant kingsideAttack long middlegame pin,24
Zp7ai,1rbq1rk1/b1p2pnp/p1np2p1/4P3/1p1PN1P1/1B5P/PP2QP2/RNBR2K1 b - - 2 16,c6d4 d1d4 a7d4 c1g5,2447,advantage master middlegame sacrifice short,30
pg1YS,r5k1/1p1P1rpp/p3bb1B/5p1Q/2p5/2N3R1/P1q2PPP/3R2K1 b - - 0 20,a8d8 h6g7 f5f4 g7f6 f4g3 h5g5,2448,crushing discoveredAttack discoveredCheck kingsideAttack long middlegame,23
wLJsE,4k3/5p2/4p1p1/3pP3/pbpP4/1q6/1P2QPK1/2B5 b - - 1 43,c4c3 e2b5 e8d8 b5b8 d8d7 b8b7,2448,crushing endgame long,16
58dW0,8/Pk6/4Kp2/1N3P2/7P/8/8/r7 b - - 2 69,a1a6 b5d6 b7a7 h4h5,2449,crushing defensiveMove endgame short,8
MVxvY,3r2nr/1p1k2pp/2p5/5q2/Q3p3/2N2P2/PP5P/R3R1K1 b - - 1 20,e4f3 a1d1 d7c7 c3b5 f5b5 a4f4,2450,advantage long middlegame sacrifice,19
e5cPi,8/2p5/p5pP/6q1/8/1Q6/7K/1k6 b - - 20 79,b1c1 b3c3 c1b1 c3e1 b1c2 e1f2,2451,crushing endgame long queenEndgame,8
lwUHl,r1b2k2/pp1p1Pr1/2p2Npp/b3p2q/8/4B3/PPP3PP/R4RK1 b - - 2 23,h5h4 f6h7 g7h7 e3c5 d7d6 c5d6 h4e7 d6e7 f8e7 f7f8q,2451,advancedPawn attraction crushing exposedKing middlegame promotion sacrifice veryLong,24
xHqw3,r1b2rk1/ppp1qppp/3p4/b2Bn2N/4PP2/1Q6/PB4PP/R4RK1 b - - 0 14,e7h4 f4e5 h4h5 f1f7 f8f7 a1f1 c8e6 d5e6,2451,advantage discoveredAttack middlegame pin sacrifice veryLong,26
1CKkZ,3R4/4k2p/p4p2/2Qp4/5q2/P2r4/K5P1/8 b - - 4 46,e7f7 c5a7 f7g6 d8g8,2452,crushing endgame master short,12
2dSsa,r4rk1/ppq2p2/2n1p1Pp/3p2N1/3P1bP1/2PQB3/PP3P2/2R1K2R b K - 0 19,f4g5 e3g5 h6g5 d3h3 g8g7 h3h6 g7f6 g6g7,2452,advancedPawn clearance crushing discoveredAttack discoveredCheck kingsideAttack middlegame quietMove veryLong,25
67ydX,8/6k1/1p1p1pp1/p1pP2P1/P1P2K1P/1P6/8/8 b - - 1 49,f6g5 f4g5 g7f7 h4h5 g6h5 g5h5,2452,crushing endgame long pawnEndgame zugzwang,14
WCc2u,8/1p3k2/5pp1/Pp2p2p/1P2PPPP/6K1/8/8 b - - 0 50,f7e6 f4f5 g6f5 e4f5 e6e7 g4g5 f6g5 h4g5,2452,crushing endgame pawnEndgame veryLong,14
WZObX,r2q1rk1/pp2bppp/3p4/4n1P1/3NP3/2N3nP/PPP2R2/R1BQ2K1 b - - 3 15,e7g5 f2g2 g5c1 a1c1 g3e4 c3e4,2452,advantage long middlegame trappedPiece,26
Yw8Ge,r2b1rk1/5pp1/1p2p1n1/p1qpP2Q/8/2BB3R/5PPP/6K1 b - - 3 31,f8e8 d3g6 f7g6 h5h7 g8f7 h3f3,2452,advantage kingsideAttack long middlegame,21
jzTtk,1k6/pp3pp1/4pn1p/1Nq5/2P2b1P/2B5/PP3PP1/1K1Q4 b - - 0 25,c5c4 d1d8 c4c8 d8d4,2452,crushing endgame master short,20
rVhvs,6k1/3K1pp1/4p2p/P1Rn4/6P1/7P/2Q2P1q/4r3 b - - 10 38,f7f6 c5c8 g8f7 c8f8 f7f8 c2c8 f8f7 c8e8,2452,attraction endgame mate mateIn4 sacrifice veryLong,15
yjteN,r1b1r3/ppq2ppk/8/2bpP1N1/5Bn1/2P5/PP2QPPP/R3R1K1 b - - 1 16,h7h8 e2d3 c5f2 g1h1 c8f5 d3f5,2452,crushing long middlegame,25
9A2f6,4q3/pk1r2p1/1p2ppp1/P2p4/1B1P1P2/2R1Q3/1PPK2P1/7r b - - 0 29,d7c7 a5a6 b7c8 b4d6 c7c4 b2b3 c8d7 b3c4,2453,advantage endgame veryLong,21
AF4cl,r1r3k1/p1q2pnp/1p1R2pB/8/8/1P1R1Q2/5PPP/6K1 b - - 2 33,c8d8 d6d7 c7d7 d3d7,2453,collinearMove crushing middlegame short,19
ie5l5,8/7K/2k3p1/4Rp2/5r2/7P/6P1/8 b - - 0 55,g6g5 h7g6 f4f2 g2g4 f5g4 h3g4,2453,crushing endgame long rookEndgame,8
wHmcu,1B6/5p2/b7/4Pk2/2p2P2/p1K5/7P/8 b - - 1 47,f5f4 e5e6 f4g5 e6f7 a3a2 c3b2 c4c3 b2a1,2453,advancedPawn bishopEndgame crushing discoveredAttack discoveredCheck endgame veryLong,10
nJjdj,6k1/5p2/p2p1qp1/1p1P2rp/3pP2Q/1P1RbP1P/r5P1/3BRK2 b - - 1 30,e3d2 e1e2 d2f4 e2a2 f4g3 e4e5,2454,advantage long middlegame,23
rreAb,4r1k1/1p4p1/pqp5/5p2/4nP2/3Q2P1/P5BK/4R3 b - - 1 29,e8e6 d3c4 g8f7 e1e4 f5e4 f4f5,2454,advantage endgame long pin sacrifice,16
19XPl,3R4/p4p1k/4b1pp/4B3/5P2/1r4q1/6P1/3Q2K1 b - - 5 41,g6g5 d8h8 h7g6 f4f5 g6f5 e5g3,2455,crushing discoveredAttack endgame long,14
MchGt,1k6/2p2q2/QP6/1P2bpK1/1R4p1/6P1/7P/4r3 b - - 4 42,e1h1 a6a7 b8c8 b6b7 c8d7 b4d4 e5d6 d4d6,2455,advancedPawn crushing endgame veryLong,14
T5R2D,3r2k1/p4ppp/1p1Pp3/4P3/4R3/2R5/P2r2PP/6K1 b - - 4 31,d2a2 e4c4 h7h5 c4c8 d8c8 c3c8 g8h7 d6d7,2455,advancedPawn advantage endgame quietMove rookEndgame veryLong,17
W4GyQ,2r2rk1/q3bp1p/p5p1/1p6/3B2Q1/P6P/1P3PP1/2RR2K1 b - - 1 25,e7c5 c1c5 c8c5 b2b4 c5c4 d4a7 c4g4 h3g4,2455,crushing middlegame sacrifice veryLong,20
KNdhA,8/2p2k2/3p2Rp/2pP3P/2P4b/5pp1/8/6K1 b - - 1 44,g3g2 g6g4 h4f6 g4f4,2456,advantage endgame short,13
FoVih,8/2p3p1/3k1p1p/3P1P1P/3KP3/8/8/8 b - - 4 49,c7c6 d4c4 c6d5 e4d5 d6e5 c4c5,2458,endgame,10
Qukt8,4r2k/1p4pp/p1p5/P3Pq2/1PQ1R3/7P/6P1/6K1 b - - 0 33,e8e5 c4c5 e5e4 c5f5,2458,crushing endgame short,16
DOb5A,8/8/4p1K1/3bk1Bp/4p2P/4P3/8/8 b - - 1 45,d5c4 g5f6 e5d5 g6h5,2459,bishopEndgame crushing endgame short,9
WmtYZ,1r4k1/1q4bR/p2p2p1/r2Pp3/Pp3pQ1/1P6/1P3PP1/2K4R b - - 0 30,a5d5 g4g6 b8c8 c1b1 d5d1 h1d1,2460,crushing long middlegame,21
npEhi,1rr3k1/4pp1p/2pp1npQ/p3P3/P2q1Pb1/1BN5/1PP5/2K2R1R b - - 0 21,b8b3 e5f6 d4e3 c1b1 b3b2 b1a1,2460,advantage long master middlegame,24
npYhT,r5k1/p2qr1b1/2pP2RB/4N2Q/2b1P3/8/PpP5/1K6 b - - 3 30,e7e5 h5e5 c4a2 b1b2,2460,crushing middlegame pin short,18
kzjVq,2k5/ppp2p2/1q1p1Pp1/2PP4/1P2r3/2Q1R3/P6P/6K1 b - - 0 35,e4e3 c3e3 b6b5 e3e7 b5d7 e7f8 d7d8 f8f7,2461,crushing deflection endgame veryLong,18
pwMSv,r4r2/1p3pk1/p2p2qp/4p3/P1BpNb2/3P1RPb/1PP1Q3/R6K b - - 1 23,g6h5 e4f6 g7f6 f3f4 f6g5 e2h5 g5h5 f4h4 h5g5 h4h3,2462,advantage attraction discoveredAttack fork master middlegame veryLong,24
5qSGx,8/1p1n1K2/p4B2/P1pP4/2P5/2Pk4/8/8 b - - 14 52,d3c4 f7e6 d7f6 d5d6,2464,crushing endgame sacrifice short,11
mmgSn,r5k1/3K1R2/3p2PB/1pbP4/8/p7/8/8 b - - 4 44,a8a7 d7e6 a7a8 g6g7 a8e8 e6f6 g8h7 f7f8 c5d4 f6f7 h7h6 g7g8q,2464,advancedPawn crushing defensiveMove endgame promotion veryLong,11
tFEtj,8/8/8/p2k1ppp/8/PP2K1P1/7P/8 b - - 3 42,d5e5 h2h4 g5g4 b3b4 a5a4 b4b5 f5f4 g3f4,2464,crushing endgame master pawnEndgame quietMove veryLong,10
fxwoK,6k1/B4p2/6p1/3Q3p/P7/1P5P/1q3PPK/4r3 b - - 1 30,b2c1 d5d8 g8h7 a7d4 e1h1 h2g3 h5h4 d8h4,2465,crushing endgame master quietMove veryLong,14
hyOvV,r2qk1nr/1p3ppp/2n1p3/p2pPb2/1b1P4/6N1/PP1B1PPP/R2QKBNR b KQkq - 1 9,c6d4 d2b4 d4c2 d1c2 f5c2 f1b5 d8d7 b5d7,2465,advantage middlegame sacrifice veryLong,30
7gYwh,8/8/2k1p2p/p2pP2P/1p1K1P2/1P6/P7/8 b - - 0 36,c6d7 d4c5 d7c7 c5b5 d5d4 b5c4 c7b6 c4d4,2466,crushing endgame pawnEndgame veryLong,12
Kl7t7,rn1q1rk1/5p2/4b2p/3p4/5QpP/Pp1P4/1PP3PN/2KR3R b - - 0 22,d8h4 h2f3 h4f2 d1d2,2466,advantage middlegame short,22
rqwO8,6k1/1N1n1pp1/p2Pq3/4p2p/B7/6P1/PP3P1P/2R3K1 b - - 0 32,h5h4 a4d7 e6d7 c1c7 d7c7 d6c7,2466,advancedPawn crushing endgame long,18
Xri5u,r1bqr1k1/pp3p1p/6p1/3BN3/8/PP1QP3/2P2PPP/1R4K1 b - - 0 21,c8f5 e5f7 f5d3 f7d8,2467,crushing discoveredAttack discoveredCheck kingsideAttack middlegame short,22
qSnCv,8/6k1/8/3BPpP1/3p4/3K4/8/b7 b - - 0 54,f5f4 e5e6 g7f8 g5g6 f4f3 g6g7 f8g7 e6e7 f3f2 d3e2 d4d3 e2f2,2467,advancedPawn bishopEndgame crushing endgame exposedKing veryLong,8
tvK6X,8/8/1p6/1k6/4pKPp/7P/8/8 b - - 1 50,b5c4 f4e4 c4c5 e4e5,2467,crushing defensiveMove endgame pawnEndgame short,7
gq7dI,8/1p6/p1pp1kp1/3P3p/P1P1K2P/1P4P1/8/8 b - - 0 32,a6a5 d5c6 b7c6 b3b4 a5b4 a4a5 b4b3 e4d3,2468,crushing defensiveMove endgame pawnEndgame quietMove veryLong,14
mxiwn,r1bq1rk1/ppp2n2/7p/2b3p1/2B5/3PB3/PPP1Q1PP/RN2K2R b KQ - 0 15,c5e3 e2e3 f8e8 c4f7 g8f7 e1g1,2468,advantage castling discoveredAttack discoveredCheck exposedKing long opening,25
z2Ofv,6k1/5pp1/1p4p1/8/2P5/7R/r5rP/3R3K b - - 1 36,g8f8 d1d7 f8e8 d7b7 g2h2 h3h2 a2h2 h1h2,2468,crushing endgame rookEndgame veryLong,12
7sIQ0,5R2/2R1p2p/2bpk1p1/1p6/1r6/4KP2/2r1N1PP/8 b - - 3 40,b4b2 e2f4 e6e5 c7e7,2469,deflection endgame mate mateIn2 short,16
ESd4c,4k3/1br2q2/p4b2/1p3Q1p/1N2P3/P7/1PP4P/1K1R4 b - - 6 27,c7e7 b4d5 f6e5 d5e7 f7f5 e7f5,2469,advantage long middlegame,17
Suz6q,6k1/4p3/p2pK3/2pPp2R/1pP2r2/1P5P/P7/8 b - - 3 36,g8f8 h5h8 f8g7 h8e8 f4f6 e6e7,2469,advantage endgame long rookEndgame,15
5buCj,2r5/2P2k2/p4ppp/8/4K1P1/P1Rr3P/8/2R5 b - - 1 42,d3c3 c1c3 f7e8 c3c6 e8d7 c6f6,2471,crushing endgame long rookEndgame,14
R1XeW,2k2b2/1p6/2p2pP1/2P1P3/1P5p/1K2B1pP/3R4/r7 b - - 0 36,a1f1 e5e6 f1f3 d2d3 f3e3 d3e3,2471,crushing endgame long master quietMove,16
s4PPe,2r1k3/p7/2q1p1Q1/P2pB3/1P6/7P/6PK/3r4 b - - 0 30,e8e7 e5f6 e7d6 g6g3 e6e5 g3e5 d6d7 e5e7,2471,endgame mate mateIn4 swallowstailMate veryLong,14
2J2lL,6k1/pbp3p1/1p2pr2/5pRQ/2q5/3r4/PB4PP/R5K1 b - - 1 27,f6f7 b2g7 c4c5 g7d4,2473,crushing discoveredAttack discoveredCheck middlegame short,19
AP34R,r2qrnk1/pp3pp1/2pb1p1B/7p/3P4/2PB1b2/PPQ1NP1P/2K3RR b - - 3 14,f3h1 d3h7 f8h7 g1g7 g8f8 c2h7 f8e7 g7f7,2473,advantage deflection kingsideAttack middlegame pin sacrifice veryLong,27
KhAtr,6k1/1bq2pbp/3p2p1/1prP4/3Nr3/1B6/1P3QPP/3RR2K b - - 7 27,b7d5 b3d5 e4e1 d1e1 c5d5 e1e8 g7f8 e8f8,2473,advantage kingsideAttack middlegame veryLong,21
wF8vR,8/2R2pk1/2R1N3/3pq1pp/8/4P1PP/1r3P1K/8 b - - 2 32,g7f6 e6d8 f6f5 c7f7 f5e4 c6e6,2473,crushing deflection discoveredAttack discoveredCheck endgame long pin,15
E8ZQ2,3q1r2/pp3pkp/4bNp1/4R1Q1/2rp4/7R/PPP2PPP/6K1 b - - 5 24,d8f6 g5h6 g7h8 h6f8,2474,deflection mate mateIn2 middlegame short,22
HeFX1,8/5p2/p1p1r1kp/Pp1p1Np1/1PnP2P1/5P2/5KP1/4R3 b - - 2 35,g6f6 e1h1 h6h5 h1h5,2474,crushing endgame master short,19
nxnHH,5rk1/6pp/5R2/1Q2p2q/4Pp1n/2P2P1P/1P1r1P1K/3B2R1 b - - 0 27,f8f6 b5b8 f6f8 d1b3 h5f7 b3f7,2474,crushing long middlegame pin,20
r3WxF,r2q1rk1/1p2bpn1/2pp2QB/p3p2n/P1B1P1P1/3P4/1PP2P2/R3R1K1 b - - 0 28,g8h8 c4f7 f8f7 g6f7,2475,advantage middlegame short,26
zOAn7,1r2k2r/p2npp1p/1q4p1/8/3b4/2N5/PP4PP/R1BQ1R1K b k - 1 16,b8d8 c3d5 b6c5 d1d4 c5d4 d5c7 e8f8 c7e6,2475,crushing master middlegame pin sacrifice veryLong,21
yrp5V,6k1/1b1p1pp1/p3p3/1pqP2N1/2r1P3/6P1/P4PB1/3Q2K1 b - - 4 34,c4c3 d1h5 c3c1 g2f1 c1f1 g1f1,2476,crushing defensiveMove endgame long master,19
SlevV,3rbq2/1p5k/3pp1Rb/5P1Q/pPP5/Pn5P/5P2/1B3RK1 b - - 0 30,e8g6 h5g6 h7h8 f5e6,2477,crushing middlegame short,21
gxQHm,r1bqr2k/ppp2pp1/7p/4P3/1b6/2NB4/PPQ3PP/4RRK1 b - - 0 17,e8e5 e1e5 d8d4 c2f2 d4e5 f1e1,2477,advantage hangingPiece long middlegame,23
yF6m6,8/8/8/2P1pBk1/4P2p/1rp4P/2K5/8 b - - 1 45,b3b8 c5c6 b8b2 c2c1 g5f4 c6c7,2477,advancedPawn crushing defensiveMove endgame long,10
l4UD0,8/5k1p/1pp5/4pP2/P7/1P2K2P/8/8 b - - 0 36,f7f6 b3b4 f6f5 a4a5 f5e6 a5a6,2478,crushing endgame long pawnEndgame quietMove,10
4k1HM,r6r/ppp1Q2p/1b1p4/2k1p3/1NB1P3/2P4b/PP1P2qP/R1BK4 b - - 0 16,h3g4 d1c2 g2e4 d2d3,2479,advantage defensiveMove middlegame short,24
B7bdi,8/1b1nk1p1/2p1p1Qp/2qp3B/8/4PPN1/r5P1/3R1K2 b - - 3 29,c5e3 g3f5 e6f5 g6e8,2479,crushing middlegame sacrifice short,18
L5FUy,2r2rk1/p1q1ppbp/3p1np1/8/1p1BPNPP/1P3P2/P1PQ4/1K1R3R b - - 2 19,f6e4 f3e4 g7d4 f4d5 d4c3 d5c7 c3d2 c7d5,2479,advantage middlegame veryLong,26
fwbBN,4R3/1p3pk1/5p2/5N1p/4P3/5PK1/6P1/r6r b - - 1 39,g7g6 e8h8 a1a3 g3f4 h1h4 f5h4,2479,crushing endgame long,13
8zdFN,3r2k1/2q3p1/p7/3b1P2/1p2p1r1/1B6/PPP2Q2/3R1R1K b - - 5 36,e4e3 d1d5 d8d5 b3d5 g8f8 f2h2,2480,advantage long middlegame,18
Mpae9,1r6/1p3Rbk/p2p3p/2pPq1p1/P1P1N3/2N4P/1P4P1/5R1K b - - 4 27,b8e8 f1f5 e5e4 c3e4,2480,crushing master middlegame pin short,21
UI5Eh,8/7p/3kp3/1P4PP/3PK3/b7/8/8 b - - 0 42,d6e7 g5g6 h7g6 h5h6 e7f6 h6h7,2480,advancedPawn bishopEndgame crushing endgame long,9
qaYFi,6k1/1R6/8/4BpP1/4p3/p7/r3n3/7K b - - 1 40,a2c2 g5g6 e2g3 h1g1,2480,crushing endgame master short,10
Fg5bK,5q1k/1R5p/p2p1P2/2pP4/2Pb1P2/6QP/r4BK1/8 b - - 0 38,d4f2 g3b3 f8g8 b7g7 g8e8 b3a2,2481,crushing defensiveMove endgame long,17
iJ5E1,r3r1k1/ppp2p1p/3b2pB/2p2Q2/5P2/2P2B2/1qPK4/6RR b - - 0 22,a8d8 g1g6 h7g6 f5g6 f7g6 f3d5 e8e6 d5e6 g8h8 h6f8,2481,discoveredAttack discoveredCheck kingsideAttack mate mateIn5 middlegame pillsburysMate sacrifice veryLong,21
5f8TI,8/2pk1p2/3p4/6p1/PP1K2P1/8/8/8 b - - 0 35,d7c8 d4d5 c8b7 a4a5 b7a6 d5c6 d6d5 c6d5,2482,crushing endgame pawnEndgame quietMove veryLong,9
JPzky,r4rk1/1bp1bppp/p1q1p3/1p1n2B1/4N3/P4B2/1PPQ1PPP/2KR3R b - - 7 16,c6c4 g5e7 d5e7 b2b3 c4e4 f3e4,2482,advantage long middlegame,27
JyGOq,r4b1R/1p5R/2q3k1/4pPP1/3p4/1pN1P3/1BPP4/2K5 b - - 0 36,g6g5 h8g8 g5f5 e3e4 f5f6 c3d5,2482,crushing long middlegame,18
NpZTR,6r1/1b2k3/1p5Q/2b1P1n1/4q3/4N3/5PPP/B1R3K1 b - - 6 31,c5e3 h6d6 e7e8 d6b8 e8f7 c1c7 f7e6 b8g8,2482,crushing deflection exposedKing middlegame veryLong,16
Vb59a,8/p7/2p1p3/2Pp1k2/1P3P2/P4K2/8/8 b - - 2 57,e6e5 b4b5 c6b5 c5c6 f5e6 f4f5 e6d6 f5f6,2482,crushing endgame pawnEndgame veryLong,10
09whl,2r3k1/5p1q/p4Q2/1P4pp/P2Rp1P1/3p3P/5P2/6K1 b - - 0 36,a6b5 d4d5 h7g6 d5g5 g6g5 f6g5,2483,crushing endgame long pin,17
1SDbD,8/8/4k3/2K1Pp2/1p3P2/1Pb4P/2P5/8 b - - 3 47,c3e5 f4e5 e6e5 c5b4 f5f4 b4c3,2483,crushing defensiveMove endgame long,10
IhehS,5rk1/pb3p1p/1p2RBp1/2p5/2B5/8/PPr2PPP/4R1K1 b - - 1 19,f7e6 c4e6 f8f7 e1d1 b7d5 e6d5,2483,crushing endgame long pin quietMove,20
Rjug7,8/7p/2p2p2/P2k1p2/3p1P2/3K2P1/7P/8 b - - 0 36,d5c5 h2h3 c5b5 d3d4 c6c5 d4d5,2483,advantage endgame long pawnEndgame quietMove,11
amSr5,8/8/3k1p1K/5p2/1r3N2/6P1/6P1/8 b - - 0 42,d6e5 f4d3 e5e4 d3b4 e4e3 h6h5,2483,crushing defensiveMove endgame fork long,8
epkv5,r2r3R/1ppbkp2/p4Np1/4Q3/8/q1p5/P4PP1/1K1R4 b - - 5 27,d7e6 h8e8 d8e8 f6d5 e7f8 e5h8,2483,collinearMove long mate mateIn3 middlegame sacrifice,19
hiCbe,8/8/7p/p2k2p1/P1p5/2K2P1P/6P1/8 b - - 0 48,d5c5 g2g3 h6h5 h3h4 g5g4 f3g4,2483,crushing endgame long pawnEndgame quietMove,10
rGjnd,rnb1qb1r/3k3p/p1p5/3P2Q1/Pp1Pp3/8/1P1N2PP/R1B3K1 b - - 0 17,c6d5 g5d5 f8d6 d2e4 e8g6 c1f4,2483,advantage fork long middlegame pin,23
Krmhc,1rb2rk1/2p2pb1/p4BP1/4PpN1/1p5Q/2P5/PP4KP/RN1q4 b - - 2 20,c8b7 g2f2 d1c2 f2e1 c2c1 e1e2,2484,advantage defensiveMove long middlegame,23
VmlLN,4b3/R5k1/2p1r3/1p1pN1P1/5K1p/8/1P6/8 b - - 4 45,g7g8 f4f5 e6d6 a7a8 g8f8 g5g6,2484,crushing endgame long master pin,12
hp4zP,1r2nr2/3bk1b1/pqNpp1p1/8/4PQ2/4BP2/PPP5/2KR1B1R b - - 0 24,d7c6 f4h4 g7f6 h4h7 f8f7 e3b6,2484,crushing long middlegame,23
s4a1U,rnbR4/5r1k/4p1pP/p1p2p2/2q2P1Q/2N5/PPP5/2K4R b - - 3 25,c8b7 d8f8 e6e5 h4d8 f7f8 d8f8 c4g8 f8e7,2484,clearance crushing middlegame veryLong,21
t99Lh,8/8/4pp1p/6p1/3kP1P1/5PP1/4K3/8 b - - 5 50,d4c3 e4e5 f6e5 e2e3 c3b4 e3e4 b4c5 e4e5,2484,crushing endgame pawnEndgame veryLong,10
6EUS9,R7/2r5/P2pK1p1/2p5/1p2P3/1k1P4/8/8 b - - 4 51,b3c3 e6d6 c7g7 e4e5 b4b3 e5e6 b3b2 a8b8 g7a7 e6e7 b2b1q b8b1,2485,advancedPawn crushing endgame master quietMove rookEndgame veryLong,11
Qh1ly,r2q4/5k1p/pn1p2p1/2pP1P2/4Q3/8/1bP3PP/5RBK b - - 0 22,g6g5 f5f6 b2f6 e4h7,2485,advantage discoveredAttack middlegame short,19
lVi5f,r4rk1/2qnb1p1/p4nP1/1b2pPB1/1p5Q/3p1N2/PPP1N1K1/R4R2 b - - 3 26,f8e8 f1h1 g8f8 h4h8 f6g8 h8g7 f8g7 h1h7 g7f8 h7f7,2485,attraction epauletteMate kingsideAttack mate mateIn5 middlegame quietMove sacrifice veryLong,25
wtFum,r1q3k1/ppp1brpp/b1p4B/5pN1/3P4/2P3QP/PP3PPK/R3R3 b - - 3 18,g7h6 g5f7 g8f7 e1e7 f7e7 g3g7 e7d6 g7e5,2485,attraction crushing discoveredAttack discoveredCheck kingsideAttack middlegame veryLong,26
OQtzm,r4rk1/2q2pp1/pn2p2p/1p2P1B1/3P2bQ/2P5/P1B3PP/R4RK1 b - - 0 19,g4f5 c2f5 e6f5 g5h6 g7h6 h4h6,2486,crushing long middlegame,24
kTGFn,4rrk1/ppp2p2/1b4p1/3p2q1/3PnN1R/2P3PQ/PP5P/5R1K b - - 5 26,g5f6 f4d5 f6g7 h4e4 e8e4 d5f6 g7f6 f1f6,2486,advantage discoveredAttack fork middlegame veryLong,23
VDdj0,r1bqkb1r/pp3ppp/4pn2/3pn3/2PN1B2/2N5/PP3PPP/R2QKB1R b KQkq - 3 8,e5c4 f1c4 d5c4 d4b5 d8d1 a1d1 f6d5 c3d5,2487,advantage opening veryLong,29
RxfZk,8/8/8/2P1N3/6k1/6p1/4n1K1/8 b - - 2 66,g4h4 e5g6 h4g5 c5c6 e2d4 c6c7 d4f5 c7c8q,2488,advancedPawn crushing endgame knightEndgame promotion veryLong,6
einun,2r2rk1/1p2bpp1/pqn1pn1p/3pNb2/3P1B2/1BN4P/PPP2PP1/1R1QR1K1 b - - 3 14,c6d4 f4e3 e7c5 c3a4 b6c7 e3d4,2488,advantage long middlegame,30
LCe4R,8/8/8/3KP1k1/3pr1p1/8/8/6R1 b - - 1 54,g5f4 g1f1 f4e3 f1e1 e3f3 e1e4,2490,crushing endgame long rookEndgame,7
NRbPQ,r2q1rk1/pp3p2/2b1p3/1n1pN2Q/6P1/2N1P3/PP5P/5RK1 b - - 2 20,b5c3 f1f7 c3e2 g1f2 d8f6 f7f6,2490,crushing long middlegame,21
OzLj9,6k1/5pp1/Rp1r1q1p/2p1b3/Q3P3/6PB/5P1P/6K1 b - - 2 28,e5d4 a4e8 g8h7 h3f5 g7g6 a6a7,2490,advantage endgame long,17
tFPpP,8/2k3p1/2pb1p1p/p1B2P2/3K3P/PP3P2/8/8 b - - 0 42,h6h5 c5d6 c7d6 f3f4 c6c5 d4c4 d6c6 a3a4 c6d6 c4b5,2490,bishopEndgame crushing endgame quietMove veryLong zugzwang,14
aa4mR,2q2rk1/p1p1R1p1/1bp4p/3p1r2/6n1/P1NQ2B1/1PP1RPPP/6K1 b - - 7 24,b6f2 g3f2 g4f2 d3d4 f2h3 g2h3 f5g5 e2g2 g5g2 g1g2,2491,advantage middlegame veryLong,24
xUphp,2r2r2/p2R4/6kp/2p2p2/2Q2P2/1P2q1P1/PB4KP/8 b - - 5 33,e3e4 c4e4 f5e4 g3g4 f8f7 f4f5 g6h7 d7f7,2491,crushing deflection endgame master quietMove veryLong,17
0MFB1,6k1/ppb2pp1/2n2np1/8/1P2q3/P3NNPP/1B1Q1PK1/8 b - - 4 28,c7e5 b4b5 e5b2 b5c6 e4c6 d2b2,2492,crushing long middlegame,20
e3adb,2r1r2k/pp1R3p/4p1p1/8/5q2/P7/1PP1Q1PP/1R5K b - - 1 23,c8c7 g2g3 c7d7 g3f4,2493,advantage endgame short,18
BlSI6,2r2r1k/4bpp1/p2p4/4pQ1P/2q2P2/1Np1B3/P1P5/1K4R1 b - - 4 31,e5e4 e3d4 f7f6 h5h6 g7g6 f5g6 c4f7 g6g7 f7g7 h6g7,2494,advancedPawn advantage kingsideAttack middlegame veryLong,20
DEGSx,Q7/8/5pk1/5bp1/3p2n1/8/7r/4R1K1 b - - 0 41,h2h3 a8e8 g6h6 e8h8,2494,advantage endgame master short,10
KLee6,8/8/KPP3p1/5b2/6p1/7k/8/8 b - - 0 50,f5d3 a6a5 d3e4 b6b7 e4c6 b7b8q,2494,advancedPawn bishopEndgame crushing defensiveMove endgame long promotion,7
3ndIP,5rk1/6bR/pn4B1/1p1pq1B1/1P1n1N2/P6Q/5PPK/2r5 b - - 1 29,f8f4 h7h8 g7h8 h3h7 g8f8 g5e7 e5e7 h7h8,2495,clearance deflection exposedKing mate mateIn4 middlegame sacrifice veryLong,20
nIe5X,r1b2rk1/p1qn3p/2pp2pQ/4p3/1p1PP3/3B1N2/PPP1NnP1/2KR3R b - - 1 16,f2h1 d3c4 d6d5 e4d5 c6d5 c4d5,2495,crushing long middlegame,27
A4YXC,2b3rk/p3QRpp/1p6/3B4/3P4/1P1nP1P1/P4PKP/4q3 b - - 4 29,d3f2 f7f2 c8h3 g2h3 e1f2 d5g8,2496,advantage long middlegame,20
vqVpc,8/5p2/1bk1P3/p4BPp/P1Kp3P/2p5/P7/8 b - - 0 44,f7e6 g5g6 e6f5 c4d3 b6d8 g6g7,2496,advancedPawn bishopEndgame crushing endgame long sacrifice,14
AghIi,5k2/pb3pp1/1p2pn1p/2r5/3qPQ2/5NRP/P4PPK/1B6 b - - 5 24,d4b2 f4d6 f8g8 d6d8 g8h7 e4e5 b2b1 e5f6,2497,crushing discoveredAttack discoveredCheck master middlegame veryLong,21
QlSje,r1q4r/pp2bpk1/2n1pn1p/8/2PB2N1/2N1Q3/PP3P1P/2K3R1 b - - 7 20,c6d4 g4f6 g7f6 e3f4 d4f5 c3e4,2497,attraction discoveredAttack discoveredCheck long mate mateIn3 middlegame,23
ce9gm,4r1k1/p1p1q1p1/3rPnP1/3P4/7Q/8/PP3P2/3RR1K1 b - - 0 34,c7c6 e1e3 d6d5 d1d5 c6d5 e3h3,2497,crushing defensiveMove long middlegame quietMove,18
Hb9t0,5r1k/b1p2p1p/p7/1p2n1N1/5p1q/P1Pr1P1P/BP2QP1K/6R1 b - - 3 23,a7f2 e2e5 h8g8 a2f7 f8f7 e5h8 g8h8 g5f7,2499,attraction cornerMate hangingPiece kingsideAttack mate mateIn4 middlegame sacrifice veryLong,23
IyEt9,5rk1/1p3pp1/3r2b1/6Qp/p1B5/P2PR2P/2q2P2/4R1K1 b - - 1 32,d6f6 e3e2 c2c3 g5c5 g8h7 c5f8,2499,advantage long middlegame,19
xzVPK,1r2r1k1/1pQ2p1p/p2p2p1/3P4/4P3/3nqB2/PPR3PP/5R1K b - - 5 22,d3f2 c2f2 e8c8 f2e2 e3e2 c7c8 b8c8 f3e2,2499,advantage middlegame veryLong,22
ztAt9,2kr2r1/ppp2pqp/2n2p2/5b2/8/1PN2N1P/P4PPK/R1Q3R1 b - - 4 18,c6d4 c1f4 f5d3 f3d4,2499,crushing middlegame short,23
PIaN5,8/8/2p3p1/8/1k4P1/3K3P/8/8 b - - 1 52,b4b3 d3d4 g6g5 d4c5,2500,crushing endgame pawnEndgame short,6
q8wbO,1r6/RP1nk1p1/R4p1p/4p1b1/1QBqb3/3p4/1P3PPP/6K1 b - - 2 29,e7d8 a7a8 d8c7 b4a5 d7b6 a8b8,2500,crushing deflection exposedKing long middlegame pin,21
xaANx,8/8/KP6/6p1/6bp/1P1k4/3N4/8 b - - 0 56,h4h3 b6b7 h3h2 d2e4 d3e3 e4g3,2501,advancedPawn crushing defensiveMove endgame long,8
O7BuK,2r3k1/1p3qpp/p3b3/4B3/3Q4/1P6/P1r3PP/K2R1R2 b - - 1 26,f7g6 d4d8 g6e8 d8g5 c2a2 a1b1 a2g2 g5g2 e8g6 g2g6,2502,advantage middlegame veryLong,18
uBoJx,3n1rk1/1p1b2rn/p2qp1NQ/3pR3/3P4/3B2P1/PP3P1P/4R1K1 b - - 4 23,f8f6 e5g5 h7g5 h6h8 g8f7 g6e5 f7e7 h8g7,2502,advantage deflection exposedKing kingsideAttack middlegame sacrifice veryLong,23
J018N,3rr2k/1pp3bp/6p1/pP6/2BNn1b1/4qP2/PBQ3PP/2RR1K2 b - - 2 27,g7d4 d1d4 d8d4 c1d1 e4f6 b2d4,2503,advantage attraction intermezzo long master middlegame pin sacrifice,24
a963E,r2q2rk/pp4b1/3P1nQp/4B3/8/8/P4PpP/3RR1K1 b - - 0 32,d8e8 g6f6 e8e5 f6e5 g7e5 e1e5,2503,advantage long middlegame,19
5Y3mn,2r1nn1R/2q1bk2/3p3R/4pP2/4P3/2N5/1PPQ4/1KN3r1 b - - 6 33,e7g5 d2d5 f7e7 h6h7 e7d8 h7c7,2504,crushing exposedKing long middlegame skewer,19
99LIp,8/3k4/3P2p1/p1P2p2/P1KNr3/7P/8/8 b - - 0 43,f5f4 c4d5 e4e3 c5c6 d7e8 d4e6,2504,crushing endgame exposedKing long,11
Ry12e,6k1/4R3/4p1p1/3rP3/2K2P2/8/8/8 b - - 13 84,g8f8 e7e6 d5a5 c4b4 a5a7 e6g6 a7f7 g6g4,2504,crushing defensiveMove endgame rookEndgame veryLong,8
o4mXA,r4rk1/p1b2p2/1pp1pn1Q/3n2N1/P1PP2q1/8/1P2NPPP/R4RK1 b - - 0 20,d5f4 e2g3 f4g6 g3e4 g4e4 g5e4,2504,advantage long middlegame quietMove,25
p5AF6,r2q1nnr/pbp1p1bp/1p1p1kp1/3P2N1/5BQ1/2N1P3/PPP2PPP/R3K2R b KQ - 0 10,g7h6 f4e5 d6e5 g4f3 f6g7 f3f7,2505,epauletteMate long mate mateIn3 middlegame sacrifice,30
AOjFV,8/3R1p2/6rp/5k2/5P2/5K2/7P/8 b - - 8 43,f7f6 d7d5 f5e6 f4f5 e6d5 f5g6 d5e6 f3g4 f6f5 g4h5 f5f4 h5h6 e6e7 g6g7,2506,advancedPawn crushing endgame fork rookEndgame veryLong,8
BhLvr,8/5p2/6p1/4KP1p/2k1P3/6P1/8/8 b - - 0 47,c4d3 f5g6 f7g6 e5f4 d3d4 e4e5,2506,crushing defensiveMove endgame long pawnEndgame,8
Fgfji,5rk1/p4pp1/3Q3p/2pB2q1/2P5/5R1P/Pr3PP1/6K1 b - - 4 27,b2a2 f3f7 g5c1 g1h2 f8f7 d6b8 g8h7 d5f7,2507,crushing endgame pin sacrifice veryLong,18
igEGG,r1b4r/pp1nqNkp/n3p1pR/3pP3/3p1N2/7Q/PPP2PP1/R3KB2 b Q - 0 15,g7f7 f4g6 h7g6 h6h8,2507,crushing master middlegame short,27
xCAeT,8/5pk1/4p2p/4PP2/6PK/8/8/8 b - - 5 59,g7h7 f5e6 f7e6 h4h5 h7g7 g4g5 h6g5 h5g5,2507,crushing endgame master pawnEndgame veryLong zugzwang,8
KSdz0,3k2r1/1pr2RP1/p1qbQ3/n3p3/2ppP2P/3P3B/PPP5/R5K1 b - - 2 29,c7f7 e6f7 c6e8 a1f1 e8f7 f1f7 c4d3 c2d3 d8e8 h3e6,2508,crushing defensiveMove middlegame quietMove veryLong,23
Q8lrf,r5k1/pp5p/2p1bP2/3p2q1/1b6/5R2/P1Q3PP/R6K b - - 1 23,h7h5 f6f7 e6f7 f3g3 g5g3 h2g3,2508,advancedPawn advantage long middlegame pin,18
QRUuv,8/1p4p1/2bRBk1p/2P3q1/3Qpr2/P7/1P4P1/6K1 b - - 9 37,f6e7 d6c6 f4f1 g1f1,2508,crushing endgame master short,16
Vt5cW,1b6/8/1P1kp1p1/PK2pnPp/4B3/8/8/8 b - - 1 45,h5h4 e4f5 e6f5 a5a6 e5e4 a6a7 b8a7 b6a7,2508,advancedPawn crushing endgame trappedPiece veryLong,12
XN8Zv,6k1/2R5/5ppQ/7p/1q1pp3/1r4PP/5P2/6K1 b - - 3 35,b3g3 g1h2 g3h3 h2h3 b4a3 h3h4 g6g5 h4h5 a3h3 h5g6 h3h6 g6h6,2508,crushing defensiveMove endgame veryLong,14
ZRscu,8/8/3Q2p1/r6p/7P/2K2bk1/8/8 b - - 0 45,g3h4 d6b4 h4g5 b4a5,2509,crushing endgame fork master short,8
gB9IL,3r2k1/5p2/p3pP2/2r2p1p/1Pp2P1q/2Q5/P4RP1/5RK1 b - b3 0 29,d8d3 b4c5 d3c3 c5c6 h4f6 c6c7 g8h7 c7c8q,2509,advancedPawn crushing endgame master promotion sacrifice veryLong,19
31CT3,r4rk1/pp3p2/2p1pPp1/8/3P3Q/3B4/q1P3PP/3K3R b - - 0 20,a2a1 d1e2 a1a5 g2g4,2510,crushing defensiveMove endgame short,19
PgR3x,8/6Pp/2K2n2/5Pp1/2k5/8/8/8 b - - 2 51,c4d4 c6d6 f6e8 d6d7 e8g7 f5f6 g7h5 f6f7,2510,advancedPawn crushing defensiveMove endgame knightEndgame veryLong,7
QhqYp,r1b2rn1/pp4k1/2p2q1p/4P3/3b1BpP/1BN2nP1/PPP1Q3/2KR1R2 b - - 0 19,d4e5 f4e5 f6e5 e2e5 f3e5 f1f8 g7f8 d1d8 f8e7 d8g8,2510,advantage attraction deflection middlegame pin skewer veryLong,26
ErjFc,r7/q5pk/P4pRp/1Q2pP2/2p1P2P/2P5/6P1/7K b - - 2 36,a7a6 b5d7 a8g8 g6h6 h7h6 d7f7 g7g5 f7g8,2511,crushing endgame pin sacrifice veryLong,17
XWXxa,8/8/3k4/3p1ppp/3Pp2P/4PPK1/6P1/8 b - - 0 46,e4f3 g3f3 g5h4 f3f4 d6e6 f4g5,2511,crushing endgame long pawnEndgame,12
Zu8CH,2rr2k1/1bq2p1p/p3p1p1/8/3Nn3/PNP1Q2P/2R2PP1/1R4K1 b - - 1 29,e4c3 b1c1 e6e5 d4f3 c7d6 c2c3,2511,crushing long middlegame quietMove,22
bv8hV,1r6/7p/P2k4/6p1/1PB5/2K3P1/7P/8 b - - 0 50,b8a8 c3d4 a8c8 c4d5,2511,crushing defensiveMove endgame master short,10
8zRk9,8/5rp1/5nkp/8/7P/4PRP1/6K1/8 b - - 4 49,f6g4 h4h5 g6h5 f3f7 g4e3 g2f3 h5g6 f7d7,2512,crushing deflection endgame veryLong,10
CqgRM,6rk/pp3p1p/4p2b/2P1Pp2/4pP1q/P3B1rP/1P2QRPK/2R5 b - - 0 24,g3h3 g2h3 g8g3 h2h1 g3h3 f2h2 h6f4 e3f4,2512,advantage master middlegame veryLong,24
g0ciF,1k1r3r/b1p2pp1/Q4n2/PP3q2/3P1p1p/5P2/5P1P/R2R2K1 b - - 0 24,f5e6 b5b6 c7b6 a5b6 d8d7 d1b1,2512,advantage defensiveMove long middlegame,21
BBVlW,8/5p1p/3p2pP/1p1k4/1P3PP1/2KP4/8/8 b - - 4 41,f7f5 g4g5 d5c6 c3d4 d6d5 d4e5 d5d4 e5e6,2513,crushing endgame pawnEndgame quietMove veryLong zugzwang,12
FUvXL,2r5/pb1nQp1k/1p4pP/3p4/3q1B2/6P1/Pp3P2/1K2R3 b - - 1 26,b7a6 e7f7 h7h8 e1e8 c8e8 f7e8,2514,crushing fork long middlegame,19
3k3Nh,r1b3k1/ppp2ppp/2pb4/8/2P5/2Q5/PP1Br1qP/2KR2R1 b - - 1 17,d6e5 g1g2 e5c3 d2c3 c8g4 g2g4,2515,advantage long middlegame,22
F6Tx5,1k1r4/4qp2/QnPp4/2b1B3/7p/P3P2P/1P3Pr1/2KR3R b - - 0 25,g2f2 d1d6 d8d6 e5d6 c5d6 a6b6,2516,advantage exposedKing long middlegame queensideAttack,20
nIrwx,2r3k1/p2R4/1p2pppp/4q3/4bN2/1P4P1/P4P1P/3Q2K1 b - - 5 32,e4c6 f4g6 e5e4 g6e7 g8f8 e7c6,2516,advantage endgame exposedKing fork long,19
o15ob,6r1/pN1knR2/3b3B/7p/2PpB1b1/P2P4/1P5p/5K2 b - - 0 38,g4f5 e4f5 d7c7 f5e4 g8g1 f1e2,2516,crushing long middlegame quietMove,18
r1aBn,3r1rk1/1b5p/p7/Qp1R2pN/4p1q1/1P2P1N1/P4P2/5RK1 b - - 0 27,b7d5 h5f6 f8f6 a5d8 g8g7 d8d5,2516,crushing deflection fork long master middlegame,20
sQTJq,rnbqr1k1/ppp1bp2/6Np/7Q/2B1n3/7P/PPP2PP1/RN3RK1 b - - 1 11,g8g7 g6e5 e8f8 e5f7,2516,advantage opening short,26
G1ryg,3b4/8/2p1ppk1/2Bp1P1p/1P1PP2p/5KP1/8/8 b - - 0 42,e6f5 e4d5 c6d5 g3h4,2517,bishopEndgame crushing endgame short,15
00H5n,8/5Rpk/3p3p/p1qPp3/P3n3/5N1P/1Q3PPK/2r5 b - - 0 35,e4f2 b2b7 c1h1 h2g3 f2e4 g3g4 e4f6 f7f6 c5b4 b7b4,2518,advantage endgame pin quietMove veryLong,18
1u9e0,6kr/q2bp3/3p1Rp1/p1rP4/3QP3/1B5P/P5PK/5R2 b - - 0 34,h8h3 g2h3 c5c2 b3c2 a7d4 f6g6,2518,crushing long master middlegame,19
gHIso,8/8/5kpK/p1p5/P1P4P/8/8/8 b - - 0 47,f6f7 h6h7 f7f6 h7g8 f6e5 g8g7 e5f5 g7f7 f5g4 f7g6,2518,crushing endgame pawnEndgame veryLong zugzwang,8
r8N0M,1r2r1k1/p1q2p1p/2nb1np1/2p3B1/8/PPN2P1Q/2B2P1P/3RR1K1 b - - 4 22,f6h5 e1e8 b8e8 c3b5 d6h2 h3h2,2518,crushing long middlegame,24
zDV1K,8/7p/6pK/Pk3p2/4p3/8/5PPP/8 b - - 3 42,b5a5 g2g3 a5b5 h2h4,2518,crushing defensiveMove endgame pawnEndgame quietMove short,10
CuPFp,8/4k2p/p1K5/Pp4p1/1P4P1/7P/8/8 b - - 0 45,e7d8 c6d6 d8e8 d6e6,2519,crushing defensiveMove endgame pawnEndgame short,10
RDOdL,3q4/4bk1p/Q3p1pP/5r1r/4RPKB/6P1/8/8 b - - 4 50,g6g5 a6e6 f7e8 g4h5 g5h4 e6f5,2519,advantage fork long master middlegame,15
1wftg,7r/p1rk1ppp/3b4/1Q1pq3/8/4B3/PP3PPP/R4RK1 b - - 2 18,c7c6 f1c1 h8c8 c1c6 e5h2 g1f1 c8c6 a1c1 h2h1 f1e2 h1c1 e3c1,2520,crushing middlegame pin veryLong,20
D6VW2,8/1kP5/3K2p1/1N3p2/5P2/3np1P1/8/8 b - - 2 43,d3c5 d6c5 e3e2 c5d6 e2e1q d6d7,2520,crushing defensiveMove endgame hangingPiece knightEndgame long master,10
JiR0u,8/8/5p2/1p3kpp/3P3P/1P2K1P1/8/8 b - - 0 51,f5e6 g3g4 h5g4 h4h5,2520,crushing defensiveMove endgame pawnEndgame short,10
WubX1,2r2b1r/4kppp/4pn2/6N1/2pP4/2R1Q2P/qP3PP1/3R2K1 b - - 1 21,h7h6 c3a3 a2b2 a3a7 e7e8 g5f7,2520,advantage attackingF2F7 long middlegame,21
8Nmhx,2r5/3b1pk1/3Qp1p1/2Bq3p/3Pp2P/4P1P1/1R3PK1/8 b - - 6 35,d7e8 d6f8 g7h7 c5d6 d5d6 f8d6,2521,clearance crushing endgame long quietMove,18
BXJuZ,2k2b1r/3r2pp/B3Qp2/3Pn3/8/5q2/P4P1P/5RK1 b - - 4 26,c8c7 f1c1 f8c5 c1c5 c7b8 e6b6 b8a8 a6e2 f3a3 c5a5 a3a5 b6a5,2521,crushing exposedKing fork middlegame veryLong,17
Hj1n6,1r4k1/pp3ppp/2p1r3/8/2Q5/P1P5/1KPq2PP/3R1R2 b - - 3 24,d2g2 c4f4 e6e8 f4f7 g8h8 f1g1 g2g1 d1g1,2521,advantage endgame veryLong,19
Pz9Nd,8/3Qb3/4pp2/1k1p4/1p6/1P6/2Pq4/1K1N4 b - - 2 47,b5b6 d1b2 d2e1 b1a2,2521,advantage endgame quietMove short,12
UZABu,1n1r2k1/R3R1bp/2pq2p1/2p5/2P5/P2pQ1PP/5P1K/8 b - - 0 31,b8d7 e7d7 d8d7 e3e8 d6f8 e8f8 g8f8 a7d7,2521,advantage middlegame sacrifice veryLong,19
Vb198,2q5/pb2b1kp/1p2p2Q/2p2pP1/P1N5/2P3P1/1P3P2/6K1 b - - 2 25,g7g8 g5g6 h7g6 h6g6 g8f8 c4e5 c8e8 g6h7,2521,crushing endgame quietMove veryLong,19
hoCjq,3q2k1/r6p/3p3Q/1ppPprP1/8/pPP5/P4P2/1K4RR b - - 1 27,a7g7 h6e6 f5f7 g5g6 h7g6 g1g6 g7g6 e6g6 f7g7 g6e6,2521,crushing endgame fork pin veryLong,20
mAwCf,r2q1rk1/ppp2p2/3p1nbQ/2bNp1NP/2BnP3/3P4/PPP2PP1/R3K2R b KQ - 0 13,f6g4 d5e7 d8e7 h6g6 g8h8 g6h7,2521,kingsideAttack long mate mateIn3 middlegame pin,29
woz4q,6k1/1b1pq1p1/p6r/1pp1PQ2/5N2/8/PP4PP/5RK1 b - - 5 24,d7d6 f4g6 e7e8 f5f8 e8f8 f1f8 g8h7 e5d6 b7c6 f8c8 h7g6 c8c6,2521,crushing endgame veryLong,18
8or0L,1r6/1PR3p1/5p2/5k2/5P1p/4K2P/8/8 b - - 3 41,g7g5 f4g5 f6g5 e3f3 f5e5 f3g4,2522,crushing endgame long rookEndgame zugzwang,10
hlIK9,r1b5/ppp1Q1kq/1n2p1r1/8/2PP3P/6R1/PP3PP1/2K4R b - - 5 24,g7h6 h4h5 h7e7 h5g6 h6g7 h1h7,2522,crushing discoveredAttack discoveredCheck exposedKing long master middlegame sacrifice,21
lX7ei,8/p7/8/1p5K/1Pk3pP/6B1/4p3/8 b - - 0 52,c4b4 h5g4 b4c4 g4f3,2522,bishopEndgame crushing endgame short,9
sT0kd,8/1p6/6P1/p1p2k1p/2P5/1P3KP1/P7/8 b - - 0 55,f5g6 g3g4 h5g4 f3g4 g6f6 g4f4 f6e6 f4e4,2522,crushing defensiveMove endgame master pawnEndgame veryLong zugzwang,11
acmja,8/5k2/8/2PP1p2/1p2pK2/8/2P5/8 b - - 5 58,f7f6 c5c6 f6e7 c6c7 e7d7 d5d6 d7c8 f4e3,2523,advancedPawn crushing endgame master pawnEndgame veryLong zugzwang,8
udBgD,8/7p/5kp1/5p2/1p1Rr3/4PK2/P5PP/8 b - - 4 37,f6e5 d4e4 f5e4 f3g4 e5d5 g4f4 g6g5 f4f5,2523,crushing endgame rookEndgame veryLong,12
wI7Tr,8/1P1n4/p1p1k3/4P3/2PK1pP1/5P2/8/8 b - - 0 46,c6c5 d4e4 d7b8 g4g5 a6a5 g5g6 a5a4 e4d3,2523,crushing defensiveMove endgame knightEndgame quietMove veryLong,11
tDgxY,8/pp6/2p1Q2k/2b2P2/8/2P3qP/P5P1/7K b - - 4 39,h6g5 e6g8 g5f4 g8b8 f4f5 b8g3,2524,crushing deflection endgame long skewer,13
tKxwH,3k1qr1/pb6/1p2R3/nP1n1N1p/3P2rN/P5PK/5P2/2RQ4 b - - 0 28,b7c8 e6d6 f8d6 c1c8 d8c8 f5d6,2524,advantage attraction exposedKing fork long master middlegame sacrifice,21
1mUlv,2rr2k1/pp3ppp/2N1p3/8/1n2N3/8/PPPR1PPP/2K1R3 b - - 0 17,d8d2 c6b4 d2d4 a2a3,2525,advantage defensiveMove endgame hangingPiece short,21
Pv2F3,rn2kbr1/pp3p1p/2p1pBp1/8/2p5/2P3Q1/PPq2PPP/3RR1K1 b q - 3 17,f8e7 g3c7 e7f6 c7c8 e8e7 c8g8 b8d7 g8a8,2526,crushing middlegame sacrifice skewer veryLong,25
eJslT,8/8/1pB5/p1p1kpp1/2P5/2P1K1P1/PPb5/8 b - - 13 43,c2e4 c6e4 f5e4 g3g4 a5a4 b2b3 a4a3 b3b4 c5b4 c3b4,2526,bishopEndgame crushing endgame quietMove veryLong zugzwang,14
7gzQP,4kb1r/5p1p/4pp2/2np4/rq1N4/4P3/5PPP/1R1Q1RK1 b k - 3 25,b4a5 b1b8 e8d7 d1h5 f8e7 b8h8,2527,advantage long middlegame,20
Q3XrO,8/8/1np2p1p/4p1p1/1P2k1P1/P6P/3KNP2/8 b - - 0 34,b6d5 e2c3 d5c3 d2c3 e4f3 c3d3 e5e4 d3d4 f3f2 d4e4,2528,crushing endgame knightEndgame veryLong,14
zUHE1,8/4kpp1/pK5p/1p5P/2p2PP1/2P5/P7/8 b - - 1 41,e7d6 a2a3 g7g6 g4g5 h6g5 h5h6 g5f4 h6h7,2529,advancedPawn crushing endgame pawnEndgame quietMove sacrifice veryLong,13
TStyp,3q2k1/Q7/1P1p2rp/5p2/4pP2/P3K3/7P/3R4 b - - 0 33,d8c8 a7c7 c8a6 c7b8,2530,advantage endgame short,14
TxNRN,1k6/b1p5/p7/PP1P4/3p2np/P4r2/B6B/4R2K b - - 0 35,a6b5 d5d6 c7d6 h2d6 b8b7 a2d5 b7a6 d5f3,2530,advantage endgame fork veryLong,16
0vbuh,8/1p3k2/p1pr4/P5pp/1PPPR3/4K3/7P/8 b - - 1 39,d6e6 e4e6 f7e6 e3e4 e6f6 d4d5 c6d5 c4d5 h5h4 h2h3 g5g4 h3g4 h4h3 e4f3 h3h2 f3g2 h2h1q g2h1,2531,crushing endgame quietMove rookEndgame veryLong zugzwang,14
gIXPf,2r5/1pq3kp/2p1p1pQ/p2nPr2/7R/1PP5/P4PPP/4R1K1 b - - 5 35,g7f7 h6h7 f7f8 h7g6 c7g7 g6e6,2531,advantage deflection long middlegame,22
j85EQ,1r3rk1/3P1pbp/p5p1/P4qN1/2p5/1p4QP/5PP1/3RR1K1 b - - 0 26,c4c3 g3b8 f8b8 e1e8 g7f8 e8b8 c3c2 d7d8q c2d1r d8d1,2531,advancedPawn attraction crushing middlegame promotion veryLong,21
KElZJ,r1bq3k/ppp2Q1p/2n2n2/5p2/3b1B2/2P5/PP4PP/RN3R1K b - - 0 16,c6e5 f7b3 e5d3 c3d4 d3f4 f1f4,2532,advantage long opening,23
E0W05,8/1p2pk2/p1p3p1/P2rN3/1PKB3r/8/4R2P/8 b - - 7 36,f7g7 e5c6 d5d4 c6d4,2533,advantage discoveredAttack discoveredCheck endgame master short,15
gQqDt,8/8/6R1/7p/p4PkP/P5r1/4K3/8 b - - 0 49,g4h4 g6g3 h4g3 f4f5 h5h4 e2f1 h4h3 f1g1 h3h2 g1h1 g3g4 f5f6 g4f5 f6f7,2533,advancedPawn crushing endgame quietMove rookEndgame veryLong,9
puhHF,2r4k/p3q1p1/7r/2p5/6RP/PBQ5/KPP5/8 b - - 1 38,h6h4 c3e5 e7f6 e5f6 g7f6 g4h4,2533,capturingDefender crushing endgame long master,15
ql7rX,r4rk1/1b2qppp/p3p3/2pnPP2/1p1N2P1/5B2/PPPQ3P/2KRR3 b - - 0 18,c5c4 f5f6 g7f6 d2h6 f6e5 e1e5,2533,advantage long middlegame,26
vBJUD,b2rr3/2p3Q1/p2k1n2/5P2/2P1q3/1P1RB3/P5B1/5R1K b - - 0 34,e4d3 c4c5 d6e5 g7g3,2533,master masterVsMaster mate mateIn2 middlegame short,18
CPXcf,rnb1r1kb/4pp1p/2p3p1/p1q3B1/6P1/1BP2N2/2PQ1PP1/2KR3R b - - 2 18,a5a4 b3f7 g8f7 h1h7 h8g7 g5h6,2534,attraction crushing deflection kingsideAttack long middlegame,25
Tfnya,r7/ppp4p/2n3p1/6q1/3k4/1Q1Nr3/P5PP/3R3K b - - 7 30,a8e8 b3a4 d4d5 a4b5 d5e6 b5g5,2536,crushing long middlegame skewer,17
2QWE5,2b2r1k/3nQ1pp/5p2/q2p4/3P3N/1P2P2P/5PP1/2R3K1 b - - 6 28,a5d2 c1c7 d2e1 g1h2 e1f2 c7d7 f8g8 d7d8,2537,advantage middlegame veryLong,19
aUhVY,r1b2B1k/pp2p2P/3p4/8/2Q5/1N6/q5P1/2b1K2R b K - 0 28,a2g2 c4d4 e7e5 d4h4 g2h1 h4h1,2537,crushing long middlegame quietMove,16
gk44N,2r2rk1/pp2bp2/4pPp1/4P3/P1p2Q1P/4B3/1q6/5RK1 b - - 0 28,e7c5 e3c5 g8h7 c5e3 g6g5 h4g5,2537,advantage long middlegame,19
54pBL,r4rk1/6pp/5p2/p3p3/8/1R4QP/3R1PPK/1q6 b - - 1 33,b1c1 b3b7 f8f7 g3b3 a8f8 b7f7,2538,clearance crushing endgame long,16
84rr4,8/8/2k2K1p/2p3p1/2P3P1/8/8/8 b - - 0 51,c6d6 f6f5 d6e7 f5g6 h6h5 g6h5,2538,crushing endgame long pawnEndgame zugzwang,7
eatBr,1r4k1/3q4/p4pnQ/P1p4R/2b5/3P1BP1/2P2K2/8 b - - 0 39,c4f7 f3d5 f7d5 h6g6 d7g7 g6g7 g8g7 h5d5,2538,advantage deflection exposedKing master middlegame veryLong,16
tPGQn,8/5ppb/4p3/1k2PP1N/1p2P1P1/3K4/8/8 b - - 2 38,g7g6 f5e6 f7e6 h5f6 h7g8 f6g8,2538,crushing endgame long trappedPiece,12
96Rku,1k4n1/B1p5/2P1qp1p/7Q/8/4P3/2P2P2/2K5 b - - 0 28,b8a7 h5a5 a7b8 a5b4 b8c8 b4f8 e6e8 f8e8,2539,endgame exposedKing mate mateIn4 veryLong,13
gkKEl,8/5p2/1pk3p1/6P1/P1K5/5P2/8/8 b - - 2 42,c6d6 c4b5 d6c7 b5a6 c7c6 f3f4 c6c7 a6a7,2539,crushing endgame pawnEndgame quietMove veryLong zugzwang,8
k6wtc,8/p4pp1/1p4P1/7P/P1pk1K2/8/8/8 b - - 0 43,f7f6 f4f3 c4c3 f3e2 f6f5 h5h6,2539,crushing endgame long pawnEndgame,10
XJJDb,rkb2R2/1p6/pBpnN2p/6p1/2P2p2/1Pb5/P4PPP/6K1 b - - 1 27,a6a5 e6c5 a8a6 c5d7,2540,advantage middlegame pin short,21
h5xxm,6k1/4qppp/3b4/1R2P3/3Q1N2/8/r1r3PP/5RK1 b - - 0 27,d6c5 b5b8 e7f8 b8f8 g8f8 d4c5 c2c5 f4e6 f8e7 e6c5,2540,advantage attraction master middlegame pin sacrifice veryLong,16
u9V9B,4r1k1/pb5p/1pqp2p1/2p1nn2/2P1N3/3P2P1/PP2QR1P/R5K1 b - - 0 24,e5c4 e4f6 g8g7 f6e8 g7f7 e2e4 c6e4 d3e4,2540,advantage fork middlegame veryLong,23
gV2Pd,4r1k1/1b3pp1/pq5p/1pb3n1/2p3N1/2P1B2P/PPBQ1PP1/4R1K1 b - - 3 24,b7g2 e3g5 e8e1 d2e1,2542,advantage master middlegame short,24
onGPP,8/n7/3k2p1/3p1pp1/PN1K2P1/8/5P2/8 b - - 2 44,a7c6 b4c6 d6c6 f2f3 f5g4 f3g4,2542,crushing endgame knightEndgame long quietMove,11
5mKH9,8/1p3Qp1/p3P2k/8/8/Pqr5/1P1r1p2/1K5R b - - 1 37,h6g5 h1h5 g5g4 f7f5 g4g3 f5h3 g3f4 h5f5 f4e4 h3g4 e4d3 f5f3 d3e2 f3c3,2543,crushing deflection discoveredAttack discoveredCheck endgame skewer veryLong,14
SCwkw,br3rk1/6pp/p3pP1P/4Q3/2P5/1q1P1N2/n3BP2/K2R3R b - - 0 27,g7f6 e5g3 g8f7 f3e5 f7e8 e2h5,2543,advantage kingsideAttack long middlegame,21
miHJ2,2K5/kpR5/2P5/8/p7/8/1r6/8 b - - 0 45,a4a3 c6b7 a7a6 c7c3 a6a5 c3a3,2543,advancedPawn crushing endgame long rookEndgame,7
3vowS,r1b1q1k1/p1p2pp1/1p1p3p/3PrNbN/2P5/1P1Q4/P5PP/R4RK1 b - - 8 21,g7g6 f5h6 g8h7 h6f7 g5e3 d3e3 e5e3 h5f6 h7g7 f6e8,2544,advantage deflection fork middlegame pin sacrifice veryLong,25
9yT7v,r2r2k1/2qPRppp/8/pp6/6P1/2pQ3P/1b3P2/4R1K1 b - - 1 29,g7g6 e7e8 d8e8 e1e8 g8g7 d3d4,2544,crushing long middlegame,19
XOT3a,3r3r/4Qp2/7k/4R3/3p4/2bP2P1/5PK1/3q4 b - - 4 39,d1d3 e7f6 d3g6 e5h5 h6h5 f6h4,2544,attraction endgame exposedKing long mate mateIn3 pin sacrifice,13
ulW5l,rn1r2k1/pp2bppB/4p3/4P3/8/4BRQP/P1P3PK/q7 b - - 0 18,g8f8 f3f7 f8f7 g3g6 f7f8 g6e6 a1e5 e6e5,2544,advantage attraction deflection middlegame sacrifice veryLong,21
0S80C,5rk1/3P1p1p/5Rp1/1p1B4/8/3n1PK1/8/8 b - - 0 49,d3b4 d5f7 g8g7 f7e8 f8f6 d7d8q,2545,advancedPawn crushing endgame long promotion,12
wolxn,3n4/8/1K1k3p/P1p3p1/8/2P5/6PP/8 b - - 0 43,d6d5 a5a6 d8c6 c3c4 d5d6 g2g4,2545,crushing defensiveMove endgame knightEndgame long,10
BaCio,5r2/pp4k1/2r4p/3Q2pR/8/5pP1/Pq3P2/4RK2 b - - 0 30,c6c2 e1e7 g7g6 h5h6 g6h6 d5e6 f8f6 e6h3 h6g6 h3h7,2546,attraction endgame mate mateIn5 sacrifice veryLong,16
Cmici,r1b2rk1/pp2nppp/4p3/2Ppq3/6QP/P2BB3/2PK1PP1/R6R b - - 3 15,c8d7 d3h7 g8h7 e3d4 e5d4 g4d4,2546,advantage kingsideAttack long middlegame sacrifice,25
tnbAW,r4r2/p3q2p/1p5k/2p5/6R1/1P2P3/PQ4P1/3R2K1 b - - 0 29,f8g8 d1d7 e7e3 g1h2,2546,crushing defensiveMove endgame short,16
OGkd1,1b6/8/K1k5/1P6/P7/8/8/8 b - - 0 44,c6c7 a4a5 c7c8 b5b6 b8f4 a6a7 c8d7 a7b7 f4d2 a5a6 d2e3 a6a7,2547,advancedPawn bishopEndgame crushing endgame quietMove veryLong zugzwang,5
ihaP1,3rR1k1/pp1r1pp1/8/8/Q7/P7/1q1p1PPP/3R1K2 b - - 1 30,g8h7 e8d8 d7d8 a4h4 h7g6 h4d8,2547,attraction crushing endgame fork long,17
kdshH,r3kbQ1/pp1q1p2/n1p1p1p1/3P4/2B3n1/2N1P2r/PP1B1P1P/2KR3R b q - 0 17,c6d5 c4b5 d7c6 b5c6 b7c6 c3e4 d5e4 d2c3,2547,clearance crushing defensiveMove middlegame pin quietMove veryLong,26
mrAVU,8/5pk1/4p1p1/4P3/2pP3P/2P2K2/8/8 b - - 0 52,g7h7 f3e4 h7g7 d4d5,2547,crushing endgame pawnEndgame short,10
7lrNs,2r2r2/4Qpkp/p2p1np1/3P4/8/5N1P/1qPR1PP1/3R2K1 b - - 0 24,c8c2 f3d4 f8e8 d2c2 b2c2 e7f6 g7f6 d4c2,2548,advantage intermezzo master middlegame veryLong,20
WooXI,r6r/1p2k2p/pq2p1p1/2pBQ3/4P3/7P/PPP2PP1/2K4R b - - 0 20,a8d8 e5g7 e7d6 d5b7 b6b7 g7b7,2548,crushing endgame long,21
hCrZz,5r2/ppp3k1/2np4/3n3p/6bN/1P1P2QB/P1P2r2/2K1R3 b - - 5 24,f8f3 h4f3 f2f3 g3h4 f3h3 h4g5,2548,crushing long middlegame,20
D4gXq,5rk1/R4p1p/KP4p1/3qb3/1P6/7P/4B3/5Q2 b - - 3 39,f8a8 f1f7 d5f7 a7a8 g8g7 a8a7 g7f6 a7f7,2550,crushing deflection endgame pin sacrifice veryLong,14
fqQlR,2R5/8/1pPk2pr/2np1p2/5P2/6P1/2R3KP/1r6 b - - 3 45,c5e4 c8d8 d6c7 d8d7 c7c8 c2a2 b1b2 a2b2,2550,advantage endgame quietMove veryLong,15
jOWYS,8/8/5p2/4p1p1/3k2P1/3P1P2/4K3/8 b - - 5 55,d4c3 e2e3 c3c2 e3e4 c2d2 e4f5 d2d3 f5f6 d3d4 f6f5,2550,crushing endgame pawnEndgame veryLong,8
wU7Op,6k1/ppp3p1/2n3qp/3p3r/3P1Q2/B1P4P/P1P3P1/4R1K1 b - - 3 25,h5h3 f4f8 g8h7 e1e8 g6g4 f8g8 h7g6 g8e6 g4e6 e8e6 g6f7 e6c6 b7c6 g2h3,2550,advantage endgame quietMove veryLong,20
W573Y,2r3k1/1p3p1p/1q2p1pB/p2nP1P1/4N2b/P4Q1P/1Pr5/R2R3K b - - 0 28,d5e3 f3f7 g8f7 d1d7 f7g8 e4f6 g8h8 d7h7,2551,arabianMate attraction kingsideAttack mate mateIn4 middlegame sacrifice veryLong,23
7FpkP,4R3/2k5/3r4/6Kp/5P2/8/8/8 b - - 2 72,d6d5 f4f5 h5h4 e8h8,2552,crushing defensiveMove endgame rookEndgame short,6
BnVDI,8/8/3kpppp/1p5P/1P1PKPP1/8/8/8 b - - 0 47,g6g5 f4f5 d6e7 f5e6 e7e6 d4d5 e6d6 e4d4,2552,attraction crushing defensiveMove endgame pawnEndgame veryLong,12
HVqOp,8/6p1/1np1Bp2/1pk4p/1r1q4/Q5R1/PP4P1/7K b - - 3 48,b6c4 a3a7 c4b6 a7e7 d4d6 g3c3 b4c4 b2b4 c5b4 e7d6,2552,attraction crushing deflection endgame pin veryLong,16
5GoIS,k1q2r2/p5Q1/1P2b3/B3Pp2/P2Pp1p1/b3P1Pp/5K1P/4R3 b - - 0 39,c8c2 e1e2 f8f7 b6b7 a8b7 g7f7 e6f7 e2c2,2553,advancedPawn advantage attraction defensiveMove middlegame veryLong,21
Cmsi4,4B3/7k/2pKP1p1/2P5/8/8/2r5/8 b - - 3 51,h7g7 e8c6 g7f6 c6d5 c2h2 c5c6,2553,crushing endgame long quietMove,8
pZO8u,rq3r2/2PR1Bkp/p3Q1p1/1p2np2/5b2/6P1/PP3P1P/R5K1 b - - 0 26,b8b7 e6e5 f4e5 f7d5 g7f6 d5b7,2553,advantage clearance discoveredAttack discoveredCheck long middlegame sacrifice,22
t2xWP,3r1rk1/2qnbp2/p1p2n1Q/1p2pP2/3P2P1/2NB3P/PPP5/3R1RK1 b - - 0 19,f6h7 f5f6 d7f6 g4g5 e5e4 g5f6,2553,crushing long middlegame,25
IVUUV,r1bk4/ppp2R2/6B1/3Pp3/3nN3/2QPK1P1/P6q/8 b - - 1 27,h2g1 e3d2 g1h2 e4f2,2554,crushing defensiveMove middlegame short,18
iRgT1,8/8/8/1p6/5p1p/PP3PkP/4K1P1/3rN3 b - - 3 49,d1e1 e2e1 g3g2 a3a4 g2f3 e1f1,2555,crushing defensiveMove endgame long,12
spjUv,8/7p/6p1/2p2p2/P2k1P2/2p4P/2P3P1/2K5 b - - 1 44,d4d5 c1d1 d5c4 d1e2 c4b4 e2d3 b4a4 d3c4,2555,crushing endgame pawnEndgame veryLong,12
xoUK9,7k/3PQ1p1/5p1p/8/8/5KPP/2q5/8 b - - 6 45,c2c6 f3g4 c6c4 g4h5 h8h7 d7d8q c4b5 h5g4,2555,advancedPawn crushing defensiveMove endgame promotion queenEndgame veryLong,10
U0BB6,3r2k1/5p1p/1r2P1p1/p2p1P2/2qP4/2p5/P4Q1P/3R1RK1 b - - 0 33,g6f5 f2f5 b6e6 f5f7 g8h8 f7e6,2556,crushing endgame fork long,19
cooTd,r1b3k1/1p2b3/pq2p3/3pP2Q/P1p2PPn/2N5/1PP2R2/R4K2 b - - 3 28,c8d7 g4g5 d7e8 h5h4 b6b2 a1b1,2556,crushing interference long middlegame quietMove,22
5eKe2,8/p3kpQ1/bpq1pn2/6N1/5P2/7R/PP4PK/2r5 b - - 0 30,a6b7 g7f7 e7d6 h3d3 d6c5 g5e6,2558,advantage deflection long middlegame,17
E4Ygu,r4rk1/pp4bp/1qp1b1p1/3pn3/5BP1/1BN4Q/PP3P2/1K1R3R b - - 1 20,e5g4 h3h7 g8f7 b3c2 e6f5 c2f5,2558,crushing kingsideAttack long middlegame,24
Ts5DR,8/8/8/p1p5/1k2KP2/8/P7/8 b - - 0 42,c5c4 e4d4 c4c3 d4d3,2558,crushing endgame pawnEndgame short,6
WygGm,5qk1/p1p2rpp/1p2Q3/3r4/3P3P/1P4R1/b1P2P2/2K3R1 b - - 0 26,d5d6 g3g7 f8g7 e6c8 f7f8 g1g7 g8g7 c8c7 g7g8 c7d6,2558,attraction crushing fork middlegame pin sacrifice veryLong,19
F5sKx,2kr4/1p3RQ1/p1nPp2p/1qP5/4r3/1P6/P5PP/2R3K1 b - - 0 25,h6h5 f7f4 e4e1 c1e1,2560,advantage middlegame short,19
Sn1A4,rr3k2/2R1b1p1/3p1p1B/3Pp3/4q3/6P1/3Q1P1P/2R3K1 b - - 0 27,g7h6 d2h6 f8f7 h6h5 e4g6 c7e7,2560,crushing exposedKing long middlegame,18
tlw57,5r2/1k1R2pp/1p6/p1p1q3/Q3p3/P3P3/5rPP/2R3K1 b - - 3 30,b7a6 c1b1 f2b2 b1b2 e5b2 a4c4 b2b5 d7a7 a6a7 c4b5,2560,crushing deflection endgame veryLong,18
yPl3f,8/1p4k1/p1p1p1p1/2PpP3/1P3PK1/2P1P3/8/8 b - - 0 43,g7h6 g4h4 h6h7 f4f5 g6f5 h4h5 h7g7 h5g5,2560,crushing endgame pawnEndgame veryLong zugzwang,14
G6n9J,2kr3r/1ppq1bpp/p4p2/8/3N4/1PR1P1QP/1n1P1PP1/5RK1 b - - 1 24,f7g6 f1c1 c8b8 c3c7 d7d6 c7c8 b8a7 g3d6 d8d6 c8h8,2561,advantage middlegame quietMove veryLong,23
N7Ng7,2kr4/1b1nbpp1/p3p3/2p3P1/1Pn1P3/5P2/qPQBN3/1N1RK2B b - - 0 23,c5b4 e2c1 a2b2 c2c4,2561,advantage middlegame short,24
RjUFT,r1b3k1/1p2n1pp/pb2Pq2/8/2Q5/2P3P1/4RP1P/3R2K1 b - - 6 26,e7c6 d1d8 c6d8 e6e7 d8e6 e7e8q,2561,advancedPawn advantage discoveredAttack discoveredCheck long middlegame promotion sacrifice,19
bjDz8,8/8/pK1pkp2/P7/4P3/8/8/8 b - - 10 53,e6e5 b6a6 d6d5 a6b5 d5d4 b5c4 d4d3 c4d3,2561,crushing endgame pawnEndgame veryLong,7
fMjrb,5r2/4R1k1/5pp1/6Pp/7K/5P2/6P1/8 b - - 1 47,f8f7 g5f6 g7f6 e7f7 f6f7 h4g5 f7g7 f3f4 g7h7 f4f5 g6f5 g5h5 h7g7 h5g5,2561,attraction crushing deflection endgame pin quietMove rookEndgame veryLong zugzwang,10
3rlRy,2k3rr/1pp5/p3p3/2Q1p1p1/1P2Pq2/3P1PpP/1PP3P1/R4R1K b - - 0 25,h8h3 g2h3 b7b6 c5g1,2562,crushing endgame hangingPiece master short,23
L1vit,rnb3nr/p2p1k1p/2p2pq1/6B1/2pP3P/P1P5/2P1QPP1/4RK1R b - - 3 16,b8a6 h4h5 g6g5 e2e8,2562,crushing middlegame sacrifice short,25
Z0Myc,2B5/1Rp1r3/P4k2/2P3pp/4pp2/2n4P/3K2P1/8 b - - 2 41,e4e3 d2c3 e3e2 b7b1 e2e1q b1e1 e7e1 c3b2,2562,advantage defensiveMove endgame hangingPiece quietMove veryLong,15
cJi7B,6k1/ppr2ppp/1b6/3Q1pB1/5P2/P1PP3P/1q4P1/4R2K b - - 0 25,c7c8 g5d8 b2c1 e1c1,2562,crushing endgame short,20
n8vu1,r1b1k2r/ppp2ppp/2nb4/4p1N1/2B5/1P6/P1PP1PPP/q1BQ1RK1 b kq - 3 10,e8g8 d1h5 c8f5 c4f7 g8h8 g5h7,2562,crushing kingsideAttack long opening,27
yPQjT,2kr2r1/1p1b1p2/P1pp1q2/3Pp2p/P1P2npn/8/1B1QBPPP/R3RNK1 b - - 0 22,b7a6 d2a5 h4f3 g1h1,2562,crushing defensiveMove middlegame short,28
7bvgA,3r2k1/5p2/2p2P1p/p1P3p1/1p5q/1P1r4/P3Q1PP/2R2R1K b - - 5 32,g8f8 c1c4 d3d4 g2g3 h4e4 e2e4 d4e4 c4e4,2563,crushing endgame veryLong xRayAttack,20
RdjcJ,8/P2P1k2/8/6p1/6Pr/1p4K1/r6P/R7 b - - 0 40,b3b2 a1a2 b2b1q a7a8q b1b3 a8f3,2563,advancedPawn crushing endgame hangingPiece long promotion rookEndgame,11
tf6TP,R7/5ppk/6p1/8/3bN3/8/1r3PPP/5K2 b - - 7 28,f7f5 e4g5 h7h6 g5f7 h6h5 a8h8 h5g4 h2h3 g4f4 h8h4,2563,endgame master mate mateIn5 veryLong,12
jiAfS,r2qrk2/ppp4R/6p1/2P2b2/6n1/1Q3N2/PP2NbP1/R1B2K2 b - - 1 18,f5e6 c1h6 g4h6 b3c3,2564,advantage defensiveMove middlegame sacrifice short,22
v2oSm,2R2r2/3P3k/4p2p/4P3/5P2/4K3/7P/1r6 b - - 1 36,b1b8 c8f8 b8f8 f4f5 f8f5 d7d8q,2564,advancedPawn crushing deflection endgame long promotion rookEndgame,11
RBgxL,3r1rk1/1b2bp1p/pq2pp2/np6/6N1/2N4P/PPB1QPP1/3RR1K1 b - - 1 18,a5c4 g4h6 g8g7 e2g4 g7h8 g4h5,2565,crushing kingsideAttack long middlegame,25
itrjT,8/8/p2k2pp/P1p1p3/3pK2P/1P4P1/2P2P2/8 b - - 0 31,d6e6 g3g4 e6d6 h4h5 g6h5 g4h5 d6e6 f2f3 e6f6 e4d5 f6f5 d5c5,2565,crushing endgame pawnEndgame quietMove veryLong zugzwang,14
G0CzM,r3kb1r/pp1b1ppp/5n2/1B2n3/5P2/2N1B3/PP4PP/3RK1NR b Kkq - 0 11,d7b5 c3b5 f8b4 e1e2 e5c4 b5c7,2566,crushing long middlegame,24
IJla0,8/n2k1p2/4p1pp/1pK1P3/3N4/8/5PPP/8 b - - 7 39,d7e7 c5b6 a7c8 b6c7,2566,crushing defensiveMove endgame knightEndgame short,13
WDl4a,rn2kb1r/pp2pppp/8/3N1bq1/6n1/4B3/PPP2QPP/2KR1B1R b kq - 0 14,b8d7 f2g3 g5g6 d5c7,2566,advantage opening short,26
OGmQI,8/3r2k1/2p1q3/2PBrp2/3Rp1p1/6Pp/1Q3P1P/3R2K1 b - - 0 43,d7d5 d4d5 c6d5 c5c6 e4e3 c6c7,2567,advancedPawn advantage endgame long,18
0OdHS,r4rk1/2p1R1p1/p2q3p/1b6/3P2Q1/3P1P2/PP4P1/4R1K1 b - - 8 31,g7g5 g4e4 d6e7 e4e7 a8e8 e7b4 e8e1 b4e1,2568,advantage middlegame veryLong,19
fC3vz,8/1p4rk/p5pp/3pPp2/3P1Q2/2P5/2q4R/6K1 b - - 9 46,c2c3 f4h6 h7g8 h6h8 g8f7 e5e6 f7e6 h2e2,2568,advantage attraction endgame veryLong,15
l63NT,8/5p2/p2p2p1/k3P1P1/3Pp3/4P3/1PK5/8 b - - 0 45,d6e5 d4d5 a5b6 b2b4,2568,crushing defensiveMove endgame pawnEndgame quietMove short,12
xOnht,1br2rk1/p4p2/1p2pp2/3b4/1P3Pq1/P3PNPp/4B2P/2R1QRK1 b - - 0 24,g8g7 c1c8 f8c8 f3h4 g4f5 h4f5,2568,crushing long middlegame quietMove trappedPiece,24
3OJY4,8/5R2/p4P2/3p4/1p2k3/2r5/4K3/8 b - - 0 50,c3f3 f7e7 e4f4 e7e8 f4g4 e8g8,2569,crushing endgame long quietMove rookEndgame,8
3VtHM,1R4R1/2pkr3/8/p2P1pK1/2Pr2b1/5pP1/8/8 b - - 5 35,c7c6 b8b7 d7d6 g8g6 e7e6 g6e6 d6c5 e6c6,2569,endgame mate mateIn4 veryLong,14
ECsdW,r4k1r/pp3qpp/5b2/1npPp1B1/8/2PP3Q/PP4PP/R4RK1 b - - 4 18,f8e7 f1f6 g7f6 a1f1,2569,advantage clearance middlegame sacrifice short,24
Pqtxk,1r2r1k1/q5pp/5p2/3p1N1P/5PP1/P7/3Q4/KR1R4 b - - 2 36,b8b1 a1b1 a7a3 d2d5 g8h8 d5b7,2569,advantage endgame long,17
c56nq,8/4p1k1/1b1p1pp1/3P3p/3qPN1P/5KP1/2Q2P2/8 b - - 9 44,g7f7 f4e6 d4a1 c2c8 a1h1 f3f4,2569,crushing endgame long master quietMove,16
ztK5I,r1bq1b1r/2pp1Qpp/p1nk1n2/1p2N1B1/3PP3/8/PPP2PPP/RN2K2R b KQ - 6 12,d8e7 e5c4 b5c4 g5f4,2569,crushing middlegame sacrifice short,29
03q1Y,r1b1kb1r/pp1ppppp/1qn2n2/8/3P1B2/5N2/PPPN1PPP/R2QKB1R b KQkq - 6 6,b6b2 d2c4 b2b4 c2c3 b4c3 f4d2,2570,advantage defensiveMove long opening,30
4AMBi,r1bq1k2/pp1p1p1p/n1p5/6r1/P3PQ2/1PPB4/2P2P2/4K1NR b K - 1 19,b7b5 h1h7 d8e7 g1f3 g5g8 f3e5,2570,crushing long middlegame,23
Jv9iD,2r1r1k1/pq2bppp/2n5/1ppNP2Q/3pNP2/1P1P2Pb/PB5P/R5RK b - - 7 20,b7d7 d5e7 c6e7 g3g4,2570,advantage defensiveMove kingsideAttack middlegame short,28
NCKTi,r1b1k2r/1pq1bppp/p3pn2/6N1/4N2P/3B1Q2/PPPB4/2KR4 b kq - 5 17,h7h6 g5f7 e8f7 e4f6 e7f6 f3h5 f7e7 d2b4,2570,advantage attackingF2F7 middlegame sacrifice veryLong,24
QG1dU,8/4r2k/6pp/p1q2p2/2pR1P1Q/2P1r1PK/P7/3R4 b - - 2 41,e3c3 d4d7 c3e3 d1d6 c5d6 d7d6,2570,advantage clearance endgame long,17
7p9GR,5r1k/1p4pp/p2P4/4Qb2/5p1P/1Br1q3/PR4P1/K2R4 b - - 5 31,c3b3 e5f5 f8f5 d6d7 h7h5 d7d8q,2571,advancedPawn advantage long middlegame promotion sacrifice,19
VmQXm,4rk2/ppq2p1R/2p5/2Q2P2/1n6/3B1P2/P5KP/4r3 b - - 2 30,c7e7 f5f6 e1g1 c5g1 e7f6 g1c5,2571,advantage long middlegame pin,17
3ZFPp,8/8/6p1/8/2PP2k1/rn2K3/pB4P1/5R2 b - - 4 50,a2a1q f1a1 a3a1 b2a1 b3a1 e3e4,2572,crushing defensiveMove endgame long,11
RpAEH,8/p7/5kpp/2p2p2/2P2PPP/P4K2/8/8 b - - 0 39,g6g5 h4g5 h6g5 g4f5 f6f5 f4g5 f5g5 f3e4 g5f6 e4d5,2572,crushing endgame pawnEndgame veryLong,12
i0ztZ,2r2rkb/1p1b4/p3p2p/P2p2pN/1Pq2p2/2P4P/1B1QRPP1/4R1K1 b - - 1 25,h8c3 d2c2 f8f5 e2e6 c3e1 c2f5 e1f2 g1f2 c4c2 f5c2 c8c2 e6e2 c2e2 f2e2,2572,advantage capturingDefender middlegame veryLong,25
nlTSE,2k4r/p3qp2/1p2pp2/5r1p/2PPQ3/2P3P1/2K4P/3RR3 b - - 1 29,e7a3 d1a1 f5f2 c2d3,2572,advantage defensiveMove endgame master short,19
A3u4c,8/4rp2/5Np1/pp1Pk1Pp/2nR4/2P2PK1/P7/8 b - - 1 40,c4d6 f3f4 e5f5 f6g8 e7e3 g3f2 e3e4 f2f3 e4f4 d4f4,2573,advantage endgame master superGM veryLong,16
gVQQL,2K5/8/1P6/4k3/3n4/8/1P6/8 b - - 0 64,e5d5 b6b7 d4c6 b2b4 c6b4 b7b8q,2573,advancedPawn crushing deflection endgame knightEndgame long promotion quietMove,5
Plm3e,7R/1pk1Qp2/p7/5P2/2pr4/3P4/PP3q2/3K4 b - - 3 31,c7b6 h8h6 b6a5 e7c5 a5a4 b2b3 c4b3 a2b3 a4b3 h6b6 b3a4 b6b4 d4b4 c5f2,2574,attraction crushing endgame veryLong,14
p10Re,1r2k3/n1p1p3/pq1p1b2/5p2/2pP4/4B3/PPQ5/2K3RR b - - 5 26,a7c6 g1g8 e8d7 g8b8,2574,crushing middlegame short,19
yBvc7,bk5r/pB1Q1p2/P3p3/6q1/1pp2P2/4K1P1/1P6/R4R1r b - - 0 31,g5g3 f1f3 h1e1 e3d4 g3g7 d4c4,2574,advantage defensiveMove long middlegame,19
0RFa7,r4rk1/2qb2pp/3pp3/2p1n1P1/3nPN1Q/1PBP3P/5RB1/R5K1 b - - 0 24,d4b3 a1a8 f8a8 g5g6 h7g6 c3e5,2575,crushing long middlegame,24
NLPQ9,r5k1/5pp1/7p/pq6/4n3/5QP1/1Pr2P1P/1R3RK1 b - - 1 25,e4d2 f3a8 g8h7 f1c1 c2b2 b1b2,2575,advantage hangingPiece long middlegame,17
OUJlm,8/3k4/2p2p2/ppP4p/P1p1PP1P/2K5/8/8 b - - 2 38,d7e7 a4b5 c6b5 f4f5 e7d7 e4e5,2575,crushing endgame long pawnEndgame quietMove,13
cg4DK,6k1/5p1n/b2rp2Q/p7/q1pP1B2/3p3P/1P3PP1/4R1K1 b - - 4 31,d6d5 e1e3 h7f8 e3g3 f8g6 g3g6 f7g6 h6g6,2575,advantage middlegame veryLong,19
DaQDz,8/8/b4p1p/P1p2Pp1/5kP1/2K5/8/3B4 b - - 5 48,h6h5 g4h5 f4f5 d1g4 f5g4 h5h6,2576,bishopEndgame crushing endgame long sacrifice,11
OqFX0,3r1r1k/5pp1/1P1bqn1p/p2p4/B1p2R2/2P3BP/1P3QP1/4R2K b - - 2 32,e6c8 f4f6 d6g3 f2g3 g7f6 g3f4,2576,crushing long middlegame sacrifice,23
X5IuQ,8/1p6/p7/1PPpk2p/P4pp1/8/5K1P/8 b - - 1 42,f4f3 b5b6 d5d4 c5c6 b7c6 b6b7,2576,advancedPawn crushing endgame long pawnEndgame,12
i3pVH,3r4/3r1p1k/2p1pPp1/ppP4P/2qP1Q2/P4R2/1P5P/3R2K1 b - - 0 34,d7d4 h5g6 h7g8 d1d4 c4d4 f4d4 d8d4 g6g7,2576,advancedPawn crushing endgame intermezzo veryLong,21
4lN9Y,r2q1r2/p1k1b1pp/2p1R1n1/1p1n4/3p2Q1/1B6/PPPB1PPP/R5K1 b - - 1 18,g6f4 b3d5 f4d5 d2a5 d5b6 g4g7,2577,crushing long middlegame,25
esm5m,r6r/pQ6/1p1bpqp1/5k2/2nP4/2P2P1N/PP5P/R1B3K1 b - - 2 24,e6e5 c1g5 f6g5 h3g5,2577,advantage middlegame short,21
kejmw,2R5/p4p2/kp2p3/4P3/8/Q4rPK/PP6/4q3 b - - 1 45,a6b7 a3f3 b7c8 f3c3 e1c3 b2c3,2577,crushing endgame long,14
y713O,6k1/1p6/5P2/3rq1p1/P1Bp2R1/7P/6R1/7K b - - 3 45,e5e1 g2g1 e1e6 g4g5 g8f8 g5g8,2577,crushing defensiveMove endgame exposedKing long pin,13
JJdWW,4Rrk1/2N2p2/1p1p1q2/p4rp1/P1Pp2Qp/3n3P/5PPK/5R2 b - - 1 34,d3f2 f1f2 f5f2 e8f8 g8f8 g4c8 f8g7 c7e8 g7g6 e8f6,2578,advantage attraction fork middlegame sacrifice veryLong,22
QEL2r,r4rk1/2pbqpp1/p1n1p2p/1p1p2N1/5Q1P/2PB4/PPP2PP1/2KR3R b - - 1 14,h6g5 h4g5 f7f5 g5g6 f8e8 h1h8 g8h8 f4h2 e7h4 h2h4,2578,attraction crushing kingsideAttack middlegame sacrifice veryLong,27
ss5TF,rnb2kr1/1p1pnp1Q/1qp1pBp1/p3P2p/8/3B1N2/P4bPP/1N3K1R b - - 1 17,f2c5 f3g5 f8e8 h7f7 e8d8 f7g8 d8c7 g5f7 b8a6 g8d8 c7b8 d8b6,2578,advantage attackingF2F7 deflection middlegame pin quietMove veryLong,27
xIxCn,8/3r4/3q3p/4k1p1/2P2p2/1Q2p2P/5PP1/5BK1 b - - 17 53,e5e6 c4c5 d6d5 f1c4 e3e2 b3c3 e6e7 c4d5,2578,clearance crushing discoveredAttack discoveredCheck endgame pin quietMove veryLong,14
1LwCH,3r4/5p1k/1n2pPp1/2p1P1Pp/1pPp1B1P/1P1K4/2P5/R7 b - - 0 39,d8a8 a1a8 b6a8 f4d2 h7g8 d2b4 c5b4 d3d4 g8f8 d4c5 f8e8 c5b4,2579,crushing deflection endgame veryLong,20
1vwE9,r7/8/4k3/2p1p1P1/2P1Kp1P/pP6/R7/8 b - - 0 47,e6f7 e4e5 f4f3 e5e4,2579,crushing endgame rookEndgame short,12
IDsqy,r5k1/p6p/1p1Nb3/4Qp2/8/Pq6/1P1K1R2/8 b - - 1 38,e6f7 d6f7 b3f7 f2g2,2579,crushing endgame master masterVsMaster short,14
ZI3c8,8/p6p/4qB1k/2p1P1p1/4b1B1/2P4P/PP3R1P/6K1 b - - 3 38,e6a2 f6e7 a2b1 f2f1,2579,crushing endgame short,17
ExfXh,8/1p6/p2r4/3kp3/4p3/1P2K3/1PP5/5R2 b - - 1 29,b7b5 f1d1 d5c6 d1d6 c6d6 b3b4,2580,endgame master masterVsMaster,11
PORSo,6k1/p6p/1p6/2pP1R2/2P2p2/7r/PP1K4/8 b - - 1 40,f4f3 d5d6 h3h2 d2c3 h2h6 d6d7 h6d6 f5d5 d6d7 d5d7,2581,advancedPawn crushing defensiveMove endgame rookEndgame veryLong,13
eY8aQ,r2q1r1k/pp3ppp/2p5/3bN2P/3bpB2/6Q1/PP3PRP/6RK b - - 1 23,f8g8 h5h6 g7g6 e5f7 d5f7 f4e5,2581,advantage clearance kingsideAttack long master middlegame sacrifice,24
rqXvZ,5r1k/p1pr2pp/2p1Q3/2b3B1/3q4/P2P2P1/1P5P/2KR1R2 b - - 2 19,c5a3 f1f8 a3f8 d1f1 d7d8 g5d8,2584,advantage clearance long middlegame,20
3SNXA,r1bq1r2/1p1p2pk/p1n1pp2/1N1nP1N1/3P3P/2P5/5PP1/R2QK2R b KQ - 1 14,f6g5 h4g5 h7g8 h1h8 g8h8 d1h5 h8g8 g5g6,2585,attraction crushing discoveredAttack discoveredCheck middlegame sacrifice veryLong,25
qD1o8,8/3r4/2rPk1p1/3R1p1p/4PP2/3R1KP1/8/8 b - - 0 53,c6d6 d5d6 d7d6 d3d6 e6d6 e4e5 d6d5 f3g2,2585,attraction crushing defensiveMove endgame rookEndgame veryLong,13
rg2qO,8/8/6p1/7p/6P1/5K2/5P2/1k6 b - - 0 51,b1c2 g4h5 g6h5 f3e4 h5h4 f2f4 h4h3 e4f3 h3h2 f3g2 h2h1r g2h1,2585,crushing endgame pawnEndgame quietMove veryLong,6
UnV7F,8/3r2p1/5bRP/2k3P1/p3K3/8/8/8 b - - 0 50,f6e7 h6g7 d7d4 e4e3 d4d8 g7g8q d8g8 g6g8,2586,advancedPawn crushing endgame promotion veryLong,9
uuEOV,r6r/1p1k4/p1n1b2p/2Pp1B2/7R/2P1R3/PPQ2Pq1/1K6 b - - 0 26,e6f5 c2f5 d7c7 f5f4 c7c8 h4g4 g2f1 b1c2,2586,advantage exposedKing middlegame veryLong,20
Q6Vg6,2r5/5kp1/1Qp1q1rp/1p1pP3/4bP1B/8/5RPP/2R3K1 b - - 1 29,e6g4 f4f5 e4f5 f2f5 g4f5 c1f1,2587,advantage long middlegame pin sacrifice,19
TDZcz,8/4n3/3K4/6pk/1P6/P6P/8/8 b - - 3 57,e7f5 d6c5 h5h4 b4b5 h4h3 b5b6 g5g4 b6b7 g4g3 b7b8q,2587,advancedPawn crushing defensiveMove endgame knightEndgame master promotion quietMove veryLong,7
gy5OA,8/8/4p3/2NpPk2/3P4/5K2/8/1b6 b - - 15 55,b1e4 c5e4 d5e4 f3e3 f5g6 e3e4 g6f7 e4d3,2587,crushing defensiveMove endgame veryLong zugzwang,8
fOVFm,rn1qk1nr/pbpp1pp1/1p2p2p/4N3/2B5/P1P5/1PP2PPP/R1BQR1K1 b kq - 3 9,d7d6 c4e6 d6e5 e6f7 e8f7 d1d8,2588,attackingF2F7 crushing deflection long opening,29
uWgP5,8/8/8/8/4p3/4kp2/7r/3R2K1 b - - 3 69,e3f4 g1h2 e4e3 d1d4 f4e5 d4d8,2588,crushing defensiveMove endgame hangingPiece long rookEndgame,6
0gWNO,7k/8/Bp1P4/p7/2P5/P5p1/r7/6K1 b - - 0 45,a2a3 a6b7 a3a1 g1g2 h8g7 d6d7 a1d1 b7d5 g7f6 d7d8q,2589,advancedPawn crushing endgame promotion quietMove veryLong,10
emRvw,5k2/5p1N/1b2p3/p2pP1P1/1q1P4/1P2Q3/2r5/3R2K1 b - - 0 38,f8g8 h7f6 g8f8 g5g6,2589,crushing endgame short,16
4zoQl,rn1q1rk1/pbp2ppp/1p2pn1B/8/2PP4/3BP3/P2N1P1P/R2QK1R1 b Q - 3 12,f6e8 g1g7 e8g7 d1g4 d8f6 h6g5 f6g6 d3g6,2590,advantage kingsideAttack opening sacrifice trappedPiece veryLong,27
Jbmwc,r7/1pp1Rrk1/p2p3p/5p1P/q4Pp1/2PQ4/1P4P1/1K2R3 b - - 7 26,a4f4 e7f7 g7f7 e1f1 f4f1 d3f1,2590,advantage endgame long master,20
yyhtm,1k6/4Qp2/1pPn2p1/2qB3p/4p2P/6P1/5PK1/8 b - - 9 50,c5d5 c6c7 b8b7 e7d7 e4e3 g2h2,2591,advancedPawn crushing defensiveMove endgame long master,15
e5Frg,2Rrk1r1/1pR2q2/4b3/1P1pP2p/1n1P4/5N2/5PPQ/5K2 b - - 6 31,f7g6 h2h4 g6g2 f1e2 g8g5 c8d8,2592,crushing long middlegame,19
tJBKm,1k1r4/ppp2ppp/1n3n2/7q/8/1Q4B1/P4PBP/1R4K1 b - - 1 21,h5f5 g3c7 b8c7 b3g3 d8d6 b1c1 c7d7 g2h3 f5h3 g3h3,2594,attraction crushing middlegame pin sacrifice veryLong,19
5D3vs,8/p3r3/2p2pp1/1k6/4RPP1/PP2K3/8/8 b - - 8 42,e7e4 e3e4 b5c5 g4g5 f6g5 f4g5 c5d6 b3b4 d6e6 a3a4 e6d6 e4d4,2595,crushing defensiveMove endgame quietMove veryLong zugzwang,12
SnETh,3r1rk1/1pp2ppp/p3pq2/5b2/Q3p3/2P1PP2/PP2B1PP/3R1RK1 b - - 0 18,d8d6 f3e4 f6h4 f1f4 f5g4 f4g4,2596,advantage long middlegame,25
MEsVP,r1r3k1/p3bppp/5n2/3p4/Q7/P3B3/1q2NPPP/R3R1K1 b - - 1 20,c8c2 e3d4 c2c4 d4b2 c4a4 e2c3 a4e4 c3e4,2597,advantage middlegame veryLong,21
PfIGq,r2q1r2/1pp1n1pk/2np1p1P/p1b1p1B1/2B1P3/P1NP4/1PP2P2/R2QK2R b KQ - 0 16,f6g5 h6g7 h7g7 d1h5 c5f2 e1d2 f2h4 h1h4,2597,advancedPawn crushing discoveredAttack discoveredCheck middlegame veryLong,28
nsTnS,2kr1b1r/Qp1bqpp1/4pn1p/3pN3/2p2B2/PP6/B1nN1PPP/R3R1K1 b - - 0 16,e7c5 a7a8 c8c7 e5c4 f8d6 f4d6,2597,advantage discoveredAttack discoveredCheck long middlegame queensideAttack,28
FIIjL,2r1rb2/pp3Q1k/1q2p2n/3pP1p1/3p4/1N5R/PPP2PP1/5RK1 b - - 0 25,f8g7 h3h6 h7h6 g2g4 g7e5 g1g2,2598,crushing defensiveMove long middlegame pin quietMove sacrifice,23
bwZ9O,2b5/8/p3k1p1/2KP2B1/2p4P/P7/8/8 b - - 0 44,e6e5 c5c6 c4c3 c6c7 e5d5 c7c8,2598,bishopEndgame crushing endgame long,10
o5lAH,2k1r3/1p2P1R1/2p2P1p/3p4/7Q/1KP5/PP2q3/3n4 b - - 2 42,e2b5 h4b4 b5e2 b4g4 e2g4 g7g4,2598,advantage defensiveMove endgame long,16
xulY7,6k1/5p2/p3pPp1/1pb1P1P1/4R3/3r4/1qr1N1Q1/5R1K b - - 0 40,d3d2 e4h4 b2a3 g2h2 a3f3 f1f3 d2d1 e2g1 c2h2 h1h2,2598,crushing middlegame quietMove veryLong,18
O1nwj,8/8/3p4/p1pKb1B1/4P3/1P3k2/8/8 b - - 1 47,f3g4 g5d2 c5c4 d5c4 g4f3 c4d5 a5a4 b3a4,2599,bishopEndgame crushing endgame veryLong,9
2ZzSe,2kr3r/pp3ppp/2n2n2/1q2p3/8/BPR2Q1P/P2P1PP1/2R3K1 b - - 2 15,d8d2 c3c5 b5d3 c5c6 b7c6 f3c6,2600,advantage long middlegame queensideAttack,23
6uBmt,r5k1/1q1p1pbN/p3n3/1p1p3Q/8/P5RP/1P3PP1/6K1 b - - 7 32,e6f4 h7f6 g8f8 h5e5 f4g6 e5d6,2600,crushing long middlegame pin,19
EgxOz,2r3k1/1b2bpp1/pq2p2p/1p2P3/4N3/1P1QnP2/PB4PP/1B3R1K b - - 4 21,c8d8 e4f6 g8f8 d3h7 e7c5 b1g6 f8e7 h7g7,2600,clearance crushing kingsideAttack middlegame pin veryLong,24
1S102,8/k5p1/Pp2pp1p/1K6/3P2PP/6P1/8/8 b - - 0 42,g7g5 h4h5 f6f5 d4d5 f5f4 g3f4 g5f4 b5c4 f4f3 c4d3 f3f2 d3e2,2601,crushing endgame master pawnEndgame quietMove veryLong zugzwang,12
9afrC,8/8/5Q1k/6p1/7p/1P6/P3K3/7q b - - 1 48,h6h5 f6f3 h1f3 e2f3 g5g4 f3f4 g4g3 f4f3,2601,crushing endgame queenEndgame veryLong,8
HaTG2,8/8/p2k2pp/1p2p3/4K3/1P4PP/P1P5/8 b - - 1 39,d6e6 c2c4 b5c4 b3c4 g6g5 c4c5,2601,crushing defensiveMove endgame long pawnEndgame,12
WkFxz,8/8/4k3/pp1p1pKp/3P3P/1PP5/1P6/8 b - - 9 39,a5a4 g5h5 f5f4 h5g4,2601,crushing endgame pawnEndgame short,12
ghlyf,8/4R3/1p6/6p1/Pk2pp2/5n2/5K2/8 b - - 2 69,b4a4 e7e4 a4b3 f2f3 b6b5 f3e2,2601,crushing defensiveMove endgame long,9
xon93,3r2k1/p1p3pp/2p5/3qP3/1P1r4/P3QpR1/1KP2P2/7R b - - 1 38,d4e4 g3g7 g8g7 e3h6 g7f7 h6h7 f7e8 h7g6,2601,attraction crushing deflection endgame sacrifice veryLong,19
5tGrZ,r2q4/pbpp2k1/1p2pnP1/5p2/1bPPP3/2N5/PP2KPP1/R1B4Q b - - 0 16,b4c3 h1h6 g7g8 e4e5,2602,advantage middlegame short,25
FaonY,8/6p1/8/7p/3k3P/4p3/P7/3K4 b - - 1 39,d4e4 a2a4 g7g5 a4a5 e4f3 d1e1 g5g4 a5a6 g4g3 a6a7 g3g2 a7a8q,2602,advancedPawn crushing endgame pawnEndgame promotion quietMove veryLong,7
0fsRI,1k3b1r/pp4p1/1np2qp1/3p4/3Pp1B1/1Q5P/PPP3P1/2K2R1R b - - 5 23,f6d4 b3g3 b8a8 g3h4 a7a6 h4h8,2603,crushing long middlegame pin,23
cV3Ot,2r3k1/nR4pp/p4p2/2rppQ2/8/P3P1P1/3q1P1P/5BK1 b - - 1 27,a7b5 f5d7 b5c7 d7c8,2603,crushing interference middlegame short,20
DfLg7,8/1p6/1p1p1k2/3P2p1/1PP3K1/8/5P2/8 b - - 2 37,f6g6 b4b5 g6f6 g4h5,2604,crushing endgame pawnEndgame quietMove short zugzwang,10
rqPJv,2r3k1/p3Bp1p/6p1/3P4/r7/6PP/P4P2/3R2K1 b - - 1 27,a4c4 d5d6 c4c1 d1f1 c1f1 g1f1 c8c1 f1e2,2605,advantage collinearMove endgame master veryLong,15
wEKtc,8/1p6/2p5/4k1pp/PP3p2/3K1P1P/6P1/8 b - - 0 34,e5d5 h3h4 g5h4 a4a5,2605,advantage defensiveMove endgame pawnEndgame short,12
5tKIo,2kr3r/1pq2p2/2p2nnp/4P3/5P2/2N1B3/PPQ1B3/2KR4 b - - 0 29,f6d5 e2g4 c8b8 c3d5 d8d5 d1d5 c6d5 e3a7 b8a7 c2c7,2606,crushing deflection middlegame queensideAttack veryLong,20
9xJay,r2r2k1/pp3p1p/6p1/8/2P3q1/1P1PQ1P1/PB4KP/4R3 b - - 0 22,g4e6 e3h6 e6c6 g2f1 c6h1 f1f2 h1e1 f2e1,2606,crushing defensiveMove endgame veryLong,19
H42oi,3r2k1/1p2bppp/8/p2bQ1PP/q7/1N3P2/1PP2B2/1K5R b - - 0 26,d5f3 e5e7 d8e8 h1h4 e8e7 h4a4,2606,advantage hangingPiece long middlegame,20
HRjk0,r1bq1rk1/1p3p2/3b1n1Q/pp2pP2/8/2NP4/PPP3PP/R4RK1 b - - 0 15,f6h7 f5f6 d6c5 g1h1 h7f6 h6g5 g8h7 f1f6 d8f6 g5f6,2606,advantage defensiveMove intermezzo kingsideAttack middlegame veryLong,24
LQRrN,8/ppk5/3p1p2/2p2P2/3pP3/3P1K2/PPP5/8 b - - 2 40,b7b5 f3g4 d6d5 e4e5 f6e5 f5f6,2606,crushing endgame long pawnEndgame,14
fKkMq,3Q4/5p1p/4p1pk/1rP5/qP3P2/8/4N1KP/8 b - - 13 38,a4b4 d8f8 h6h5 g2h3 b4f4 e2f4,2606,crushing endgame long,14
sdC6M,4r2r/1p1k2bp/p1n3p1/8/2B5/5NP1/PPR1p1P1/4R1K1 b - - 0 25,g7d4 f3d4 c6d4 c2d2 d7c6 d2d4 c6c5 d4d7,2606,advantage middlegame pin veryLong,19
TZWFm,3rrk2/5p1Q/p4p2/5N2/1P3p2/P1p1P2R/5KPP/3q4 b - - 3 32,f4e3 f2g3 d1e1 g3f4 d8d4 f5d4,2607,advantage defensiveMove endgame long,18
zFxbK,8/1p3r2/p1q2p1k/2P4p/4p2K/4Q3/3R4/8 b - - 4 40,h6g7 e3g3 g7f8 g3b8 c6e8 d2d8 e8d8 b8d8,2607,crushing endgame pin veryLong,12
CSKk8,8/4k3/6p1/2PPp1p1/P3n1K1/4B3/8/8 b - - 0 42,e4c3 d5d6 e7d7 a4a5 c3b5 a5a6,2609,crushing endgame long quietMove,10
Zwkcd,r2q1rk1/1b3pp1/p1n1p3/1p2P1N1/2pP1nQ1/8/PPB2PPP/R4RK1 b - - 0 18,d8d4 c2h7 g8h8 h7e4,2609,advantage master middlegame short,26
fNBQt,8/1pp5/1p5k/6pp/1P1nB3/2r5/5P1P/3R3K b - - 1 46,d4c2 d1d7 g5g4 f2f4 g4f3 h2h4 f3f2 d7h7,2609,endgame mate mateIn4 operaMate quietMove veryLong,14
2tD8O,4K3/4P3/7p/8/1k6/p2r4/8/R7 b - - 4 55,b4b3 a1e1 a3a2 e8f8,2610,crushing defensiveMove endgame master quietMove rookEndgame short,7
fltEE,r2q1rk1/1bp3pp/pbn1p3/1pN1Pn2/1P1P1B2/3B1N2/P1Q2PPP/R4RK1 b - - 2 15,c6d4 c5b7 d4c2 b7d8 c2b4 d3f5,2610,advantage hangingPiece long middlegame,29
uuAr9,3k4/4b1p1/2P2p2/3N4/p5P1/8/1K6/8 b - - 3 36,g7g6 c6c7 d8c8 d5e7 c8c7 e7d5,2610,advancedPawn crushing deflection endgame exposedKing long,9
EmmEo,r1bqr2k/pppp1p1p/2n2N2/4P3/2P4Q/8/PP1N1K1P/6n1 b - - 3 20,h8g7 h4h7 g7f8 h7h6 f8e7 f6d5,2611,long mate mateIn3 middlegame,22
U68uc,4r1k1/pp2r1Rp/2p2p2/3p4/3Q1N1q/P2n4/1P6/5KR1 b - - 0 26,g8h8 g7e7 e8e7 f4g6 h7g6 d4h4,2611,advantage discoveredAttack long middlegame,18
guOu4,8/2q1rpkp/1p4p1/pPb1P1PP/1n2QP2/8/1P4BK/3R4 b - - 0 32,b4c2 e4a8 g6h5 d1d8 c7d8 a8d8,2611,advantage long middlegame quietMove,20
tGFet,8/3P3p/3Q2pk/6q1/2P1p1P1/3p4/6K1/8 b - - 1 49,g5d2 g2h3 d2f2 d6g3 f2d4 g3h4,2611,crushing defensiveMove endgame long queenEndgame,11
062TF,r4n1r/6R1/2k1Pp1p/1bPp1P2/1Q1P3p/5N1q/1P3K2/2R5 b - - 0 38,h3f5 g7b7 f5d3 b7b6 c6c7 b6b5,2612,crushing deflection long middlegame,20
lZqgA,r4rk1/pR1PRpbp/6p1/6N1/8/2p4P/P4PP1/6K1 b - - 0 28,h7h6 g5f7 c3c2 b7c7 f8f7 e7f7,2613,advantage endgame long,18
qjMjj,6k1/2p5/7p/6p1/4Kp2/1P1P4/P7/8 b - - 1 47,g8g7 a2a4 h6h5 e4f3 g7f6 a4a5,2613,crushing defensiveMove endgame long pawnEndgame quietMove,9
Rqb0V,r3r1k1/pbp2p2/1p1p4/2nP2pQ/2P1P3/2q5/P1BN2PP/5RK1 b - - 1 21,e8f8 f1f5 c3a1 d2f1 c5e4 c2e4 a1d4 g1h1,2614,advantage middlegame veryLong,23
74U7t,2r2rk1/2q1bppp/p2p4/1p3NPQ/2n2R2/2P4P/P1R3P1/6K1 b - - 0 27,c8e8 f4h4 c7c5 c2f2 c5f5 f2f5,2615,advantage defensiveMove long middlegame,22
DYP5Y,5r2/6kp/1Q1p1pp1/p2Pp3/8/8/PPq1r3/KR5R b - - 2 25,c2c5 b6b7 f8f7 h1h7 g7h7 b7f7 h7h6 f7f6 c5d5 b1g1,2615,advantage attraction deflection endgame veryLong,17
IqvXm,4q1rk/R2b3p/1p2p1n1/1P1pPp1N/3P1P1b/4BK1Q/4B2P/8 b - - 2 39,d7b5 h5f6 b5e2 f3e2 g8g7 f6e8,2615,crushing fork long middlegame,22
JIX2y,3R1b2/5p1p/5Npk/8/pp5P/4P1P1/5PK1/r7 b - - 5 38,f8g7 f6g8 h6h5 d8d5 f7f5 d5d7,2615,crushing endgame long,15
BKrU8,rn6/pbp5/k7/1q6/8/2P1B1P1/P1Q4P/R5K1 b - - 7 32,b8c6 a1b1 b5c4 b1b4 c4d5 c2e2,2616,crushing long middlegame,15
V9b41,2R1bkr1/4q3/7Q/3p1B2/1p1P4/4P1P1/5PK1/r7 b - - 9 42,g8g7 f5e6 e7g5 h6h8,2616,crushing master middlegame short,15
A5PCs,4kb1r/pp1n1ppp/4p1b1/3N4/2Q2Pq1/8/PPPB3P/R1K4R b k - 1 17,e6d5 c4c8 e8e7 d2b4 e7f6 c8d8 f6e6 d8e8,2617,crushing master middlegame veryLong,23
JvVIM,2kr4/q5pp/p3P3/1p1p4/1QpR4/2P2rP1/PP6/2KR4 b - - 0 23,f3e3 d4d5 d8d5 b4f8 c8b7 d1d5 e3e1 c1c2 e1e2 c2d1 a7g1 d1e2,2617,crushing endgame exposedKing intermezzo sacrifice veryLong,19
KQ3v3,4R3/1p4pk/p4rnp/8/1P2Q1RP/P4P2/2r2qPK/8 b - - 6 31,h6h5 e4d5 f2g2 g4g2 c2g2 h2h1,2617,advantage long middlegame,18
NO8LF,r1b1k2r/p3bppp/n1p2n2/3P2N1/1Pp2B2/P1qpQ3/B4PPP/R4RK1 b kq - 5 22,c3a3 a2c4 a3b4 d5d6 e8g8 d6e7,2617,advancedPawn advantage interference long middlegame pin,28
SdlSr,r1bq4/ppp2k1Q/3p2n1/6p1/3P4/2P3P1/P5PP/R5K1 b - - 3 19,f7f6 a1f1 c8f5 f1f5 f6f5 h7f7 d8f6 g3g4,2617,advantage attraction endgame sacrifice veryLong,19
sKSR4,r4r2/pppb2k1/2nb3p/3Q4/1P1P1Nq1/2P3P1/P2B3P/4RRK1 b - - 0 19,a8e8 e1e8 f8e8 f4h5 g7h8 h5f6,2617,crushing long middlegame,23
2eEq3,2r2rk1/1p2pp1p/1q1p1npQ/8/pnPNP1P1/1P3P2/P2R3P/1K3B1R b - - 1 19,e7e5 d4f5 g6f5 h6g5 g8h8 g5f6,2618,crushing fork long middlegame sacrifice,26
p41IK,2r2rk1/pb2bppp/2q1pn2/2ppB3/5P2/1P1BPR2/P1PN2PP/R2Q2K1 b - - 3 14,f6d7 d3h7 g8h7 f3h3 h7g8 e5g7,2618,attraction crushing kingsideAttack long middlegame sacrifice,28
rx3eD,1r1k4/1p6/3p4/P2Pp1Rp/2b1P3/P5P1/3K3P/8 b - - 0 31,h5h4 g5g8 d8c7 g8g7,2618,crushing endgame short,15
ywR40,r7/3kbpp1/1B2p2p/3pP3/bP3n2/1NP5/5KPP/R3N3 b - - 1 23,a8a6 b6e3 f4g6 e1d3 a4b3 a1a6 b3c4 a6a7,2618,crushing middlegame quietMove veryLong,20
tHFSD,rn1qr1k1/ppp2ppp/8/3nP3/8/P2B1PB1/2PQ3P/2KR3R b - - 2 15,b8c6 d3c4 d5b6 c4f7 g8f7 d2f4 f7g8 d1d8,2619,advantage attraction discoveredAttack kingsideAttack middlegame sacrifice veryLong,23
ACkFR,7k/p3q1p1/1pn3r1/3QP3/5P2/2P3Pp/P6P/3R1K2 b - - 3 32,c6a5 d5a8 h8h7 d1d8 g6c6 f4f5,2620,advantage clearance defensiveMove endgame long master quietMove,17
T22ls,6k1/1pr1qp2/p1n3p1/P1p1r3/3pP1R1/3P1B1P/1PP1Q2K/6R1 b - - 5 30,c6a5 e2d2 a5c6 g4g6 f7g6 g1g6,2620,advantage kingsideAttack long middlegame sacrifice,22
1ODRs,r4k2/p7/q5pp/3p4/1p1P1N1P/2P3R1/PPK2P2/6R1 b - - 0 31,a6a2 f4g6 f8e8 g6e5 b4b3 c2d3,2621,crushing defensiveMove endgame long master quietMove,18
4QyZv,5r1k/Q3b1pp/2pp1q2/4p3/2P5/4N2P/PP3rP1/3R1RK1 b - - 0 25,f6f4 e3f5 f2f1 d1f1 f4f1 g1f1,2621,crushing long middlegame,20
Fmng4,8/4b1p1/p7/2k1KPP1/3p4/8/P2B4/8 b - - 2 36,d4d3 e5e6 e7d8 e6f7,2621,bishopEndgame crushing endgame master short,10
sn2sl,5rk1/1Pp3r1/2Np1n1b/P1pPp2p/4P2q/2Q2P1b/5RPB/R4BK1 b - - 0 36,f6e4 c3e1 e4f2 e1f2,2621,crushing master masterVsMaster middlegame sacrifice short,25
uQiSy,r5k1/pp1bp3/1q1p2Q1/3P1r1P/8/5pb1/PP2B1P1/R2N1K1R b - - 1 23,g8f8 g2f3 g3f4 h1g1 b6g1 g6g1,2621,crushing long middlegame quietMove,22
G6O1F,6k1/pb1N1p2/1p2p1p1/6Q1/4p3/6RP/r4qPK/8 b - - 1 34,a2a1 g5d8 g8h7 d8h4 h7g7 g3g6,2623,crushing endgame long,16
dOj6e,Q7/5p1k/4p1pp/8/3P4/1q3PKP/6P1/8 b - - 1 40,b3d5 a8d5 e6d5 g3f4 f7f6 f4e3,2623,crushing endgame long,12
e3phd,r6k/1p3p1P/4p1p1/r2NQ1B1/1b6/8/P1p2PP1/1qR3K1 b - - 2 39,h8h7 d5f6 h7h8 e5h2 h8g7 h2h6,2623,long mate mateIn3 middlegame,19
ULYnS,3b4/3P1p2/6p1/1p1B2P1/6K1/2k5/8/8 b - - 12 69,b5b4 d5f7 c3d4 f7g6 d4e5 g6f7,2624,bishopEndgame crushing defensiveMove endgame long,9
qIqkH,r4rk1/pb3pp1/1p2p3/2b4Q/5P2/3qP2R/PP1B2PP/R5K1 b - - 3 20,c5e3 d2e3 f7f6 a1d1 d3e4 h5h8 g8f7 d1d7 f7e8 h8g7 e4g2 g7g2 b7g2 h3h7,2624,crushing defensiveMove deflection middlegame veryLong,22
ux5Ws,8/P7/1n4k1/4K2p/7N/8/8/8 b - - 1 59,g6g5 e5d4 g5h4 d4c5,2626,crushing endgame knightEndgame sacrifice short,6
gfxXK,r2q4/pbp2pkp/1p4p1/3Nr3/4P3/7R/PP1Q1PPP/R5K1 b - - 1 19,h7h5 d2c3 f7f6 d5c7 a8c8 c3e5,2627,crushing long middlegame pin,22
gpTDc,3qr2k/7N/p2b2p1/1p1Q1p2/1P3p2/P1P3P1/6K1/2R5 b - - 0 35,h8h7 d5f7 h7h6 c1h1 h6g5 h1h5 g5h5 f7h7 h5g4 h7h3 g4g5 h3h4,2627,attraction endgame mate mateIn5 sacrifice veryLong,17
mtTkp,8/6p1/4Q2p/3r4/1P2k3/8/rq4PP/5R1K b - - 0 38,e4d4 f1f4 d4c3 e6c6 c3d2 c6d5,2627,crushing endgame fork long master,12
paVf6,2r4k/2p4p/1p2Rqp1/p2P4/2Q5/5P2/P4P1P/6K1 b - - 4 28,f6f3 c4d4 h8g8 e6e7 f3f8 d4e5,2627,crushing endgame long,16
rQzZO,6k1/2K5/1P1B4/6p1/7p/6P1/r7/8 b - - 1 50,h4h3 b6b7 a2c2 d6c5 c2c5 c7b6 c5f5 b7b8q,2627,advancedPawn crushing defensiveMove endgame promotion sacrifice veryLong,8
zuXLm,3r4/ppq3pk/4Rp1p/3r2P1/3P1P1R/2p4Q/P6P/6K1 b - - 0 31,f6g5 e6h6 g7h6 h4h6 h7g8 h6h8 g8f7 h8h7,2627,crushing endgame sacrifice veryLong,19
IHUtB,8/P3k3/1r3pb1/3p2p1/3P4/R1P1K1P1/6r1/R7 b - - 1 40,g2g3 e3f2 g3h3 a1e1 e7f7 a7a8q b6b2 e1e2 b2e2 f2e2,2628,advancedPawn crushing defensiveMove endgame promotion veryLong,14
9QPm5,8/p1KP4/8/2P1k3/8/8/3r4/8 b - - 2 49,a7a5 c5c6 a5a4 c7c8 a4a3 c6c7 e5f5 d7d8q,2629,advancedPawn crushing endgame promotion rookEndgame veryLong,6
Ij6sT,8/1p1r2p1/8/PK1kp1p1/6P1/5P1P/2R5/8 b - - 5 51,d5d6 c2d2 d6e7 d2d7 e7d7 b5c5 d7c7 c5d5,2629,crushing endgame rookEndgame veryLong,12
lRYHl,r4rk1/1b2bppp/1qp5/p3pQ2/n5PP/NB3N2/1PP2P2/2KR3R b - - 2 19,e7a3 f3g5 a3b2 c1b1 a4c3 b1b2 g7g6 f5f6 c3e4 g5e4,2629,advantage master middlegame veryLong,25
ireca,3q3k/Q3R2p/8/5b2/P4p2/3P3P/1r3PP1/6K1 b - - 0 25,f4f3 a7c5 b2b1 g1h2,2630,crushing defensiveMove endgame master short,14
6WUvz,r1bq1r1k/pp3p2/2pp1n2/2b3B1/2BnP3/2N4P/PP3PP1/R2Q1RK1 b - - 1 14,b7b5 e4e5 d6e5 c3e4 c5e7 e4f6 e7f6 d1h5 h8g8 h5g6,2631,advantage exposedKing kingsideAttack middlegame pin veryLong,26
fEZ5m,5Bk1/3p2p1/3N1Pp1/3bQ3/8/7P/q4PPK/2q5 b - - 1 35,a2a1 e5d5 g8h7 d6e4 c1f4 g2g3,2631,crushing endgame hangingPiece long quietMove,15
fn6ya,8/2p5/1pBpk3/4p2p/KP1PP2P/2P5/4b3/8 b - - 6 42,e2c4 d4d5 e6f6 c6b5 c4a2 b5d3,2631,bishopEndgame crushing defensiveMove endgame long,14
vFxbL,5k1r/pp4p1/5p1q/2bp4/3p1PQ1/1B1P3r/PPPK2P1/R6R b - - 0 23,h3h1 g4c8 f8f7 b3d5 f7e7 c8c7,2631,advantage fork long middlegame,22
4VAk9,4k3/p4qp1/3b4/4p2p/3pP3/P1r2P1Q/3B4/R3K3 b Q - 3 30,c3f3 h3c8 e8e7 d2g5 f3f6 a1b1 f7e8 g5f6,2632,crushing endgame exposedKing pin quietMove veryLong,16
OIFzN,5r1k/5Ppp/p2r4/1pRB2q1/1P3Q2/P5P1/3n1P1P/5RK1 b - - 6 29,d6d5 c5c8 d5d8 c8d8 g5d8 f1d1,2632,advantage long middlegame,20
UelnZ,8/6p1/2RP1p2/8/3kPK2/8/8/6r1 b - - 0 60,g7g5 f4f5 g1d1 d6d7 d4e3 c6c3,2632,advancedPawn crushing endgame long rookEndgame,8
ZTpqz,8/pp6/2p4r/2K3kP/8/1P6/1P6/7R b - - 11 46,h6h5 h1h5 g5h5 c5d6 c6c5 d6c7 b7b5 c7b7,2632,crushing endgame rookEndgame veryLong,10
k0rEG,3r3r/pk1npp2/1pp2n1P/4q2P/2BNp1b1/2N1Q3/PPPR2P1/2K2R2 b - - 5 18,g4h5 f1f5 e5c7 f5h5 f6h5 d4c6,2632,advantage long master middlegame,26
4CwDh,8/8/2p5/2k5/p1P5/P2K4/8/8 b - - 0 55,c5b6 d3d4 b6c7 d4c5 c7b7 c5b4 b7b6 c4c5,2633,crushing endgame pawnEndgame veryLong zugzwang,6
RMQQI,8/8/2p4p/pp1k2p1/P2P2P1/1P1K4/7P/8 b - - 4 33,d5e6 b3b4 a5b4 a4a5,2633,crushing defensiveMove endgame pawnEndgame short,12
dFVF4,3r4/6p1/1b1k1pp1/1P1pp3/8/2BKP2P/5PP1/2R5 b - - 0 33,d8a8 c3e5 f6e5 c1c6 d6e7 c6b6,2633,clearance crushing endgame fork long sacrifice,16
g9aad,2r3k1/pp3pN1/1q2p3/3pBnPP/2bP1P2/rPP1P3/P2Q4/1KR4R b - - 0 27,f5g7 d2b2 a3b3 a2b3,2633,crushing middlegame short,25
zwGKW,8/6p1/3k1p1p/pp1p1P2/2pP1KP1/P1P4P/1P6/8 b - - 1 29,a5a4 f4g3 d6d7 g3h4 d7e7 h4h5,2633,crushing endgame long pawnEndgame,16
vP2i8,r4rk1/1b1n1pp1/p1q1p2p/1pb5/4N2B/1B6/PPPQ1PPP/R3R1K1 b - - 3 16,f7f5 b3e6 c6e6 e4c5 e6c6 c5b7,2634,advantage deflection long middlegame,26
qBOXb,6k1/5p2/p1P1p1p1/P7/1pP1Q3/1Nb1PKPP/q7/8 b - - 2 35,a2b3 c6c7 b3d1 f3g2,2635,advancedPawn advantage defensiveMove endgame master short,17
Up28b,8/8/p5pp/2k2p2/5P1P/2K2P2/P7/8 b - - 0 37,c5b5 c3d4 a6a5 d4e5 b5b4 e5f6 b4a3 f6g6 a5a4 g6f5,2636,advantage endgame pawnEndgame veryLong,10
iJOxB,5r2/pp1b1kq1/3p2B1/2pNr2R/2P5/PP2Ppn1/2QK4/7R b - - 3 28,f7g8 h5h8 g7h8 g6h7 g8f7 c2g6,2636,exposedKing kingsideAttack long mate mateIn3 middlegame sacrifice,21
obaRG,8/8/6pp/8/8/p6P/6P1/k1K5 b - - 3 66,a3a2 c1c2 h6h5 h3h4 g6g5 h4g5 h5h4 g5g6 h4h3 g6g7 h3h2 g7g8q h2h1q g8g7,2636,advancedPawn endgame mate mateIn5 pawnEndgame promotion quietMove veryLong,7
6W6WA,rr6/pp3pk1/4p2p/3pP1pQ/3P2R1/2P5/PP1q2PP/5BK1 b - - 3 25,d2b2 h2h4 b8h8 h4g5 b2c1 g5g6,2637,crushing endgame long,22
D6V64,r4r2/5R2/2p2Np1/p4P1p/6k1/4n3/6P1/5RK1 b - - 1 33,g4g5 f6h7 g5h6 h7f8 e3f1 f5g6 a8f8 f7f8,2637,crushing endgame fork veryLong,14
wlSH1,r1bq1rk1/p4pp1/2pb1n1p/3p4/8/1BNP4/PPP2PPP/R1BQR1K1 b - - 3 12,d6h2 g1h2 f6g4 h2g1 d8h4 d1f3,2637,advantage hangingPiece long opening,27
FJAIt,5rk1/1pq1bp1p/2p5/2PpPR2/1P6/8/4Q2P/B3K3 b - - 0 23,f8a8 e2g4 g8f8 f5f7 f8f7 e5e6 f7e8 g4h5 e8d8 a1e5 c7e5 h5e5,2638,attraction crushing endgame sacrifice veryLong,17
Qr7og,r1q3k1/3n1p2/3p1Pp1/2pPp1Pp/1pP1P1P1/1N6/2Q3K1/7R b - - 0 43,h5g4 c2f2 g4g3 f2g3 a8a2 g2f3 d7f6 g5f6,2638,crushing endgame master veryLong,21
q57qF,NnbR2nr/1p2kpp1/2p4p/p3P3/8/4BN2/PPP2PqP/2KR4 b - - 1 17,g2f3 d8e8 e7e8 a8c7 e8f8 e3c5 g8e7 d1d8,2638,attraction mate mateIn4 middlegame sacrifice veryLong,24
4qzP0,rn1q1k1r/1p4p1/p2b1RP1/2p5/4p1Q1/7P/PPP3P1/R1B3K1 b - - 0 18,d8f6 c1g5 f6g6 g4c8 f8f7 a1f1,2639,crushing long middlegame,22
c57RD,8/7p/p2k2p1/1p1p2P1/3K2P1/1PP5/P7/8 b - - 0 36,a6a5 a2a4 b5a4 b3a4 d6e6 c3c4 d5c4 d4c4,2640,crushing endgame pawnEndgame veryLong zugzwang,12
0jztS,8/3k1Q2/2p2p2/3p4/p1qN4/P1P4P/6PK/1r6 b - - 2 36,d7c8 f7g8 c8c7 g8h7,2641,advantage endgame short,14
47hxW,4r1k1/1p1N1p2/p1p5/3p2P1/3P2QP/2P5/KP3q2/8 b - - 2 34,e8e2 d7f6 g8g7 g4h5 e2b2 a2a3 b2a2 a3b4 f2f6 g5f6,2641,crushing endgame veryLong,16
6O96D,4rk2/pp5p/3Q2p1/3p4/3Pp1n1/P3PqP1/1P3PNR/4K3 b - - 10 26,e8e7 g2f4 g4h2 f4e6 f8e8 d6d8 e8f7 e6g5 f7f6 g5f3,2641,advantage endgame exposedKing fork sacrifice veryLong,20
kaQAb,1k1r3r/5pp1/1P2p2p/PB1pP3/5P2/4q3/2P2bPP/1R3Q1K b - - 5 32,d8c8 b5c6 c8c6 f1a6 h8d8 a6a7,2641,advantage clearance long master middlegame quietMove sacrifice,21
y2i2s,2k2b1r/2R2p2/B5bp/2nNP1p1/3p2P1/7P/1P3P2/5K2 b - - 4 26,c8d8 c7c8 d8d7 d5b6 d7e6 c8e8,2641,advantage exposedKing long master middlegame,18
Jxf9x,8/8/p1P1n3/3N2k1/P5p1/8/6K1/8 b - - 2 53,g5f5 a4a5 f5e5 c6c7 e5d5 c7c8q,2642,advancedPawn crushing endgame knightEndgame long promotion quietMove,8
7m9s9,2q1r1k1/4rpp1/3R3p/p1pQ1N2/1p2p2P/2P1P3/PP3PP1/6K1 b - - 1 39,e7e5 f5h6 g7h6 d6g6 g8f8 d5d6 e8e7 d6f6 e7e6 f6h8 f8e7 h8c8,2643,advantage endgame kingsideAttack pin sacrifice skewer veryLong,22
NZDWm,8/1p4p1/1p5p/p7/P3kPK1/1P5P/5P2/8 b - - 4 43,g7g6 h3h4 e4d3 h4h5 g6h5 g4h5 d3e4 h5g4,2643,crushing defensiveMove endgame pawnEndgame quietMove veryLong,12
MTN0Z,8/6p1/1P6/P7/5pk1/8/2r3PK/4B3 b - - 0 65,f4f3 b6b7 c2g2 h2h1 g2b2 a5a6 b2b1 h1h2,2644,advancedPawn crushing defensiveMove endgame veryLong,9
IyAIt,8/8/p1N4p/2p1b1k1/P1PpP3/3P1K2/8/8 b - - 9 40,e5h2 c6d8 g5f6 d8b7,2645,crushing endgame master quietMove short,12
Mel4k,8/8/2p5/K1p5/P7/1kP5/1P6/8 b - - 0 48,b3b2 c3c4 b2b3 a5b6 b3a4 b6c6 a4b4 c6d5,2645,crushing endgame pawnEndgame quietMove veryLong zugzwang,7
qcBKb,1R6/3kbQ2/p1p1p1p1/3p4/6P1/3qB1K1/5P2/7r b - - 0 32,d3e4 f7e8 d7d6 b8d8 d6e5 f2f4 e4f4 e3f4,2646,crushing endgame veryLong,15
BbDAe,8/4k3/8/2pPpP2/p3K3/8/1P6/8 b - - 1 48,e7d6 f5f6 c5c4 e4f5 a4a3 b2a3 c4c3 f6f7 d6e7 f5g6 c3c2 d5d6 e7e6 f7f8q,2648,advancedPawn crushing deflection endgame pawnEndgame promotion veryLong,8
Rrq9x,5b1k/5P1p/p3Q1p1/B1p3q1/3p4/1P6/P4P2/5K2 b - - 7 37,c5c4 a5d8 g5d8 e6e5 f8g7 e5e8,2648,crushing endgame long sacrifice,15
z08rX,4R3/6k1/4Pr2/6P1/5p1p/5K2/8/8 b - - 0 62,f6g6 f3f4 h4h3 f4f5 h3h2 e8e7 g7f8 e7h7,2648,crushing endgame exposedKing rookEndgame veryLong,8
bYuRI,8/8/2p1k1pp/3pP3/3P1KPP/8/8/8 b - - 1 35,c6c5 d4c5 g6g5 h4g5 h6g5 f4g5 e6e5 g5h4 d5d4 h4g3,2649,crushing defensiveMove endgame pawnEndgame veryLong,10
cEIJO,4r1k1/2p4p/b1p3p1/5pN1/3B4/5Q2/PrP2RPK/4q3 b - - 1 22,b2b1 f3c6 b1b6 c6c7 e1e7 c7e7 e8e7 d4b6,2649,advantage middlegame veryLong,18
fKB9p,3qrk2/1r3pp1/4p2p/p2p2PR/1pnP1N2/3Q1PP1/PPP5/1K5R b - - 0 28,h6g5 h5h8 f8e7 h8e8 d8e8 f4d5 e6d5 h1e1 e7d8 e1e8,2649,advantage middlegame sacrifice skewer veryLong,24
SWkN1,8/p2P3p/Pb4p1/6K1/7P/2pk4/5P2/3B4 b - - 0 52,c3c2 d1c2 d3c2 g5h6 c2c3 h6h7 c3c4 h7g6 c4c5 g6f7 c5d6 f7e8,2650,bishopEndgame crushing defensiveMove endgame sacrifice veryLong,12
zOBKC,r2q2k1/2pp2P1/pp2p2Q/7P/PP1P2P1/N1P2b2/8/6K1 b - - 0 26,f3e4 g4g5 g8f7 a3c4,2650,crushing endgame master quietMove short,19
5XNKb,r6r/1p1k1ppp/p2Bp3/q2pPn2/N7/1P1Q4/5PPP/R5K1 b - - 7 18,a5b5 d3b5 a6b5 a4b6 d7c6 a1c1 c6b6 d6c7 b6a7 c1a1,2651,fork mate mateIn5 middlegame pillsburysMate sacrifice veryLong,22
GTDa3,3r4/5p1p/4k1p1/pR4P1/Pp6/4K2P/1P3P2/8 b - - 2 39,d8d5 b5d5 e6d5 e3d3,2651,crushing defensiveMove endgame rookEndgame short,14
TdxNv,4k3/5p2/5N2/1b2P3/p1pn2B1/2P5/2QK2P1/q7 b - - 1 40,e8e7 f6d5 e7d8 c2h7 a1b2 d2e3 b2c1 e3d4,2651,crushing endgame master veryLong,14
dn1sn,2kr3r/1pp1n1p1/pbn5/3qN1Pp/3Pp3/1B2B2P/PP3PK1/R2Q3R b - - 3 21,d5a5 b3e6 c8b8 e5c4,2652,crushing middlegame short,26
oEo3x,r2r2k1/p1q1pP1p/6p1/1bpn4/2N5/1P3N2/1bP1QPPP/3R1RK1 b - - 0 18,g8f7 f3g5 f7f6 d1d5 d8d5 e2e6 f6g5 e6d5,2652,advantage attraction fork middlegame sacrifice veryLong,24
20sSe,8/2pk3p/p5p1/8/P3p3/3rPNP1/2KB3P/8 b - - 0 30,d3a3 f3e5 d7e6 c2b2 a3a4 d2c3,2653,advantage defensiveMove endgame long,14
CHIKA,8/7p/5Bp1/8/3k2P1/2p1p3/2K5/8 b - - 1 60,d4c4 g4g5 c4d5 c2d3 c3c2 f6b2,2653,bishopEndgame crushing defensiveMove endgame long quietMove,8
EEkLV,8/2p5/1p6/5K2/1P2pP2/2k1P3/8/8 b - - 0 35,c3b4 f5e5 c7c5 f4f5 c5c4 f5f6 c4c3 f6f7 c3c2 f7f8q,2653,advancedPawn crushing endgame pawnEndgame promotion quietMove veryLong,8
ObsOO,8/4Q1kp/4p1p1/2nq4/8/7P/P4PP1/6K1 b - - 4 34,g7h6 e7f8 h6g5 f2f4 g5h5 g1h2 d5d2 f8c5,2653,crushing endgame veryLong,12
knPoC,4r1k1/pp6/4pB2/5p1Q/1PPR4/4K2P/5P2/r4q2 b - - 2 39,a1e1 e3f4 f1f2 f4g5 f2e3 g5g6 e1g1 d4g4,2653,advantage defensiveMove endgame veryLong,16
dP7XJ,8/5p2/3p4/1P1PP3/2p2kN1/5B2/rpKN2P1/7r b - - 5 54,d6e5 g2g3 f4g3 f3h1 g3g4 b5b6 b2b1r c2b1,2654,crushing discoveredAttack endgame veryLong,15
fvQXs,1r3rk1/p1p2p2/3p1RpQ/2p5/2P1q2P/1P4P1/P4R1K/8 b - - 0 34,b8e8 h4h5 e4e3 f6g6 f7g6 f2f8 e8f8 h6e3,2654,advantage discoveredAttack endgame veryLong,19
9JVXE,6k1/p7/7p/4q1pQ/Pn1Rp3/4n1PP/1P2N1r1/7K b - - 4 35,g2e2 d4d8 g8h7 d8d7 e5g7 d7g7 h7g7 h5e2,2655,crushing endgame exposedKing veryLong,17
M0orU,8/5p2/5p1p/2p1k2P/p2pP1P1/P2P2K1/2P5/8 b - - 3 33,c5c4 d3c4 e5e4 g3f2 e4f4 f2e2,2655,crushing defensiveMove endgame long pawnEndgame,14
FXYDh,6k1/6pb/p1p4p/2Pp4/3P2P1/PR2p1qP/5rB1/6QK b - - 1 33,h7c2 g2d5 c6d5 g1g3 f2f1 h1h2,2656,advantage defensiveMove discoveredAttack endgame long,19
WAHit,r3b3/p6p/1kp5/4Q1P1/1bp5/2N5/P1q3PP/1R5K b - - 4 24,c6c5 b1b4 c5b4 c3d5 b6a5 d5e3,2656,crushing discoveredAttack discoveredCheck long middlegame sacrifice,17
Yw6J4,r1b2q1k/pp1n4/7P/1BP3P1/3Qp3/8/PP4P1/6K1 b - - 1 28,h8g8 b5c4 g8h7 d4e4 h7h8 g5g6,2656,crushing endgame exposedKing long,17
acoE2,2r1k3/1b6/1q2pQ2/n2pP2p/3P3P/bP3N2/2B5/1K4R1 b - - 5 34,e8d7 g1g7 d7c6 f6e6 c6b5 c2d3 a5c4 e6d7 b5b4 d7b7,2656,advantage deflection interference middlegame veryLong,18
ae7J6,1r6/1P1k1p2/3p1pp1/3K3p/5P2/7P/6P1/1R6 b - - 0 43,g6g5 f4g5 f6g5 b1f1,2656,crushing endgame master rookEndgame short,13
rNVdb,8/5p2/1p5p/2p1kb2/1PP2p1P/2KB1P2/2P5/8 b - - 1 37,f7f6 d3f5 e5f5 c3b3,2656,bishopEndgame crushing defensiveMove endgame short,14
5k120,2rn1rk1/pp1b2pp/1n2B3/3pP1q1/3P1N2/4B1P1/PP5P/R3QRK1 b - - 0 18,d7e6 f4d5 f8f1 e1f1 e6d5 e3g5,2657,advantage long middlegame,25
ZYsM5,4r3/pp1kpRQ1/q3p1P1/8/1n1p3r/2N5/1PP5/1K1R4 b - - 1 29,d7c6 f7e7 d4c3 g7c3 h4c4 c3f3,2657,crushing exposedKing long middlegame,18
pfykL,4kr2/p4pQP/Pp2pP2/8/6P1/1P3pK1/3pqR2/8 b - - 0 41,d2d1q g7f8 e8d7 f8f7 d7d6 f7e7 d6c6 f2e2 f3e2 e7e6,2657,capturingDefender crushing endgame veryLong,17
7pOI1,8/Q1k3p1/1p6/1Rn3p1/3p1pP1/3q1B1P/5PK1/4r3 b - - 1 41,c7c8 b5c5 b6c5 f3b7 c8d8 a7a5 d8d7 a5e1,2658,advantage endgame exposedKing fork sacrifice veryLong,16
PvLmL,3b2k1/r1qb1ppp/p1n2p2/1pN5/2p5/P4BP1/1PQ1NP1P/3R2K1 b - - 5 26,c6d4 e2d4 c7c5 d4c6,2658,advantage middlegame short,24
T1y5Z,8/1b3p2/1p1k2p1/3p2K1/1P1N1P2/8/2P5/8 b - - 2 42,b7c8 g5f6 c8e6 c2c3 e6g4 f6f7,2658,advantage endgame long quietMove zugzwang,11
u8KrZ,r2q1r2/pp4nQ/2p2k2/3p4/8/2pB4/P1P2PPP/R5K1 b - - 6 21,g7e6 a1e1 d8d6 d3f5 e6f4 h7h6,2658,advantage long middlegame,19
y7UeY,8/2r2pk1/p4b1p/3BpPnQ/1qP5/3RB1P1/1r6/3R2K1 b - - 3 35,a6a5 d5f7 c7f7 h5g6 g7h8 e3g5,2658,crushing long middlegame sacrifice,19
9t6la,2r3kr/pp2n1p1/3Qb3/4P3/4P3/2N3Pp/Pq6/5RRK b - - 0 24,b2c3 d6e6 g8h7 f1f4 e7g6 f4f5 c3e5 f5e5,2659,crushing fork hangingPiece middlegame quietMove veryLong,19
X1uTw,5k2/r3Np1Q/p2b1P1p/1pp5/8/P6n/1P1KR3/1B3q2 b - - 5 32,f1f4 d2c2 f4c4 c2d1 h3f2 e2f2,2659,crushing defensiveMove long middlegame,18
cb5Fb,1k1r3r/1pp2p2/p1b5/2Rq4/1Q1P2pp/N3PP2/6PP/1R4K1 b - - 1 27,d5d6 a3c4 d6e6 c4e5 c6b5 c5b5 a6b5 b4b5,2659,advantage middlegame veryLong,21
rBA41,r1bqr2k/p3p1bn/1p1pB1p1/n7/4P1QR/2N1B2P/PPP3P1/R5K1 b - - 6 18,c8e6 g4g6 e6g8 h4g4 g7f6 e3h6 g8f7 h6g7 h8g8 g6h6,2659,clearance crushing exposedKing kingsideAttack master middlegame quietMove veryLong,26
3aITf,8/1Q3pk1/p5pp/qp1P4/2p5/7P/PP4PK/8 b - - 0 38,a5a2 d5d6 a2b2 b7d5 b2f2 d6d7,2660,advancedPawn advantage clearance endgame long queenEndgame,15
NUq0o,1r3r2/3n2kp/3p1nB1/q1pP3P/8/ppN2P2/P2Q4/3K2RR b - - 1 25,h7g6 h5g6 f8h8 h1h7 h8h7 g6h7 g7f7 d2h6,2660,advancedPawn collinearMove crushing discoveredAttack discoveredCheck middlegame veryLong,21
QYFHE,1r3rk1/2KP3p/p1P5/5p2/P7/6P1/1p6/1R6 b - - 0 57,g8f7 c7d6 b8b6 a4a5 b6b3 c6c7,2660,advancedPawn advantage endgame long master rookEndgame,13
W8rix,8/5ppp/3kp3/pP6/P1P5/2K4P/5P2/8 b - - 1 37,d6c5 f2f4 f7f6 h3h4 g7g6 c3d3 h7h6 d3e4,2660,crushing defensiveMove endgame pawnEndgame quietMove veryLong zugzwang,12
LiDE4,7k/1P5p/2KP1p2/8/8/1P4qp/4B3/8 b - - 0 46,g3c3 e2c4 c3b4 c4b5,2661,crushing defensiveMove endgame master short,10
SWvnq,8/5k2/1N2PP2/pP3K2/P7/8/r6p/8 b - - 0 50,f7f8 b6d7 f8g8 f6f7 g8h7 d7f6 h7g7 e6e7,2661,advancedPawn crushing endgame exposedKing veryLong,10
koBFC,4r1k1/pppq1r1p/3p2pB/5b2/4N3/3P4/PbPQ2PP/4RRK1 b - - 1 19,f7e7 c2c3 f5e4 e1e4 e7e4 d3e4 b2a3 d2d5,2661,clearance crushing middlegame quietMove veryLong,23
ptecX,r4rk1/3bq1p1/4p1Pp/3PP2P/2B1p3/p3P3/Pp5Q/1K1R1R2 b - - 1 27,e7b4 f1f8 a8f8 d5e6 b4c4 e6d7 c4d3 h2c2,2661,advancedPawn advantage kingsideAttack middlegame veryLong,22
Hazxg,8/8/3n1ppp/1Pk5/5PPP/5K2/4B3/8 b - - 2 54,d6b5 e2b5 c5b5 f3e4 b5c5 h4h5,2662,crushing endgame long,11
LlM4b,r5k1/pp4pp/2q5/3p4/2PQ4/3B2Pb/P6P/1R4K1 b - - 0 28,a8d8 d4h4 c6f6 d3h7 g8h8 h4h3,2662,advantage endgame fork long,17
UzS4A,1k6/1p2bp2/pB1p1p2/P1P1p3/4P2p/7P/4KP1r/2R5 b - - 0 29,h2h3 c1d1 b8c8 c5d6 c8d7 d6e7,2662,advancedPawn advantage discoveredAttack discoveredCheck endgame long,18
VgWrY,r7/2k1Q3/p4p2/1pp2q2/8/P7/BP3PPP/6K1 b - - 0 27,c7b6 e7d6 b6a5 b2b4 c5b4 d6b4 a5b6 b4d6,2662,crushing endgame veryLong xRayAttack,15
ej1de,1k1rr3/p1q1n1bp/Qpp1Rpp1/3p4/1N1P4/2N5/PPP3PP/5RK1 b - - 3 21,d8d6 a6a3 d6e6 b4a6 b8b7 a6c7,2662,crushing fork long master middlegame sacrifice,25
lqjUQ,8/1P4R1/8/8/7p/7k/1r6/5K2 b - - 1 63,h3h2 g7g2 b2g2 b7b8q h2h1 b8h8,2662,advancedPawn advantage deflection endgame long promotion rookEndgame,6
TssAd,1r6/4Np1k/p2p1Ppq/1r6/3pP1QP/3P2PK/1P3R2/8 b - - 0 34,b5b2 f2b2 h6c1 h4h5 c1f1 b2g2,2663,advantage defensiveMove endgame long,19
c6pmP,8/8/2p5/p1p4p/P1P4P/2Pk2K1/6P1/8 b - - 4 46,d3c3 g3f2 c3c4 g2g4 c4b3 g4g5,2663,crushing defensiveMove endgame long pawnEndgame,11
g8jub,4Q3/2p5/p1k1p3/3p3p/nP6/1KP5/2R3P1/3q4 b - - 4 45,c6b6 e8e6 b6b7 e6e2 d1a1 c2a2,2663,crushing endgame long,14
lyXd4,8/7p/p7/4k3/2Pp4/P2K3P/8/8 b - - 0 42,a6a5 h3h4 a5a4 h4h5 h7h6 c4c5 e5d5 c5c6,2664,crushing endgame pawnEndgame quietMove veryLong,8
xGUTJ,r1k4r/pp2ppb1/5np1/Q1Pp3p/5B2/5PPq/PP5P/RN3RK1 b - - 5 19,c8d7 c5c6 b7c6 a5c7 d7e8 c7c6 e8f8 c6a8,2664,crushing deflection fork middlegame veryLong,25
H8TVc,r3q2k/5rbp/p1R1N2p/3P4/2p1P3/P2n1PQ1/6PP/5RK1 b - - 2 37,c4c3 f3f4 d3f4 f1f4 g7e5 f4f7 e5g3 f7f8 e8f8 e6f8 a8f8 h2g3,2665,crushing fork middlegame quietMove sacrifice veryLong,21
HCPC6,1k5r/1b3p2/1QR2q2/p4pp1/3P1Nn1/P3P1P1/1P3PBr/4R1K1 b - - 0 26,g5f4 c6c8 b8c8 e1c1 c8d7 b6b7,2666,attraction crushing deflection exposedKing long middlegame pin queensideAttack sacrifice,22
GtITA,8/5p1p/1K4p1/3P2P1/4n2P/5k2/P7/8 b - - 1 35,f3g4 b6c6 g4h4 a2a4 h4g5 a4a5 f7f5 a5a6,2667,advantage endgame knightEndgame quietMove sacrifice veryLong,10
aTQdC,r4rk1/pp1R1pb1/2q4p/4p3/4N1Qn/2P2p2/PP3P1B/3R2K1 b - - 1 27,h4g6 d1d6 h6h5 g4f3,2667,advantage master middlegame short,22
sUvmU,3bq2k/6p1/1p1p1p1p/1P1PPQ1P/4P3/4B1PK/8/8 b - - 0 46,e8e5 f5e5 f6e5 h3g4,2667,crushing defensiveMove endgame short,17
xMWIA,1Q6/8/p2k4/8/2P2n2/4K3/PP4pq/8 b - - 4 48,d6c5 b8c7 c5b4 c7d6 b4c4 b2b3 c4b5 a2a4 b5a5 d6c5,2667,endgame epauletteMate mate mateIn5 veryLong,10
Sjngp,rn2kbnr/ppp2ppp/6b1/q3p1N1/2B3P1/2N4P/PPPP1P2/R1BQK2R b KQkq - 2 8,h7h6 d1f3 h6g5 f3b7,2669,crushing middlegame sacrifice short,30
WZzca,R3n3/1q3kp1/2p1b3/1pPp1pP1/1P1P1Pr1/2N1P3/5K2/Q7 b - - 6 29,e8c7 a8a7 b7c8 a1a5 f7g6 a5c7 c8h8 f2e2 h8h2 e2d3,2669,crushing defensiveMove master middlegame veryLong,20
f3CRW,Q2k3r/1pq1n1p1/2p1Pp2/3p2p1/B7/7P/PP3P1P/4R1K1 b - - 2 24,e7c8 e6e7 d8e8 a4c2 e8f7 c2f5,2669,advancedPawn advantage endgame long quietMove,20
lszct,1r3r2/pp4bk/2q4p/4pp1Q/3p3P/5N2/PP4R1/3R3K b - - 5 28,c6e8 g2g7 h7g7 d1g1 g7f6 h5h6 f6e7 f3e5,2669,advantage attraction deflection middlegame sacrifice veryLong,19
8fvgW,4B3/R6p/4ppk1/4p3/4P3/6PP/Pnr5/6K1 b - - 1 31,g6g5 a7h7 f6f5 e8h5,2670,crushing defensiveMove endgame short,14
ynMRO,r7/1p6/6p1/1b1pB3/2rP1R2/4k2P/5RK1/8 b - - 5 40,c4c1 f4f3 e3e4 f3b3 b5f1 f2f1,2671,advantage endgame long master,13
6ghAv,8/5k2/1p1Pb1R1/pP2P2P/6p1/7r/6K1/8 b - - 5 66,h3h5 g6f6 f7e8 f6e6 e8d8 g2g3 h5g5 e6e7,2673,crushing defensiveMove deflection endgame exposedKing master veryLong,12
GZO4a,r1k1r3/pppnbp1p/2q2np1/1N4B1/3P4/4R3/PP2QP1P/1K2R3 b - - 9 23,a7a6 e3e7 e8e7 e2e7 b7b6 b5c7 c8c7 e1c1,2673,advantage middlegame pin veryLong,24
Hsh3Q,r4rk1/1p3pp1/p6p/P1b2N2/8/1bq1P1QP/2N2RP1/2R4K b - - 1 25,c3f6 c2d4 c5d4 f5d4 f6g5 g3g5 h6g5 d4b3,2673,advantage middlegame veryLong,21
YhREY,r1b2rk1/5p2/2pq1p1p/1p2p3/p2bP2B/P2P1Q1P/B1P2PP1/1R3RK1 b - - 3 19,d6a3 f3f6 a3a2 f6h6 a2e6 h4f6 e6f6 h6f6,2673,crushing middlegame veryLong,26
xACR0,8/8/2p1k3/2Pp4/1P1K4/8/8/8 b - - 0 49,e6f5 b4b5 c6b5 c5c6 f5e6 d4c5 b5b4 c5b6,2673,crushing defensiveMove endgame pawnEndgame veryLong,6
D1tp7,2r2rk1/pp3pp1/1q1p1b1p/3BpN1Q/4P3/5R2/PPP3PP/7K b - - 5 20,c8c2 f5h6 g7h6 h5h6 f6g7 f3g3,2674,advantage kingsideAttack long middlegame pin,23
ECKlt,r7/4k2Q/8/3pbp2/4p3/4P2B/5q1P/6RK b - - 0 36,e7d6 g1g6 d6c5 h7e7 c5c4 e7e5 f2f3 g6g2,2674,advantage defensiveMove endgame fork veryLong,13
62yEx,rq2r1k1/pp4b1/5Bp1/2pp1b2/3n1P2/P1NP2Q1/BP4P1/4RK1R b - - 0 20,g7f6 c3d5 g8f8 d5f6 e8e1 f1e1,2675,advantage long middlegame,24
C0ySB,r1b2rk1/3n1p1p/4p1p1/p2p2Q1/3P3N/2qB4/P4PPP/3RR1K1 b - - 1 20,c8a6 h4g6 f7g6 d3g6,2675,advantage middlegame short,23
gKK2i,r3k2r/1b3p1p/pqp2R2/1p5B/Pbpp4/4P3/1P1N2PP/R2Q2K1 b kq - 1 17,d4e3 d2c4 e3e2 c4b6 e2d1q a1d1,2676,advantage long middlegame,24
lvIGY,8/6p1/5p1p/3k1K2/8/8/6PP/8 b - - 1 47,h6h5 h2h4 d5d6 f5g6 d6e5 g6g7,2676,crushing endgame long pawnEndgame quietMove,7
HFCC7,4q1k1/2Q2pp1/pp4p1/8/8/7P/Pr3PP1/3R2K1 b - - 1 24,e8e2 d1d8 g8h7 c7f7 e2e1 g1h2 e1e5 g2g3,2677,crushing defensiveMove deflection endgame veryLong,15
cQSMA,8/pp2R1p1/1k4qp/3n4/2R5/P1PP2P1/1PK5/8 b - - 0 34,g6g3 e7e6 b6b5 a3a4 b5a5 c4c5 b7b5 b2b4 d5b4 c2b3 g3d3 c5b5 d3b5 a4b5,2678,crushing endgame exposedKing fork pin veryLong,15
jbALm,8/pp3k2/5p1p/3p2p1/3P1PP1/2PK3P/P7/8 b - - 2 33,b7b5 f4g5 h6g5 d3c2 f7e6 c2b3 a7a5 a2a4 e6d7 a4b5,2678,crushing endgame pawnEndgame veryLong,14
pdD4R,8/8/p5p1/8/1k2KPP1/8/8/8 b - - 0 55,a6a5 f4f5 g6f5 g4f5 b4c5 f5f6 c5d6 e4f5 a5a4 f5g6 a4a3 f6f7 d6e7 g6g7 a3a2 f7f8q,2679,advancedPawn crushing endgame pawnEndgame promotion veryLong,6
wSbZ6,1B2Rb1r/p7/Ppk4p/2pr1pp1/8/5P2/1P3P1P/R5K1 b - - 1 23,f8g7 e8e6 c6d7 e6b6,2679,advantage deflection endgame short,19
Gt7nD,r1b2rk1/p3Rp1p/2p3pQ/3p4/3q4/3B2P1/P1P4P/5R1K b - - 1 22,c6c5 f1f7 d4a1 d3f1,2680,crushing defensiveMove middlegame short,20
IwBzX,8/8/p2p4/1p3k2/5P2/1P3K2/1P6/8 b - - 5 38,a6a5 b3b4 a5b4 b2b3 d6d5 f3e3,2680,crushing endgame long master pawnEndgame quietMove,8
K30OQ,6k1/3n1p1p/p3q3/8/2pB2p1/2N2PP1/PP3K1P/4R3 b - - 1 30,e6g6 e1e8 d7f8 c3d5 g6c2 e8e2 c2e2 f2e2,2680,crushing endgame quietMove veryLong,17
XuQg0,r1bQ3R/ppp2kn1/4p1p1/8/8/8/Ppq2P2/3R2K1 b - - 1 24,g6g5 d8g8 f7g6 g8h7,2680,crushing master middlegame short,17
njouB,r6r/p4p1k/2p5/3pqp2/8/Q5R1/P5PP/5RK1 b - - 1 29,f5f4 g3g4 e5d4 g1h1,2680,crushing defensiveMove endgame short,16
oyFPm,2q1r3/p2Rnpk1/1p2p2p/1Pp3pQ/4P2P/2P5/1n1R1PP1/6K1 b - - 1 28,b2c4 h4g5 h6g5 d7e7 e8e7 h5g5,2680,advantage long middlegame,22
r4LSX,r2qr1k1/pp2bp1p/5npB/2p5/3p1Q1P/1B1P4/PPP1NP2/2K3R1 b - - 0 17,f6h5 f4f7 g8h8 e2f4 e7f6 f4h5,2681,crushing kingsideAttack long middlegame,25
uFi2C,8/8/8/p1p1kp1p/P5P1/2PP1KP1/8/8 b - - 0 35,h5g4 f3e3 f5f4 g3f4 e5f5 c3c4 g4g3 e3f3 g3g2 f3g2 f5f4 g2f2,2681,crushing defensiveMove endgame pawnEndgame quietMove veryLong zugzwang,11
0vVFL,1r6/p1k1r3/2pbbq2/2p1N1R1/2P1Q2P/8/PP4P1/1K2R3 b - - 2 24,e6c4 e4c6 c7d8 e1d1 c4d3 e5d3,2683,crushing long middlegame,19
F2LoY,8/2p3p1/2k1p2p/4PP1P/2K1N1P1/8/8/6b1 b - - 0 43,c6d7 f5f6 d7e8 g4g5 g1h2 f6g7,2684,advancedPawn crushing endgame long master,12
LleeE,8/3KP2k/p7/8/8/4r1p1/8/3R4 b - - 1 49,h7h6 d1d6 h6g7 e7e8q e3e8 d7e8,2684,advancedPawn crushing endgame long promotion rookEndgame,7
OdpPM,2rr4/pb3pkp/1p2pnp1/8/q2PPQP1/3B1N2/P4P1P/R2R2K1 b - - 0 20,c8c3 f4e5 h7h6 h2h4 a4a5 d4d5 e6d5 g4g5,2685,crushing master middlegame pin quietMove veryLong,24
VOKrg,8/5k2/1pp1p3/3p1p2/P2P1P2/1P4K1/8/8 b - - 0 45,c6c5 d4c5 b6c5 a4a5 c5c4 b3c4 d5c4 g3f2,2685,crushing defensiveMove endgame pawnEndgame quietMove veryLong,11
1ygeD,r3r1k1/pp3pB1/3bpPp1/3p2Np/3n2PQ/2q4P/P4R2/5RK1 b - - 0 23,d6c5 g4h5 d4f3 g5f3 c3f3 h5g6 f7g6 h4h8 g8f7 h8h7,2686,advantage clearance kingsideAttack middlegame veryLong,23
WW8n5,r4rk1/1pp2pbR/3p1qP1/p7/1n2P3/1N3P2/1P1QBP2/1K1R4 b - - 0 20,a5a4 h7g7 g8g7 b3d4 f7g6 d2b4,2686,advantage long middlegame quietMove sacrifice,22
zrlU4,8/8/8/6p1/8/3k2PP/4p3/4K3 b - - 1 62,d3e4 e1e2 e4f5 e2d3 f5e5 d3e3,2686,crushing defensiveMove endgame long master pawnEndgame zugzwang,6
IpcHj,6R1/8/8/kp2K1P1/p7/PrP5/8/8 b - - 2 60,b3a3 e5d4 a3a1 g5g6 a1g1 g6g7,2687,advancedPawn crushing endgame long rookEndgame,9
QGRVE,1k1rb1n1/ppp2q2/4p1pr/4np2/3p3N/PR4PN/1P1Q2BP/2R3K1 b - - 1 26,e8c6 c1c6 e5c6 b3b7 b8b7 d2b4 b7c8 g2c6,2687,advantage attraction deflection middlegame pin queensideAttack sacrifice veryLong,25
tiNeo,8/8/8/5p2/3kp3/1p4P1/1P1K1P2/8 b - - 2 50,d4d5 d2c3 e4e3 f2f3 e3e2 c3d2 e2e1q d2e1,2687,crushing endgame pawnEndgame quietMove veryLong,8
z4Dii,1r2k3/1pRn1pp1/p2Pp1b1/6P1/8/P4P2/3R4/6K1 b - - 0 30,e8d8 d2h2 f7f5 h2h8 g6e8 g5g6,2687,advantage endgame exposedKing long pin quietMove,16
4XeOU,8/p4k2/1p3p1p/5P2/1PPpK1P1/3N4/2n5/8 b - - 0 48,a7a5 c4c5 b6c5 b4a5 c5c4 d3b2 c4c3 b2d3,2688,advantage defensiveMove deflection endgame knightEndgame veryLong,13
Z4qZu,r7/pp5k/2bp2p1/2pqp1Pp/2n1NP2/2Q5/P3R2P/5RK1 b - - 3 32,a8f8 f4e5 f8f1 g1f1,2688,advantage master masterVsMaster middlegame short,21
3Pzc9,2r3k1/1p1b1r2/pq2p2p/3pB1p1/P2Pnp2/1B3Q1R/1PP3PP/4R1K1 b - - 1 25,f7f5 f3h5 f5e5 h5g6 g8f8 g6h6 f8e7 h6g7,2689,crushing exposedKing kingsideAttack middlegame sacrifice veryLong,25
G5Vc3,8/1p5p/6p1/p3k1P1/1PP1p2P/P3K3/8/8 b - - 0 40,a5b4 a3b4 e5f5 b4b5 f5e5 b5b6,2689,crushing endgame long pawnEndgame quietMove zugzwang,12
l8aLt,4r3/p7/1pp4R/3pkP2/6B1/P4PK1/4b3/8 b - - 1 37,c6c5 f3f4 e5d4 g4e2,2689,advantage discoveredAttack endgame short,13
5YvmW,8/r6p/P5p1/1k3p2/5P2/3R3P/6PK/8 b - - 0 42,b5a6 d3a3 a6b7 a3a7 b7a7 h2g3 h7h6 g3h4 a7b6 g2g4 f5g4 h3g4 b6c5 g4g5 h6g5 h4g5,2690,crushing endgame exposedKing master rookEndgame veryLong,11
buEQI,r3r1k1/ppq4p/2p4Q/4pR2/2P5/2B5/P1P3PP/6K1 b - - 0 24,e8e7 f5g5 e7g7 h6e6,2690,crushing endgame short,18
fYa3V,1r4k1/1r3pp1/2q4p/p1p5/3PRP2/1PP3PP/2Q4K/1R6 b - - 0 30,b7b3 d4d5 c6d5 b1b3 d5b3 e4e8 b8e8 c2b3,2690,advantage deflection endgame intermezzo veryLong,19
9e3C2,5r1k/ppp4p/3p1R1P/n3p3/4P3/1qPP4/1P4Q1/1K6 b - - 1 30,f8g8 g2f1 a5c6 f6d6 g8g1 f1g1,2691,crushing endgame long quietMove,18
FeHk4,8/p7/1p2pk1p/2p3p1/2P1K1P1/8/PP5P/8 b - - 0 34,e6e5 e4d5 h6h5 g4h5 f6f5 h5h6,2691,crushing endgame long pawnEndgame,13
Kd5d4,4kb1r/p1R1np1p/3p2p1/B2Pp3/b3n3/5N2/P3rPPP/1R4K1 b k - 1 18,e7c8 c7c8 e8e7 a5d8 e7d7 c8a8,2691,advantage hangingPiece long middlegame,23
ksLD9,1r3r2/p1p4p/2kp4/2q5/8/1R6/P1P3Q1/1K1R4 b - - 6 35,c6d7 g2g4 d7c6 g4a4 b8b5 c2c4,2691,advantage endgame long,14
SjA5e,8/p5kQ/2P4p/2q3b1/8/P2B3K/8/8 b - - 4 51,g7f6 h7g6 f6e7 g6g7 e7e6 d3c4,2692,crushing endgame exposedKing long master,10
bbKwi,7r/p3R1Qp/2pp1r2/5k2/8/7P/5PPK/3q4 b - - 2 31,h8f8 g7h7 f6g6 g2g4 f5g5 h3h4,2692,crushing endgame long,14
p4Mam,5rk1/4R1pp/1Q6/p7/2p1P3/P1q4P/6PK/8 b - - 0 33,c3a3 b6c7 a3b2 e4e5 g8h8 e7g7,2694,crushing endgame long quietMove,14
H0NfU,3r1rk1/pp4bp/4p1p1/2p5/1nQ1R3/6P1/PP3P1P/R1Bq1BK1 b - - 0 19,g7d4 c4e6 g8h8 c1f4,2695,advantage defensiveMove kingsideAttack master middlegame short,23
MVF6C,7k/p4p2/1p5P/r2B2P1/3PK3/8/8/8 b - - 4 39,a5a1 d5f7 h8h7 d4d5 a1f1 f7h5,2695,crushing defensiveMove endgame long quietMove,10
PmNEH,3r2k1/6pp/3P1p2/7R/8/4QPKP/1q6/8 b - - 0 36,g7g6 e3e6 g8h8 e6e7 g6h5 e7d8 h8g7 d8e7,2695,crushing endgame veryLong,12
E71Ub,7r/Npk1p2p/2p1bbp1/8/3pq3/8/1Q4PP/1RR4K b - - 1 32,h8b8 a7c6 e4b1 c1b1,2696,advantage middlegame short,18
Ia7aN,r3r3/pp3p1p/8/1k1Q4/1q4p1/5pBP/2P5/5K1R b - - 4 37,b4c5 c2c4 b5b6 g3c7 b6c7 d5c5,2697,attraction crushing deflection endgame long master,16
9IkmC,8/4k3/r3p1K1/7P/6P1/8/p7/R7 b - - 0 52,a6a8 h5h6 a8g8 g6h5,2698,crushing endgame rookEndgame short,8
2h2DI,8/8/6KP/8/6P1/2k5/8/1r6 b - - 0 57,b1h1 g4g5 c3d3 g6h7 h1b1 g5g6,2699,crushing endgame long master quietMove rookEndgame,5
KXLsW,r2qk2r/pp6/3pP3/5b2/4n2p/P5P1/1P2N1PB/R2Q1RK1 b kq - 0 21,h4g3 d1a4 e8e7 f1f5 d8b6 g1f1,2699,crushing defensiveMove long middlegame,21
iMqEl,8/8/6Kp/5pp1/4k3/6PP/5P2/8 b - - 1 50,f5f4 g3f4 g5g4 h3h4,2699,crushing defensiveMove endgame master pawnEndgame short,8
LzB5c,8/1K3pk1/2P3p1/8/5P2/8/6rp/7R b - - 1 49,g2g1 h1h2 g1b1 b7c7,2700,advantage defensiveMove endgame rookEndgame short,9
f6yE6,5rk1/2q2ppp/4p3/1bBpNn2/3P4/6P1/5PBP/Q5K1 b - - 0 25,b5c6 c5f8 g8f8 a1c1 f5d4 c1c5 f8g8 c5d4,2700,advantage fork middlegame veryLong,19
jJCJz,1r3rk1/p3pp1p/2p3bQ/3nP3/N2p2P1/qP3P2/P2K4/R4B1R b - - 1 21,d5c3 f1d3 c3a4 d3g6 a3b2 d2e1,2700,advantage defensiveMove long middlegame,23
STsAj,8/6k1/ppp1p2p/3pP1pK/1P1P2P1/P6P/2P5/8 b - - 0 36,a6a5 b4a5 b6a5 h3h4 g5h4 h5h4 g7g6 a3a4 g6f7 h4h5 f7g7 g4g5 h6g5 h5g5,2701,crushing endgame pawnEndgame quietMove veryLong zugzwang,16
nnGVF,3r2k1/q3pp2/p5Qp/6p1/2B5/P5PP/2P3PK/b7 b - - 2 31,g8h8 g6h6 h8g8 h6g6 a1g7 c4f7 g8f8 f7e6 a7f2 g6h7 f2f7 e6f7,2701,advantage endgame exposedKing pin quietMove veryLong,17
oaCkt,1r6/1Pk2pp1/4p2p/1R2K3/5P2/7P/5P2/8 b - - 0 38,b8b7 b5b7 c7b7 e5d6 h6h5 h3h4 b7b6 d6e7,2701,crushing endgame quietMove rookEndgame veryLong,12
5BHep,8/8/4p3/4kp1p/2K5/4PP2/7P/8 b - - 0 46,e5f6 h2h4 f6e7 c4c5 e7d7 e3e4,2702,crushing endgame long pawnEndgame quietMove,8
806CI,8/p7/1pp1p3/4P1pk/PP1PP3/6K1/8/8 b - - 1 41,g5g4 b4b5 c6c5 d4c5 b6c5 a4a5 c5c4 b5b6 a7b6 a5b6 c4c3 b6b7 c3c2 b7b8q c2c1q b8e8,2702,advancedPawn crushing endgame pawnEndgame promotion quietMove veryLong,12
SaoxK,8/5p2/1P2p3/2N5/2K3P1/4b2k/8/8 b - - 0 44,h3g4 b6b7 e3f4 c5a6,2702,advancedPawn crushing defensiveMove endgame short,8
dqZd5,8/8/7p/p1p1k3/1p1p2P1/1P3K1P/P1P5/8 b - - 0 40,e5d5 h3h4 d5e5 h4h5 e5f6 f3f4,2702,crushing defensiveMove endgame long pawnEndgame quietMove zugzwang,12
nJB7R,2r3k1/4Qppp/p7/1p5q/4B2P/P2pn1P1/1P1Nb2K/4R3 b - - 2 27,h5g4 e4d3 e2d3 e1e3 h7h5 e3d3,2702,advantage long middlegame,20
ymjQK,8/4kp2/1p2B2p/4P3/1P3K1P/8/8/8 b - - 0 41,e7e6 b4b5 h6h5 f4e4,2702,crushing defensiveMove endgame pawnEndgame quietMove short zugzwang,9
dG7oX,2n5/2P5/B7/2K5/p7/P4k2/5p2/8 b - - 0 73,f3g2 a6c8 f2f1q c8b7 g2f2 c7c8q f1c1 c5b4,2703,advancedPawn clearance crushing endgame promotion veryLong,8
AICo5,8/p7/1pk2NKp/7P/8/P1n5/8/8 b - - 1 56,c6d6 g6h6 c3e2 f6e4,2704,crushing endgame knightEndgame master short,9
UyWZK,8/7p/ppp3p1/6P1/PP1Pk2P/2K5/8/8 b - - 0 42,e4f4 c3c4 f4g4 a4a5 b6a5 b4a5 g4h4 c4c5 h4g5 c5c6 g5f4 d4d5 g6g5 d5d6 g5g4 d6d7 g4g3 d7d8q,2704,advancedPawn crushing endgame master pawnEndgame promotion quietMove veryLong,12
Zqzyi,r3r3/pp3pk1/6p1/q3nb2/2B2Q2/8/PP2NPP1/3R1K1R b - - 9 19,e8h8 h1h8 a8h8 d1d5 h8h1 e2g1 e5c4 f4d4 g7h7 d5a5,2704,crushing fork middlegame sacrifice veryLong,20
gnRfV,1k2r2r/1p1q2p1/p1ppNpPp/3Pn3/4P3/B7/P3QPP1/2R3K1 b - - 3 28,e5g6 d5c6 d7e6 c1b1 b7b5 b1b5 a6b5 e2b5 b8c8 b5b7 c8d8 c6c7,2704,advancedPawn advantage middlegame pin queensideAttack sacrifice veryLong,23
vWDvF,8/pp1k4/5ppp/P1PK4/5PPP/8/8/8 b - - 0 39,a7a6 h4h5 g6g5 f4f5 d7e7 c5c6 b7c6 d5c6,2704,crushing endgame pawnEndgame quietMove veryLong zugzwang,12
BnIiz,r5r1/1p3p1p/p1k2Qp1/3q4/1Pn5/P4N2/2P2PPP/4R1K1 b - - 0 27,c6b5 f3d4 b5a4 d4e2 d5d2 e2c3 d2c3 f6c3,2705,crushing middlegame quietMove veryLong,20
Q2xwa,r3r1k1/ppq2p1p/6p1/3P1n1n/6P1/2N4P/PPQ1NR2/5RK1 b - - 0 23,e8e2 c2e2 h5g3 e2f3 g3f1 g4f5,2705,crushing hangingPiece long middlegame,22
q553H,r3k3/pR3p2/2p5/2P1pq2/8/P2P4/3Q4/4K3 b - - 3 37,a8d8 d2h6 d8d7 b7b8 e8e7 h6h4 f7f6 h4h8 f5g6 b8g8 g6f7 g8g7,2705,crushing endgame pin veryLong,13
qcZ0s,1k3r2/3q2p1/2R1B2p/1pp2r2/n4p1P/P4Q1P/1P6/1K5R b - - 5 34,d7d4 f3e2 d4b2 e2b2 a4b2 e6f5 f8f5 b1b2,2705,advantage master middlegame veryLong,19
rBecv,8/4k3/3RB2P/K3P3/5r2/8/3p4/8 b - - 0 53,d2d1q d6d1 e7e6 d1h1 f4f8 h1h5,2705,crushing defensiveMove endgame long quietMove,8
4QOwV,8/3R1p2/2rppk1p/3p2p1/3P1PP1/4P1KP/8/8 b - - 0 37,e6e5 d7d6 c6d6 f4e5 f6e7 e5d6 e7d6 g3f3 d6d7 e3e4,2706,attraction crushing endgame fork rookEndgame sacrifice veryLong,15
KVUOU,7k/8/1p3P1p/3B1K1P/2P5/p4P2/4r3/8 b - - 1 40,e2f2 f5e6 f2e2 d5e4 e2e4 f3e4 a3a2 f6f7 h8g7 e6e7,2706,advancedPawn crushing defensiveMove endgame veryLong,11
S6Mlg,r4rk1/p2R1pbp/b1p1p1p1/q7/1p2P3/1B2PQ2/PPP1N1PP/5RK1 b - - 3 16,c6c5 f3f7 f8f7 f1f7 a6c8 f7g7,2706,crushing kingsideAttack long middlegame pin sacrifice,26
aVGlS,5rk1/p1q1r1pp/1p2p3/2b1P3/6B1/P1B4P/1P2Q1P1/3R3K b - - 0 37,c5a3 c3e1 a3c5 b2b4,2706,advantage middlegame quietMove short,20
9bitW,2k5/5p2/PKp1pPp1/4P1P1/7p/3p1r2/8/3R4 b - - 0 40,c8b8 a6a7 b8a8 b6a6 d3d2 d1d2,2707,advancedPawn crushing endgame long rookEndgame,14
JQppg,4R3/8/3r2pp/4kp2/8/1P2K1PP/8/8 b - - 3 48,d6e6 e8e6 e5e6 e3d4 g6g5 b3b4 h6h5 h3h4,2707,crushing endgame quietMove rookEndgame veryLong,10
ORaWj,6r1/4Qpkp/3Bpp2/3p4/p2q2PP/3b1P2/5RK1/8 b - - 0 32,f6f5 e7c7 h7h5 d6e5 d4e5 c7e5,2707,crushing endgame fork long,17
C0WfZ,3r3k/3P2p1/1q6/4P3/2p5/3n2QP/P5PK/8 b - - 0 40,b6e6 g3h4 e6h6 h4h6 g7h6 e5e6 h8g7 e6e7 d8d7 e7e8q,2708,advancedPawn crushing endgame fork promotion veryLong,13
F67me,8/1Q6/P2q2pk/2p1pp2/2Pp3p/4b2P/2p3P1/5R1K b - - 0 47,c2c1q f1c1 e3c1 a6a7 d4d3 b7b8,2708,advancedPawn advantage endgame long,17
MQ7Bf,7k/8/8/7p/8/2RR4/5q2/2K5 b - - 3 57,h5h4 c3c8 h8h7 d3d7 h7h6 c8c6 h6g5 d7d5 g5g4 c6c4 g4h3 d5d3 h3g2 c4g4 g2f1 d3d1 f1e2 d1d2 e2f3 d2f2,2708,crushing endgame exposedKing master queenRookEndgame skewer veryLong,6
QHmHL,2r3k1/5pbp/p5P1/1p6/3Pq1PQ/4B3/PPr5/K2R3R b - - 0 26,h7g6 h4h7 g8f8 e3h6 g7h6 h7h6 f8e7 h1e1 c2e2 h6h1,2708,advantage clearance middlegame pin veryLong,19
TDDhZ,5r1k/p3b1pp/1ppp1r2/5P1R/5NQ1/7P/P4qP1/1R5K b - - 1 30,f2c2 b1e1 e7d8 f4g6 f6g6 f5g6,2708,crushing long middlegame pin,20
cXwKh,8/1p6/p1p5/2P2kp1/1P6/6KP/1P6/8 b - - 5 46,f5g6 g3g4 g6f6 g4h5 f6f5 b2b3 f5f6 h5h6,2708,crushing endgame pawnEndgame quietMove veryLong zugzwang,10
NzTyh,1r4k1/r4ppp/p2q4/2p1b3/Q2p4/3P1BPP/bP1B4/2K1R1R1 b - - 3 24,a2d5 f3d5 d6d5 e1e5 d5e5 g1e1 e5e1 d2e1,2709,advantage clearance middlegame sacrifice veryLong,22
T8xOy,r5kr/pp3ppp/3pN2q/3n4/6Q1/8/PPP2RPP/4R1K1 b - - 5 20,a8e8 g4a4 d5c7 a4d7,2709,crushing middlegame short,21
ahM5F,8/7p/3P2p1/8/1np3k1/2P1QP2/7K/q7 b - - 0 37,g4f5 e3e4 f5g5 d6d7 a1d1 e4e7,2709,advancedPawn crushing endgame long,11
oRBYs,r4k1r/pp4pp/q4nn1/5N2/2b5/P1N3Q1/2P2PPP/1R2R1K1 b - - 0 22,a8e8 g3c7 c4f7 f5d6 a6d6 c7d6,2709,crushing long middlegame,22
pL5mp,3n1rk1/5p2/2p2Pp1/4p1P1/1pP1P3/pP1B2KQ/Pq6/3R4 b - - 7 40,b2c3 g3g4 c3d4 h3h6,2710,crushing endgame short,20
z39Nb,2r3k1/1p1b1pp1/3qpn2/p2pN1p1/P2P4/2r2QP1/5PKR/7R b - - 1 28,g8f8 e5g6 f7g6 f3f6 g7f6 h2h8 f8e7 h1h7,2710,mate mateIn4 middlegame sacrifice veryLong,22
AfrPN,8/p2Pk3/6p1/4K1Pp/7P/5P2/8/8 b - - 2 49,e7d7 e5f6 a7a5 f6g6 a5a4 g6h7 a4a3 g5g6 a3a2 g6g7 a2a1q g7g8q,2711,advancedPawn crushing endgame pawnEndgame promotion veryLong,9
HNVwK,2r1q3/1p5k/p1r2b1B/3p1Q2/8/2p4N/PP5P/6RK b - - 1 34,h7h6 h3f2 f6d4 f5h3 e8h5 f2g4,2711,advantage clearance exposedKing long middlegame quietMove,17
MDPFO,5b2/1R5P/r5n1/2p2k2/2Pp2P1/8/3B1PK1/8 b - - 0 48,f5g4 b7f7 f8h6 f2f3 g4h4 d2h6,2711,advantage endgame long,13
f3pRY,4r1kr/pp4b1/2pB1nPp/2PpR3/3P4/1BN5/PP6/2K5 b - - 0 29,g7f8 c3e4 e8e5 e4f6,2711,crushing kingsideAttack middlegame pin sacrifice short,20
OaHb0,5rk1/pp1q1pbp/1n4r1/3p1bPQ/3P4/1PN1PNR1/PB6/2K2R2 b - - 6 23,f5e4 c3e4 d5e4 f1h1 g6c6 c1b1,2712,crushing defensiveMove long middlegame quietMove,24
SEjXG,r4r2/1b1q4/6kP/2p5/2N1B3/1p2P3/1P5R/1QK5 b - - 0 33,b7e4 b1e4 d7f5 c4e5 g6h7 e4b7 f8f7 b7f7 f5f7 e5f7,2712,crushing exposedKing middlegame veryLong,15
kNQFr,bn5r/2k3bp/p4p1n/2p2qp1/2P1N3/4BB2/PPQ2PPP/3R2K1 b - - 1 24,g5g4 c2d2 a8e4 d2d6 c7c8 e3f4 f5f4 d6f4,2712,advantage exposedKing middlegame quietMove sacrifice veryLong,24
lBlrq,1r3rk1/4p2p/p2pPpp1/1q2n3/4P3/6PP/P2Q1PB1/2R1R1K1 b - - 2 28,e5d3 a2a4 b5b3 c1c3 b3c3 d2c3,2712,crushing long middlegame,22
t4w2j,2b5/8/2P5/8/pK2B3/P5kp/8/8 b - - 5 60,h3h2 b4a4 g3f2 c6c7,2712,advancedPawn bishopEndgame crushing endgame short,8
pQZfB,2b1k3/3q4/2p2QP1/3p4/3PpP2/1p2P1K1/5N2/8 b - - 0 57,b3b2 f6h8 e8e7 g6g7 d7e6 h8f8 e7d7 f4f5,2713,advancedPawn crushing endgame exposedKing veryLong,14
3bHWK,2r5/p2qppk1/2p1b1p1/1p1rP3/1P1P1QP1/P4N2/5PK1/R2R4 b - - 2 25,e6g4 d1h1 g4f3 g2f3 f7f6 e5f6 e7f6 f4h6,2714,advantage master middlegame quietMove veryLong,22
Tl3TS,8/8/4k1pp/pp6/4K1PP/P1P5/8/8 b - - 0 41,a5a4 e4d4 e6d6 g4g5 h6g5 h4g5 d6c6 c3c4 b5c4 d4c4,2714,crushing endgame pawnEndgame veryLong zugzwang,10
c9qD6,6k1/p4p1p/1P2pp2/1P6/5n2/4PPK1/2rr2PP/R3R3 b - - 2 27,f4g2 b6b7 g2e1 b7b8q g8g7 a1e1 d2g2 g3h3,2714,advancedPawn advantage endgame intermezzo promotion veryLong,18
gAkhD,2r5/8/1P1B4/4p3/2pk4/8/2P1K3/8 b - - 2 39,e5e4 b6b7 c8g8 b7b8q g8b8 d6b8 e4e3 e2d1,2714,advancedPawn crushing defensiveMove endgame promotion veryLong,8
1otf0,8/p7/1p6/8/2k3K1/5P2/P7/8 b - - 0 58,c4d4 f3f4 d4d5 g4f5 d5d6 f5f6,2715,crushing defensiveMove endgame long pawnEndgame quietMove,6
Sx8th,2n1k1r1/4q1pR/4p1P1/1p1pBp2/2pP1K2/P1P2P2/1P5R/8 b - - 12 45,c8b6 h7g7 e7g7 e5g7 g8g7 h2h8 e8e7 f4g5,2715,advantage endgame exposedKing veryLong,20
ZHqFx,8/7p/p2p2p1/Pp1k2R1/1P5P/3K4/2P2rP1/8 b - - 4 33,f2f5 g5f5 g6f5 h4h5 d5e5 c2c4 b5c4 d3c4,2716,crushing endgame quietMove rookEndgame veryLong,14
r7ZU8,r2qr3/pb2bk1p/1p2p1pQ/8/2Pp4/P7/1PB2PPP/3RR1K1 b - - 0 21,f7g8 c2g6 h7g6 h6g6 g8f8 e1e6,2716,advantage kingsideAttack long middlegame,23
tIf6r,1r4k1/5pp1/3p2qp/8/2BQb3/P4P1P/6PK/1rR3R1 b - - 0 28,e4f3 c4d3 b1c1 d3g6,2717,crushing fork middlegame short,18
2GozZ,r3r2k/3bq3/2p2p1B/pp1pb2Q/B3N2P/3P4/PPP3P1/5RK1 b - - 7 32,b5a4 e4f6 e5f6 h6g5 h8g7 h5h6 g7g8 f1f6,2718,advantage deflection discoveredAttack discoveredCheck exposedKing kingsideAttack middlegame sacrifice veryLong,23
Yr3RL,r5k1/pp2r1bp/2n3p1/6P1/3PNR1P/2P2Q2/Pq4P1/4R1K1 b - - 3 25,a8f8 f4f8 g7f8 e1f1 f8g7 e4f6,2718,advantage kingsideAttack long middlegame quietMove,21
gurg0,8/2R3pk/2n4p/4pP2/2PpP2P/2rP4/2b5/5BK1 b - - 10 41,c6b4 f5f6 c3a3 f1h3 h7g6 f6g7 a3a8 h3e6,2718,advancedPawn advantage defensiveMove endgame pin quietMove veryLong,16
VwWeG,8/6p1/p1p5/1p1p1pk1/P2P3P/1PP2KP1/8/8 b - - 0 35,g5f6 f3f4 a6a5 h4h5 g7g6 h5g6 f6g6 f4e5,2719,crushing endgame pawnEndgame quietMove veryLong zugzwang,14
EusiI,8/5p2/4k1p1/p1p1p2p/P3PP2/3PK1PP/8/8 b - - 0 33,f7f5 h3h4 e6d6 e3d2 f5e4 d3e4,2720,crushing endgame long pawnEndgame quietMove,14
xPQ0Q,8/8/3Bp2p/4P2P/1P2kb2/8/3p4/3K4 b - - 6 54,e4d3 b4b5 f4e3 d6f8 d3c4 f8h6 e3h6 b5b6,2720,bishopEndgame crushing endgame quietMove sacrifice veryLong,10
d19Ix,r1br2k1/5pp1/p2p2P1/1p1N4/2PQP3/8/PP2q3/1K4R1 b - - 0 24,f7f6 d5f6 g8f8 f6h7 f8e8 d4g7 e2d3 b1a1,2721,crushing deflection discoveredAttack middlegame veryLong,19
KGD0q,r2qr1k1/1b1np3/pp1p2R1/7p/2PbP3/2NB4/PPQB4/2K5 b - - 0 22,d4g7 d2h6 d7e5 c2g2 g8f7 g6g7,2722,advantage clearance long middlegame quietMove,22
LtLJc,2r5/p2R3p/1p4pk/4Bp2/4pP2/1B5P/P1P1q1P1/6K1 b - - 2 30,g6g5 d7d6 h6h5 b3f7 h5h4 g1h2,2722,advantage defensiveMove endgame long,18
Z1Gor,2r5/6p1/7p/1R1k1P2/P1p5/2Kp4/6PP/8 b - - 3 45,c8c5 b5c5 d5c5 a4a5 d3d2 c3d2,2722,crushing endgame long quietMove rookEndgame,12
u5ing,r4rk1/2qb1p1p/p2bp1p1/1p1p4/1P6/P2P1Q1P/1BP2PP1/RN2R1K1 b - - 1 18,c7c2 f3f6 e6e5 b2c1 f8e8 f6d6,2722,advantage long middlegame quietMove,26
w29Af,8/p1bq2kp/3n2p1/4Q3/2pP4/P3P1P1/7P/5R1K b - - 4 32,g7h6 e5f4 g6g5 f4f8 h6h5 f1f6,2722,clearance crushing endgame long,16
h4fBo,3r4/7P/4k2K/3p4/8/8/8/5R2 b - - 10 63,d5d4 f1g1 d8h8 g1g5,2724,crushing defensiveMove endgame quietMove rookEndgame short,6
R0KbZ,2r5/pp1b2qk/4pRp1/3pP1Qp/1Pn2BPP/8/P1P5/2K5 b - - 0 31,h5g4 h4h5 d7e8 f6e6 g6h5 e6e7 e8f7 g5f5 h7g8 f5c8,2725,advantage fork middlegame pin veryLong,21
9oZ0N,4rq1k/pp6/2p1b1QN/3rp3/3bpP2/6R1/P5PP/5R1K b - - 0 32,e5f4 f1f4 f8f4 g6e8 h8h7 e8g6,2726,crushing deflection exposedKing fork long middlegame,20
BEHQs,7k/r6p/2p5/2qp2Q1/7P/5R2/6PK/8 b - - 0 36,c5d6 f3g3 d6f8 g5e5 a7g7 g3b3 h7h6 b3b8,2726,crushing defensiveMove endgame pin quietMove veryLong,11
pWLXq,q7/3P3k/7p/1K6/3Q4/p3P3/8/8 b - - 14 54,a8b7 b5c4 b7c7 c4b3,2726,crushing defensiveMove endgame queenEndgame short,8
sXYeQ,8/2P3p1/6k1/1p2B3/2n1P3/2P2K2/3q4/8 b - - 4 65,d2c3 e5c3 c4b6 f3e3 b6c8 e3d4,2726,crushing defensiveMove endgame hangingPiece long master,10
KI2Zs,r5k1/6pp/8/p1Bp2Q1/q1p1b3/1rPp2P1/1P5P/4RRK1 b - - 1 37,b3b8 f1f7 g8f7 g5e7 f7g8 c5d4 a8a7 e7a7,2727,attraction crushing middlegame sacrifice veryLong,20
gIWbi,8/2r4p/6p1/3k1pP1/R2p1P1P/5K2/P7/8 b - - 6 43,c7c4 a4c4 d5c4 f3e2 c4c3 e2d1 d4d3 d1c1 c3b4 c1d2,2727,crushing endgame rookEndgame veryLong zugzwang,12
pMQM7,7r/5k1P/1p3qpQ/p7/3pRP2/PP4K1/8/8 b - - 0 45,f6f5 e4e7 f7e7 h6g7 e7e6 g7h8 f5d3 g3h4 g6g5 h4h5,2727,attraction crushing endgame fork sacrifice veryLong,14
1muYO,8/p1q2pk1/2pp2p1/4r3/2P4P/4P3/P4P2/Q4RK1 b - - 4 28,c7e7 f2f4 e7h4 g1g2 h4g4 g2f2,2728,crushing defensiveMove endgame long pin,16
pjkxu,8/3k4/4pppp/p1P5/1p1PP3/3K2PP/P7/8 b - - 1 41,d7c6 d3c4 f6f5 d4d5 c6c7 e4f5,2728,crushing endgame exposedKing long pawnEndgame,14
waTzU,5k2/2p2p2/1p1r4/pP1P4/Pb2K1R1/4B3/5P2/8 b - - 2 45,d6g6 g4g6 f7g6 e3f4 b4c5 e4f3 f8e7 f4c7,2728,crushing endgame veryLong,14
FrFZ7,8/8/2k2ppp/1p6/1p2KPP1/1P4P1/P7/8 b - - 4 38,c6c5 g4g5 h6g5 f4g5 f6g5 g3g4 c5d6 e4d4,2729,crushing defensiveMove endgame pawnEndgame quietMove veryLong zugzwang,12
Zc6yv,rn1bnrk1/pp3ppp/7q/3NR3/6Q1/1B6/PPP2PPP/4R1K1 b - - 0 22,e8f6 d5f6 d8f6 b3f7 g8h8 e5h5,2729,advantage discoveredAttack kingsideAttack long middlegame pin,24
RzSRc,3r2k1/R3Rp2/1pB2P1p/2n4P/6K1/8/4r3/8 b - - 0 36,c5e6 c6e8 e2e4 g4f5,2730,crushing defensiveMove endgame master masterVsMaster short,13
uWcPy,2k2nRr/p1q5/Ppp5/3p1p2/3PB3/1PP1P2r/3KQP2/6R1 b - - 0 26,d5e4 e2c4 h3h7 c4e6 c7d7 e6f6 h8g8 g1g8 h7f7 g8f8 f7f8 f6f8,2730,crushing exposedKing middlegame pin veryLong xRayAttack,21
UsSHZ,8/2p5/P7/1K1kP3/8/3N4/8/r7 b - - 0 47,a1d1 d3b4 d5e6 a6a7 d1d8 b4a6 e6e5 a6b8,2731,advancedPawn advantage defensiveMove endgame veryLong,7
3CQle,5k2/p5p1/4P1Pp/3R4/1p1P1K2/r7/8/8 b - - 0 40,b4b3 f4e5 b3b2 d5d8 f8e7 d8d7 e7e8 d7b7,2732,crushing endgame rookEndgame veryLong,11
AtmSO,1k1r3r/p4ppp/Qp3n2/4p3/P7/2P2P2/1q2BPKP/R6R b - - 1 20,b2c3 h1c1 c3a5 a6a5 b6a5 a1b1,2732,advantage long middlegame,21
CNAMX,r1b3k1/1pqn2p1/5p1p/4pN2/2PB4/bP4P1/P3QPBP/3R2K1 b - - 3 24,e5d4 e2e6 g8h8 e6f7 d7f8 f7c7,2733,advantage long middlegame,23
JTcIT,5k2/ppp2p1Q/2q4p/4nBp1/4R3/2P3PP/PP5K/3r4 b - - 1 32,f8e7 e4e5 e7d6 e5e4 d1d2 h2h1,2733,advantage defensiveMove endgame hangingPiece long quietMove,19
X39Dy,1k1r1r2/2p5/1pB4p/pQpPbqpP/2P5/8/PP6/K2R3R b - - 5 30,e5d4 b5a6 d4b2 a1b2 f5e5 b2b1,2733,crushing defensiveMove long middlegame,21
6PvW3,8/5RP1/8/1p3P2/2p4p/5k2/6r1/4K3 b - - 0 43,f3f4 f5f6 h4h3 f7f8 c4c3 e1d1,2734,advantage defensiveMove endgame long quietMove rookEndgame,9
LHD7v,2b1kb1r/5ppp/1Nn1p2n/3pP3/2pP4/p1B2N2/P3BPPP/1R4K1 b k - 2 20,c8a6 e2d1 e8d8 d1a4,2735,crushing middlegame quietMove short,25
a1cOZ,r7/2q1k3/4p1p1/p2pn1Pp/4b3/2B3N1/PP1Q1RP1/7K b - - 1 29,e5g4 c3b4 a5b4 d2b4 c7d6 b4b7,2735,crushing long middlegame sacrifice,19
I3N5G,8/1R3p1k/6rP/4PK2/8/8/8/8 b - - 6 47,g6h6 e5e6 h7g7 b7f7 g7g8 f5e5,2737,crushing defensiveMove endgame exposedKing long pin rookEndgame,7
ctK1G,2R5/3r1q1k/5pp1/3p3p/8/p2Q3P/r4PP1/4R1K1 b - - 1 42,a2b2 d3a3 b2b7 e1e8,2737,crushing defensiveMove endgame master short,16
4IoO3,4r1k1/p4p1p/1pp3p1/5b2/2q2B2/2P4P/P4QP1/3R2K1 b - - 0 24,e8e2 d1d8 g8g7 f2h4 c4c5 g1f1,2738,advantage endgame long master,18
69Yh7,8/5p1p/1p2k1p1/pP2P1PP/3p1P2/Pb1B2K1/8/8 b - - 0 36,e6d5 h5h6 b3c4 e5e6 f7e6 d3g6,2738,bishopEndgame crushing deflection endgame long,16
Vmgr5,2r1r3/pp2B1p1/2kbQ2p/3p1N2/q1nP3P/P7/1PP2PP1/2KR4 b - - 4 22,c6b5 e6d7 c8c6 d7b7,2738,advantage master middlegame short,23
mlexl,8/1b6/1q1P1k1p/7Q/5P1K/r7/2R4P/8 b - - 3 36,b6d8 c2c7 f6e6 c7e7 e6d6 h5e5,2738,crushing endgame exposedKing fork long,11
L1GgQ,6k1/2b5/3p3P/p2PpN2/K3P3/8/8/8 b - - 10 64,g8h8 f5g7 h8h7 g7e8 c7b6 e8d6,2739,crushing endgame long master quietMove,10
TNinD,8/8/2p1p2p/p1k1p3/P1p1Pp1P/1PK2P2/2P3P1/8 b - - 0 33,c4b3 c2b3 h6h5 b3b4 a5b4 c3b3 c5d4 a4a5 d4c5 a5a6 c5b6 b3b4 b6a6 b4c5 a6b7 c5d6,2739,crushing endgame master pawnEndgame quietMove veryLong zugzwang,16
gtgwB,1k1r4/pp3QR1/1qp1P3/3n1Bp1/2p5/8/2Pr2PP/5R1K b - - 2 26,d5e3 e6e7 e3f1 f5d3 f1g3 h2g3 d8h8 g7h7 d2d1 h1h2,2739,advancedPawn advantage defensiveMove middlegame sacrifice veryLong,19
GJUpP,3r1rk1/pp3ppp/5n2/3q4/3N4/8/3R1PPP/3QR1K1 b - - 5 20,f8e8 d4b3 d5b3 d2d8,2740,advantage deflection discoveredAttack middlegame quietMove short,18
Sh3G6,8/5p2/5kpK/7p/7P/5PP1/8/8 b - - 0 50,f6e7 h6g5 f7f5 g5g6 f5f4 g3f4,2740,crushing endgame long pawnEndgame zugzwang,8
pZVlb,8/6kp/p1p5/1pKp1PP1/1P6/P7/8/8 b - - 0 37,h7h6 c5d6 d5d4 d6e7 d4d3 f5f6,2741,crushing endgame long pawnEndgame,11
uBoQk,3q2k1/6b1/p5QB/1p6/2pp4/P7/1PP3P1/6K1 b - - 2 32,d8d7 g1f2 d7e7 g6g7 e7g7 h6g7 g8g7 f2f3,2741,crushing defensiveMove endgame exposedKing veryLong,14
7w5VQ,r2qr1k1/1pp1nppp/3p4/p1n5/P1B5/5Q1P/1P3PP1/R1B1R1K1 b - - 3 17,e8f8 c1g5 c5e6 c4e6 f7e6 f3b3,2742,crushing long middlegame pin,24
KCsRh,5k2/5p2/P5p1/4P2p/P1N2b2/8/2KB3r/8 b - - 0 38,f4d2 c2d3 h2h3 d3d2,2742,crushing endgame master short,12
wH3SO,1n5r/rbp2pk1/1p2p1pp/p3P3/5BN1/2PB4/PP3bP1/2KR3R b - - 1 24,f2c5 h1h6 c5e7 d1h1 h8h6 f4h6 g7g8 g4f6 e7f6 e5f6 b7g2 h1h2,2742,advantage middlegame quietMove veryLong,24
XPy8q,r5k1/ppp2ppp/2pq1n2/2b1r2b/6P1/3P1N1P/PPPN1P2/R1BQ1RK1 b - - 0 12,f6g4 h3g4 h5g4 d2c4 g4f3 d1f3 d6g6 f3g2,2743,advantage fork middlegame veryLong,28
hxLqT,r3k3/ppq5/2n1pBp1/3p1p2/3P1b2/1NP4n/PP2QP2/R6K b q - 1 21,e8d7 b3c5 d7e8 e2e6 c6e7 a1e1 h3f2 h1g2,2743,crushing deflection middlegame quietMove veryLong,22
bmYDc,6k1/1p2p2p/p2p1rpP/4np2/1RB1P3/1PQ2P2/P4qPK/8 b - - 4 29,e7e6 b4b7 e5f3 c3f3,2744,advantage endgame short,21
woLiN,r1b2r1k/2p3pp/p1np2q1/4p1N1/P1N1Pn2/1BP3RP/5PP1/R2Q2K1 b - - 6 20,f4h5 c4d6 c7d6 g5f7 g6f7 b3f7,2745,crushing kingsideAttack long middlegame sacrifice,26
OSKIQ,8/8/1p1k3p/p4p1P/2PK1P2/8/P7/8 b - - 0 41,a5a4 d4c3 d6c5 a2a3 b6b5 c4b5 c5b5 c3d4,2746,crushing defensiveMove endgame master pawnEndgame quietMove veryLong zugzwang,10
uFn2D,8/8/2p3RP/2k5/1pP5/1P5r/3K4/8 b - - 4 49,h3b3 g6g5 c5c4 g5g4,2746,crushing endgame master rookEndgame short,9
Rz81t,3k4/3b2pp/p2B1p2/3P4/2q4P/Q7/5PP1/6K1 b - - 1 27,d7b5 a3e3 c4e2 e3a7 d8e8 a7g7,2747,crushing endgame long quietMove,14
UM0OU,r3r1k1/3p2pp/2b1p3/1p3p2/8/1B4P1/PB3Pn1/2R1R1K1 b - - 1 28,e8f8 e1e6 d7e6 c1c6 g2e1 c6e6,2747,advantage deflection long middlegame pin,19
Xtn2u,2k3r1/pp1n4/1qp4p/4p3/1P2N2P/1QPP3K/P3R3/R5r1 b - - 2 26,d7f6 e4f6 g1g3 h3h2 b6d8 b3e6,2747,advantage hangingPiece long middlegame,20
d9LX6,r6r/1p3pk1/p3p1bR/4P1P1/8/1P6/PKPR3Q/5q2 b - - 2 29,h8h7 h6h7 g6h7 h2h6 g7g8 g5g6 f7g6 d2d7 f1f7 d7f7,2748,clearance crushing middlegame veryLong,18
naMs7,7r/5p2/1p2p3/p2rP3/P4Pkp/1P1pK3/3R1P2/7R b - - 3 54,h4h3 h1g1 g4h4 f2f3 f7f5 e5f6,2748,crushing enPassant endgame long quietMove rookEndgame,17
BBbYL,2b2r2/5pk1/p1Pp2p1/3Pq3/8/5RPP/3Q1P1K/8 b - - 0 34,f8e8 f3e3 e5g5 d2b2 e8e5 f2f4,2750,advantage endgame long pin,16
p9BWN,8/p7/1pp1k3/3p3p/3P1p1P/2PK1P2/PP6/8 b - - 1 32,c6c5 d4c5 b6c5 b2b4 e6d6 b4b5 d6c7 c3c4,2750,crushing endgame pawnEndgame quietMove veryLong,14
5ivW0,2b2r2/6pk/1p3q1p/2p2p2/p1PbB2P/P5P1/2QN1P1N/1R4K1 b - - 0 33,f5e4 d2e4 d4f2 c2f2,2751,advantage middlegame short,22
CjzRb,8/8/6p1/1p6/5p1P/1PP3k1/8/5K2 b - - 4 41,g3f3 c3c4 b5c4 b3c4 f3e4 f1e2 f4f3 e2f2,2751,crushing endgame master pawnEndgame veryLong zugzwang,8
p8378,8/6p1/7p/pppk4/5P2/1P1K2PP/P7/8 b - - 0 35,d5e6 a2a4 b5a4 b3a4 e6d5 g3g4,2751,crushing defensiveMove endgame long pawnEndgame,12
HHRgf,r1b1r3/1p2pp1k/p2p3p/2pPnq1N/P3Q3/3B2R1/2P3P1/4R1K1 b - - 1 25,e5d3 h5f6 h7h8 e4h4 f5f6 h4f6 e7f6 e1e8,2752,crushing master middlegame pin veryLong,23
IcdeP,7k/pp3p2/3q1Pp1/2b3Pp/P6P/4pQ2/6K1/3R4 b - - 1 33,d6e5 d1d8 h8h7 f3d5 e5d5 d8d5,2752,advantage endgame long,16
o8RbH,r2br1k1/pp1q1ppp/3P1n2/4B3/3Q4/6R1/PPP2PPP/1K1R4 b - - 4 19,d8b6 d4h4 f6g4 e5g7,2752,advantage middlegame short,23
2nxMS,1r1q1rk1/1p1b2pp/p2N1p2/2pPn2B/8/6Q1/PP4PP/4RRK1 b - - 0 21,d7b5 d6f5 d8d7 e1e5 f6e5 h5f7 f8f7 f5h6 g8f8 f1f7 d7f7 h6f7,2753,advantage attraction discoveredAttack fork master masterVsMaster middlegame pin sacrifice veryLong,23
HTlAv,2R1r3/3b2kp/1p1q2p1/p2p2P1/P2n4/1P1N1P2/3QB1K1/2R5 b - - 0 37,e8c8 d2b2 c8c1 b2d4 g7g8 d3c1,2753,crushing long middlegame pin sacrifice,20
T0wDs,2r3k1/5p2/6p1/3Q3p/7q/1P6/r2R1PP1/4R1K1 b - - 2 30,c8c2 d2c2 a2c2 e1e8 g8g7 d5e5,2753,crushing endgame long,14
cj2Ve,4r1k1/p3rpq1/R2Q3P/1p4N1/2p2P2/3nn1P1/8/6KR b - - 0 32,g7g6 d6d4 e3f5 a6g6 f7g6 h6h7 e7h7 d4d5,2754,advancedPawn crushing discoveredAttack middlegame veryLong,18
jReNe,8/bP2K3/4B3/6p1/6Pp/8/6k1/8 b - - 3 57,h4h3 e7f6 g2f3 f6f5,2754,bishopEndgame crushing endgame master short,8
qekDv,8/ppp5/1q1k1p2/4nQ2/5nP1/P7/KBPr1P2/4R3 b - - 5 37,d2f2 f5f6 d6d7 f6g7,2754,advantage middlegame short,17
6WqOW,1r3nk1/6b1/2Np2p1/P1pPp1Pp/2P1P1qP/4B2b/2PQ3K/R7 b - - 4 27,g4h4 d2f2 h4f2 e3f2 b8a8 h2h3,2755,crushing long master middlegame,23
U7AyW,3r3k/p4p1p/bp2p2Q/4q2N/3bp3/1P4P1/P4PBP/4R2K b - - 1 29,d4f2 g2e4 f7f5 h5f6 e5c7 f6h7 c7g7 h6h4,2755,crushing master middlegame veryLong,21
Dy42Z,1r1q1rk1/4b1p1/n5Pp/2p2P2/p1Pp4/P4B2/1BP1Q3/R3K2R b KQ - 0 25,b8b2 e2e6 g8h8 h1h6 g7h6 g6g7 h8g7 e6g6 g7h8 g6h6 h8g8 h6g6,2756,advancedPawn attraction crushing deflection fork middlegame sacrifice veryLong,22
PoWbp,4b3/7R/rk2PK2/3p4/p1pP4/P1p5/2P5/8 b - - 6 54,a6a7 h7a7 b6a7 f6g7 a7b6 g7f8 e8b5 e6e7,2756,advancedPawn crushing endgame veryLong,13
dD5BK,8/1p6/p7/4Q2k/4P1b1/3P4/P2q3P/2r2R1K b - - 0 30,h5h4 e5e7 d2g5 e7g5,2756,advantage endgame short,13
ps2D4,r2q1rk1/4bppp/p2p1n2/1ppb2N1/5Q1R/3B4/PPP2PPP/R1B3K1 b - - 1 16,c5c4 h4h7 f6h7 d3h7 g8h8 f4h4 e7g5 c1g5 d8g5 h4g5,2756,advantage kingsideAttack middlegame veryLong,27
73Iza,8/p7/1p3k2/3P2p1/P4P1p/5KP1/5Bn1/8 b - - 1 39,h4h3 f4g5 f6g5 g3g4,2757,crushing defensiveMove endgame short,12
H6aRb,8/Pb6/2p5/2Bk4/1P2pKp1/8/8/8 b - - 1 55,d5c4 f4e4 g4g3 e4e5 g3g2 e5d6 g2g1r c5g1,2757,bishopEndgame crushing endgame veryLong,9
tnCpg,5b1k/5q2/1np5/1p1p1BQP/pPnP1N2/P5p1/2P5/6K1 b - - 7 39,f8g7 g5d8 f7g8 f4g6,2757,crushing middlegame short,19
3jNsP,8/8/p1p1kp1p/2P4P/PP6/3K4/8/8 b - - 0 43,e6f5 d3c4 f5e6 b4b5 a6b5 a4b5 c6b5 c4b5 e6d7 b5b6 d7c8 b6c6 f6f5 c6d5 f5f4 d5e4 f4f3 e4f3,2758,crushing endgame pawnEndgame veryLong,10
JKP7W,4r3/1p1Rrpkp/6p1/p7/2P5/1PQ5/q5PP/3R1K2 b - - 1 37,f7f6 c3e3 a2a3 c4c5 g7f7 d1e1,2758,crushing defensiveMove endgame long master pin quietMove,17
N7Wd2,r1r3k1/4ppbp/8/3p1p2/4q3/1QB5/P1P4P/1K1R2R1 b - - 3 24,d5d4 d1d4 e4e6 g1g7 g8g7 d4d6 g7f8 d6e6,2758,advantage discoveredAttack discoveredCheck middlegame pin veryLong,18
w8wpO,r4rk1/4p1b1/pq1p2Q1/1pn3B1/8/2n2N2/P5PP/R3R2K b - - 0 20,f8f7 f3e5 a8f8 e5f7 f8f7 e1f1,2758,crushing long middlegame,20
PLuZh,5r1k/p4p1p/3p3b/7R/5p2/qB5P/P1P3P1/5Q1K b - - 1 27,h8g7 f1f3 a3b2 f3g4 g7h8 h5h6,2759,advantage deflection endgame long,17
Q8rLG,r7/P6p/4k1p1/5pP1/7P/4K3/8/R7 b - - 6 47,e6e5 a1a6 e5d5 e3f4 d5c5 h4h5,2760,advantage endgame long rookEndgame,10
Ei5VO,3Q4/p4ppk/1N4q1/8/8/P4P2/1P6/K7 b - - 0 35,g6b6 d8b6 a7b6 a3a4 f7f5 a1b1,2761,endgame,11
KpzVg,3r1r2/5p1k/p1n1p1p1/1p6/2p5/P1b1BPRP/5P2/1B4RK b - - 1 26,f7f5 g3g6 f8f6 g6g4 f6h6 e3h6,2761,crushing long middlegame pin,20
PW4pd,6r1/1p1k1pbp/p3p3/3pPp2/5P2/BP4QP/P2q2P1/2R3K1 b - - 4 26,d2a2 a3d6 g7e5 g3g8 e5d6 g8f7,2761,advantage endgame long quietMove,21
fRMK2,r1b2rk1/p5b1/4p1p1/q2pP3/6P1/2N5/PP5Q/2KR3R b - - 2 24,g8f7 d1f1 f7e8 h2h7 f8f1 h1f1,2761,advantage long middlegame,19
BZTrW,8/5pkp/6p1/8/6P1/6KP/5P2/8 b - - 0 44,h7h5 g4h5 g6g5 g3g4 g7h6 f2f3 f7f6 g4f5 h6h5 f5f6,2762,crushing endgame master pawnEndgame quietMove veryLong zugzwang,8
XEVbJ,r3rbk1/1p3ppp/2p3qP/p7/8/2B4R/PP3QP1/K4R2 b - - 1 25,b7b5 h6g7 f8b4 h3h6 b4c3 h6g6,2762,advancedPawn advantage long middlegame,20
Ps3Yd,8/5pk1/2Q2bq1/p6p/P5pP/2pn2B1/6PK/5R2 b - - 1 42,d3b4 c6d6 c3c2 f1f6 g6f6 g3e5 f6e5 d6e5,2763,crushing endgame master masterVsMaster pin sacrifice veryLong,16
U9Q29,r7/pp2p1Qp/4k1pB/2pBq3/2P4P/8/P5P1/3b2K1 b - - 5 26,e6f5 g2g4 d1g4 g7f7 e5f6 d5e4 f5e4 f7d5,2763,attraction endgame mate mateIn4 pin sacrifice veryLong,18
dbnGV,7k/2q2pp1/3p3p/2nBp3/8/7P/Q4PP1/6K1 b - - 5 43,f7f5 a2a8 h8h7 a8e8 c5e6 g2g3 c7d8 e8e6,2763,advantage endgame quietMove veryLong,14
tdN5A,4b3/4K3/6p1/1p2Np1p/5P1P/2P3k1/8/8 b - - 1 43,b5b4 c3b4 g3f4 e5d3 f4e3 e7e8,2763,crushing endgame long,11
4DPkM,4r3/8/pp4p1/7k/2P1R3/1P2K3/P7/8 b - - 0 60,e8e4 e3e4 g6g5 b3b4 h5g6 a2a4,2764,crushing defensiveMove endgame long quietMove,10
kEkF2,8/3n4/2k1K3/8/8/8/6PP/8 b - - 0 54,d7f8 e6f7 f8d7 h2h4 c6d6 h4h5 d6e5 h5h6 d7f6 f7g6,2764,crushing defensiveMove endgame knightEndgame quietMove veryLong,5
rqP81,2b5/4k3/1P6/4K1p1/1p2P1B1/8/8/8 b - - 2 45,e7d8 e5d6 b4b3 e4e5 b3b2 b6b7 c8b7 e5e6,2764,advancedPawn bishopEndgame crushing endgame quietMove veryLong,8
BsSpQ,8/r6p/1k1KP1p1/1P6/8/7P/6P1/8 b - - 0 52,b6b5 e6e7 a7a8 d6d7 g6g5 g2g4 a8a4 e7e8q,2766,advancedPawn crushing endgame promotion quietMove rookEndgame veryLong,9
lusKW,2r2rk1/2p1R1p1/1pq2p1p/p4Q2/P1P3P1/7P/4RP2/6K1 b - - 3 30,c6c4 f5d7 c4c1 g1g2 c1g5 h3h4 g5g6 h4h5,2766,crushing defensiveMove endgame veryLong,19
MIJF1,1k1r2r1/p1q5/1p3n1p/1Bb1p1p1/Q4p2/1N2P1P1/P4PP1/2RR2K1 b - - 1 29,f4e3 b3c5 b6c5 c1b1 d8d1 a4d1,2767,crushing long middlegame quietMove,23
VQk2O,8/2k3pp/3p1p2/p2P4/P3K2P/6P1/5P2/8 b - - 1 43,c7b6 e4f5 b6c5 f5e6 h7h5 g3g4 h5g4 h4h5 f6f5 e6f5 c5d5 f5g6 d5e4 g6g7 d6d5 h5h6,2767,crushing endgame pawnEndgame quietMove veryLong zugzwang,12
YKdwl,8/p1k4p/2p5/1pN1P3/8/1P5P/q4P2/4RK2 b - - 0 39,a2a3 e5e6 c7d8 e6e7 d8e8 c5b7,2767,advancedPawn advantage defensiveMove endgame long,13
KGtji,r1bqk2r/ppp2ppp/8/2Qp2b1/3NN3/8/PPP2PPP/1K1R3R b kq - 1 14,d5e4 d4b5 d8e7 b5c7 e7c7 c5c7,2768,crushing fork long middlegame,25
a0Ct0,2r2rk1/p3R1pp/8/1p1p4/3P4/q1P3PP/P2Q3K/4R3 b - - 4 29,c8c3 d2g5 c3c2 h2g1 c2g2 g1h1 g2g3 e7g7 g8h8 g5g3 a3g3 g7g3,2768,crushing defensiveMove endgame veryLong,18
uQXSh,r2q1rk1/3p1Rp1/2n1p2p/p2bP2Q/Np6/1P1B4/P1P5/2K2R2 b - - 0 24,f8f7 h5f7 g8h8 f1f6 d8g8 f7h5,2768,crushing kingsideAttack long middlegame,22
JGGEg,6k1/p4pp1/1p5p/2p1P3/5P2/P2Q1KP1/1q4P1/8 b - - 0 35,b2d4 d3d4 c5d4 f3e4 g8f8 e4d4 f8e7 d4c4 e7e6 c4b5,2769,crushing endgame queenEndgame veryLong,15
mgDO5,8/8/5p2/1p6/1P1BP1k1/3K4/1b6/8 b - - 1 61,b2c1 d4f6 c1h6 f6c3,2769,bishopEndgame crushing defensiveMove endgame short,8
vAFS1,8/8/p5p1/1p1k2Kp/1P6/6P1/P7/8 b - - 1 37,d5e4 g5g6 e4f3 g6h5 f3g3 h5g5 g3f2 g5f6,2769,crushing defensiveMove endgame pawnEndgame veryLong zugzwang,9
CHuE9,r4nrk/1pp3b1/3p3p/p4qN1/P3pB2/7R/1P3P1Q/5KR1 b - - 0 35,f8h7 g5h7 e4e3 h7g5,2770,advantage defensiveMove master middlegame pin short,21
DTwAP,3r2k1/3q1pp1/1p5P/p2p4/3P4/2PRNQP1/1r3PK1/8 b - - 0 34,g7h6 e3f5 g8h7 d3e3,2770,clearance crushing defensiveMove endgame master short,18
GsuHG,8/1R3k1p/8/2B2KP1/5P2/2b5/1p6/1r6 b - - 1 49,f7g8 g5g6 c3e5 g6h7 g8h8 f5e5,2770,advancedPawn crushing endgame long,10
LRsWD,3r2k1/2R2p2/4p1bQ/2N5/p5Pp/8/1P3P1K/1q6 b - - 2 33,b1f1 c5e4 g6e4 h6g5 e4g6 g5d8,2770,advantage endgame fork long quietMove sacrifice,15
78pyx,2r1r1k1/1bp4p/1p4pB/p4pP1/2R5/P2P4/Q1P2RPK/4q3 b - - 3 28,g8h8 c4e4 e1c3 e4e8 c8e8 a2f7 c3e5 h2h3 e8d8 f2e2,2771,advantage middlegame veryLong,21
UhKj2,2r1qrk1/1b3pbp/1p1pp1p1/2p5/p1P1PPN1/PnBPQ1N1/1P4PP/R4RK1 b - - 3 20,b3a1 g4f6 g7f6 c3f6 a1c2 e3d2,2771,crushing fork long middlegame,30
RGYPC,8/1p1k4/p2PRK2/r7/4Bp2/4nP2/8/8 b - - 0 53,b7b5 e4g6 e3d5 f6e5 b5b4 g6e8 d7c8 e5d4 d5c7 d6c7,2772,advancedPawn advantage defensiveMove endgame exposedKing quietMove veryLong,11
SMkSk,2k5/3R1N2/p1P1p1r1/r2p4/6pP/8/5P2/6K1 b - - 4 39,a5c5 h4h5 g6g8 h5h6 c5c6 h6h7 g8f8 d7d8 f8d8 f7d8,2772,advancedPawn advantage endgame exposedKing veryLong,13
DvL8J,r3r3/6k1/pq4p1/1p3R1p/3pp2P/P5Q1/1PP3P1/4R2K b - - 2 27,g7h7 f5f7 h7g8 e1f1 e8f8 g3b3,2773,crushing endgame long master quietMove,19
wvTaC,8/5p2/p3p1kp/4P1p1/2P5/P1Br1P2/1K4PP/8 b - - 1 40,d3e3 b2c2 f7f5 e5f6 e3e2 c2d3 e2g2 c4c5,2773,crushing defensiveMove enPassant endgame veryLong,15
ZdMeX,8/8/2pp2pp/3k1p2/1P1P1P2/3K2PP/8/8 b - - 0 39,g6g5 f4g5 h6g5 h3h4 f5f4 h4g5,2774,crushing endgame long pawnEndgame,12
eXRpC,q7/p3p2k/3p1pbP/6P1/3B3P/4Q3/1Pr5/3K2R1 b - - 1 35,a8e4 e3e4 g6e4 g1e1,2774,crushing endgame short,16
pLhQg,r1bq3r/pp1n1kpp/1b3n2/2p5/2Np4/5Q1P/PPP2PP1/RNB1R1K1 b - - 3 16,h8f8 f3b3 f6d5 c4d6,2774,advantage opening pin short,27
3ushO,r4bk1/1bq1rppp/ppn1p2B/4P3/3p4/2PB1NQ1/P1P2RPP/5RK1 b - - 1 19,d4c3 d3h7 g8h7 f3g5 h7g8 g3d3 f7f5 e5f6,2775,attraction clearance crushing enPassant kingsideAttack middlegame pin sacrifice veryLong,27
Z8D8B,6k1/3P1p2/2p3p1/p7/4KP1b/B2R3R/P1q5/8 b - - 2 41,f7f5 e4e5 h4d8 a3e7 c2e2 h3e3 e2b2 e5e6,2775,crushing defensiveMove endgame veryLong,14
z0jZy,r3k1r1/pp3p2/2bpp2b/q3P3/7p/2N4B/PPQ3PP/4RRK1 b q - 0 18,d6e5 c2h7 a5c5 f1f2 e8c8 h7h6,2775,advantage defensiveMove fork long middlegame,23
Kercw,5rk1/pp2bppp/1qn1p3/2prP3/P2PN3/1PPQ1N2/5RPP/5RK1 b - - 1 18,c5d4 f3g5 e7g5 e4g5 f7f5 g5e6 c6e5 f2f5 f8f6 f5f6,2776,advantage middlegame veryLong,26
RX5rY,7k/p2Q2b1/2n3pp/2q2P1b/8/2P3BP/Pr6/4RR1K b - - 0 26,c5c3 e1e8 h8h7 d7d5 g6f5 d5g8,2776,advantage long middlegame,18
fISeg,2Q2kr1/p3r3/4p3/1p6/2pP3R/2P3P1/PP3PK1/2q5 b - - 2 32,e7e8 c8c7 c1g5 h4f4 g5f4 c7f4,2777,crushing endgame exposedKing long,17
vqVVK,5n2/8/8/2Pk3K/4p2P/6P1/5P2/8 b - - 0 51,f8e6 c5c6 d5c6 h5g6,2777,crushing defensiveMove endgame knightEndgame master masterVsMaster short,8
l6uCQ,r1b2k1r/pp4pp/5n2/b1p3N1/2Pq1P2/2N5/PP4PP/R1Q1R2K b - - 4 18,d4c4 c1e3 c8d7 b2b3 a8e8 b3c4 e8e3 e1e3,2778,advantage middlegame veryLong,24
dqh2z,8/8/pp6/3pkppp/P7/2PK1PPP/1P6/8 b - - 0 32,b6b5 a4b5 a6b5 d3e3 f5f4 g3f4 g5f4 e3d3,2779,crushing defensiveMove endgame pawnEndgame veryLong,14
62hir,2k3r1/Qp4q1/p1p4p/P2p4/5p2/2Pr4/P3R1P1/1R4K1 b - - 1 30,f4f3 e2e8 g8e8 a7a8 c8c7 a8b7 c7d6 b7g7,2780,advantage endgame queensideAttack sacrifice skewer veryLong,18
BGDDJ,3r2k1/p4rpp/4Q3/2q1p2P/3p4/3P4/PP1K1P2/R5R1 b - - 2 27,d8d6 e6e8 f7f8 g1g7 g8g7 e8e7 g7g8 a1g1,2780,advantage attraction deflection endgame pin sacrifice veryLong,18
gQxH8,7r/Pkqn2p1/2p3r1/Np2p3/1P2P2p/3B1n2/2Q2P2/RR3K2 b - - 2 30,b7a7 a5c6 a7b6 c2a2 h8a8 a2a8,2780,advantage discoveredCheck doubleCheck long middlegame quietMove,21
mi2Z4,2b2r2/1rp1q3/p3p2k/4Pp1p/3P3P/2P1Q3/P1K2P2/3R2R1 b - - 3 28,h6h7 g1g5 e7e8 e3f3 f8g8 g5h5 h7g7 d1g1 g7f7 h5h7 f7f8 f3f4 b7b2 c2b2,2780,crushing exposedKing middlegame veryLong,20
bqncg,2kr2r1/1p2bpB1/2p4P/p7/5q2/2p4Q/PP3PR1/1K1R4 b - - 1 30,c8b8 d1d8 g8d8 h3h2 f4h2 g2h2,2781,advantage long middlegame,19
mVABq,8/1p4k1/2p2b1p/PP6/2P1K1P1/8/2nB4/8 b - - 0 50,c2a3 b5c6 b7c6 e4d3,2781,crushing defensiveMove endgame master short,12
zS06E,4r3/p4k2/2Q1pp1r/6p1/2P5/7P/q5P1/R4R1K b - - 3 31,a2e2 a1a7 e8e7 a7e7 f7e7 c6b7,2781,attraction crushing endgame long,15
2iS4R,2q1k1r1/pb4p1/3RP3/2p2P1p/8/2B5/P2R2PP/6K1 b - - 3 34,a7a6 f5f6 g7f6 c3f6 g8g2 d2g2 b7g2 e6e7 c8c6 d6d8,2782,advancedPawn advantage endgame veryLong,17
3rrs4,8/4N1p1/2k4p/1p2p3/1P1nP2P/4K3/6P1/8 b - - 5 40,c6d6 e7f5 d4f5 e4f5 d6d5 h4h5 d5c4 g2g4,2782,crushing defensiveMove endgame knightEndgame quietMove veryLong,12
GjTct,8/1b4pk/4P3/3p1N2/1q4n1/3P1Q2/1r4PP/5R1K b - - 0 32,d5d4 f3g4 b2g2 g4h4 h7g6 f5e7 b4e7 h4e7,2782,advantage middlegame veryLong,15
ODSSF,8/1R3kp1/7p/5K1P/5P2/1p4P1/8/1r6 b - - 3 41,f7e8 f5g6 b3b2 g6g7 b1g1 b7b2 g1g3 g7f6,2782,crushing defensiveMove endgame rookEndgame veryLong,10
WTXmc,3qr1k1/p4pbp/1p6/4B3/3r4/5Q1P/PP3P1N/3R1RK1 b - - 0 22,e8e5 d1d4 d8d4 f3a8 g7f8 a8g2 g8h8 h2f3 d4b2 f3e5,2782,crushing fork middlegame veryLong,19
9a5p5,5rk1/pb1p2bp/2q1p3/4Q1N1/2p5/2P2RB1/PP5P/5RK1 b - - 0 26,g7e5 f3f8 g8g7 g3e5 g7h6 f1f3 c6c5 e5d4 c5g5 f3g3,2783,advantage intermezzo middlegame quietMove veryLong,20
AC5Zk,2r2rk1/1p2Qp1p/pq1p2p1/3Pn3/1P6/P6P/4BPPK/2R2R2 b - - 2 21,f8e8 c1c8 e8c8 f2f4 e5c4 e2c4,2783,crushing long middlegame pin,22
H47co,8/1P2kp2/3N2pp/4p3/2Nq3P/6K1/5PP1/8 b - - 0 43,d4c3 g3h2 c3b4 d6c8 e7e6 c8b6,2783,advantage defensiveMove endgame long master,13
RGsQT,r4rk1/1pp1pp2/1n4p1/p3Q1PB/1qP5/8/1P4P1/3R1K1R b - - 2 23,g6h5 h1h5 f7f6 g5f6 f8f6 f1g1,2783,advantage defensiveMove long middlegame,20
VGGl4,R2b2rk/2pb1p2/1q4n1/2pPp2p/4Pp2/3B1N1P/5PPN/Q6K b - - 3 33,d8f6 a8a6 b6b3 a6f6 b3d3 f6f7,2784,crushing long master middlegame skewer,23
pblxd,5r2/pp2kp1Q/2n2BpP/8/1pP5/1N3R2/P1K5/4rBq1 b - - 1 30,e7e6 f1h3 e6d6 h7g7 e1e2 b3d2,2784,advantage long middlegame,19
HhMNa,r7/1Q6/pn1p2pk/1p6/2p4q/3Pr1NB/PPP4K/6R1 b - - 4 29,h4d4 b7f7 d4e5 d3d4,2785,advantage middlegame short,19
5vxhd,3r1r1k/qb3ppp/p3p1n1/4b1N1/2B5/6N1/P3Q1PP/1R1R3K b - - 4 23,g6f4 g5f7 h8g8 f7d8,2786,advantage kingsideAttack middlegame short,22
60flx,8/7p/1R2k3/P4p2/P3p2K/4r2P/8/8 b - - 1 39,e6e5 a5a6 e3a3 b6b4 e4e3 h4g3 e3e2 g3f2 e2e1q f2e1,2786,crushing defensiveMove endgame rookEndgame veryLong,10
Vy5yC,3r2k1/p4ppp/1p2p3/n3P3/1b1P1B2/3BQP2/q4P1P/6RK b - - 3 22,a5c4 g1g7 g8g7 f4h6 g7h8 e3e4 a2a1 d3b1 a1b1 e4b1,2786,attraction crushing middlegame sacrifice veryLong,21
877gR,8/p7/K3k2n/8/P1P5/1P6/8/8 b - - 4 51,h6f5 a6a7 e6d7 a7b6,2787,crushing defensiveMove endgame knightEndgame master short,7
n52M7,8/8/p1bkp3/P1p2ppp/NPP5/1K2PP1P/6P1/8 b - - 1 37,c6a4 b3a4 c5b4 a4b4 h5h4 f3f4,2787,crushing endgame long,17
7HJTw,6k1/1p4p1/4prPq/4p2P/p4pQ1/8/5R2/6K1 b - - 0 44,f6f5 f2c2 g8f8 g4d1,2788,crushing defensiveMove endgame quietMove short,14
9FKCP,2kr3r/p1q2ppp/4p3/1Rp3P1/8/5P2/P3Q2P/1R4K1 b - - 1 25,d8d5 e2b2 c7f4 b5b8 c8d7 b2b7 d7d6 b7a6 d6e5 a6e2,2788,advantage endgame exposedKing queensideAttack veryLong,18
AWo99,4r2r/1PpN1k2/7p/3B4/3P1Pq1/2P3pp/8/R3R1K1 b - - 0 33,f7g6 e1e8 h8e8 d7e5 e8e5 b7b8q,2788,advancedPawn crushing deflection fork long middlegame promotion,17
GTgM9,5rk1/pp3ppp/8/3p1bqP/8/2P1RQ2/1r6/2K1R3 b - - 3 37,f8c8 f3f5 b2b1 c1d2,2789,advantage defensiveMove middlegame short,17
UxyxN,2r2k2/pp2np1p/5Qb1/8/3N4/P3q2P/1P2B1P1/5R1K b - - 1 29,c8c1 d4e6 e3e6 f6h8 e7g8 f1c1 e6e2 c1c8 f8e7 h8d4 g8f6 d4d8 e7e6 d8e8 f6e8 c8e8 e6d5 e8e2,2789,crushing master middlegame pin sacrifice skewer veryLong,18
O1Bc3,4Rr1k/pp3P2/8/8/2Q3n1/q1P5/P4PP1/6K1 b - - 5 30,g4f6 e8e3 f8f7 c4f7 a3c1 g1h2,2790,advantage endgame long quietMove,14
RrM9Y,r4b1r/1p3ppp/p2kp3/4n2n/B3P2q/2N1BP2/PP1Q1P1P/R5K1 b - - 1 16,d6e7 c3d5 e6d5 e3g5 f7f6 d2b4 e7f7 b4b7,2791,advantage fork middlegame sacrifice veryLong,25
hDcVU,rnb5/ppp2ppk/8/4q3/8/2bQ4/P1P3PP/1R3R1K b - - 1 18,g7g6 f1f7 h7h6 d3d8 b8c6 d8f8 e5g7 f7g7,2791,advantage middlegame veryLong,19
HYNQp,3k2Q1/1p2br2/p1q5/8/4R3/P5P1/1PP2PK1/8 b - - 2 41,d8c7 f2f3 c6f6 e4c4 e7c5 c4c5 c7b6 c5c3,2792,crushing defensiveMove endgame quietMove veryLong,14
iMdtZ,6k1/pp5p/2p1PKp1/5p2/1PQ2R1P/2P1q3/P2r4/8 b - - 1 38,d2d6 f4d4 e3h6 f6e5 h6g7 e5d6,2792,crushing endgame long,17
WE0U9,6k1/2nr1p2/p3p1pp/2B1P3/1P1P1Q2/1q4P1/7P/5RK1 b - - 8 41,g8g7 c5e7 d7e7 f4f6 g7g8 f6e7,2793,attraction crushing endgame fork long quietMove sacrifice,18
li9g6,r3br1k/5q1p/3b3B/p3p3/1p1p3Q/8/PPP4P/2KR2R1 b - - 1 34,e8a4 h6g7 f7g7 g1g7 h8g7 d1g1 g7f7 h4h6 a8a6 g1f1,2793,attraction crushing fork middlegame veryLong,20
8USYZ,3r4/p1p3k1/1p2rppp/2P5/PP1q4/1Q1npP2/4B1PP/1R3RK1 b - - 0 27,e6e8 f1d1 d3f4 e2b5 f4h3 g2h3,2794,advantage long middlegame,23
3TMSj,8/4k3/p2P4/4P2p/3K1P2/8/P6n/8 b - - 0 40,e7e6 f4f5 e6d7 d4d5 h2g4 f5f6,2795,crushing endgame knightEndgame long,9
M1SCN,r3r1k1/ppp2ppp/5b1B/2n1qN2/6Q1/2P5/PP4PP/R4RK1 b - - 0 17,c5e4 f5g7 f6g7 f1f5 g8h8 f5e5,2795,advantage long middlegame pin sacrifice,23
2jhBm,8/8/p3kppp/1pp5/5KP1/2PP3P/PP6/8 b - - 0 29,f6f5 g4f5 g6f5 b2b4 c5b4 c3b4,2796,crushing endgame long pawnEndgame,14
JWW7M,5b2/p2Pqpkp/2p5/2p5/2P2B2/1P1R2P1/P5KP/8 b - - 2 45,e7d8 f4e5 g7g6 e5c7 d8c7 d7d8q,2796,advancedPawn advantage endgame long promotion,17
soK6e,6k1/5p1p/2P1p3/1Q1pPpq1/1B6/5K1P/r7/5N2 b - - 2 36,f5f4 b5b8 g8g7 b4f8 g7g6 b8b1 g5f5 b1a2,2796,crushing endgame fork veryLong,15
Dmg6Q,1r1qr3/2p3kp/3b1p2/3Q3R/pP1Pp3/2P5/P5PP/5RK1 b - - 6 27,e4e3 h5h7 g7h7 d5f7 h7h8 f1f3 d8d7 f7d7,2797,attraction crushing middlegame sacrifice veryLong,20
d7Mxm,3rr1k1/p6p/1p2P1p1/2p5/5P2/1PQ3P1/q6P/3R1RK1 b - - 0 27,a2e2 d1d7 d8d7 e6d7 e8d8 f1e1 e2e1 c3e1,2797,advancedPawn collinearMove crushing endgame veryLong,18
kfAf9,8/7p/8/1p1kpp2/6P1/1P1K1P2/7P/8 b - - 0 36,e5e4 f3e4 f5e4 d3e3 d5e5 h2h3 b5b4 h3h4,2798,crushing defensiveMove endgame pawnEndgame quietMove veryLong zugzwang,10
5bt3A,8/5pp1/8/p3pPKP/Pp2k3/1P6/8/8 b - - 0 36,e4d5 f5f6 g7f6 g5h4 f6f5 h5h6,2799,crushing defensiveMove endgame long pawnEndgame,11
Pt1rG,2r5/1b3pk1/p1pq2p1/1pRnNpQp/3P3P/6P1/P4P2/2R3K1 b - - 1 32,c8e8 g5h6 g7h6 e5f7 h6g7 f7d6,2799,advantage attraction deflection fork long master middlegame sacrifice,22
RE9LS,r2q1rk1/ppp1bpp1/3p1n1p/n3p3/2B1P1bB/2NP1N2/PPPQ1P1P/2KR2R1 b - - 1 11,g4f3 h4f6 e7f6 d2h6 f3d1 c3d5 a5c4 d5f6 d8f6 h6f6,2799,advantage kingsideAttack middlegame pin sacrifice veryLong,31
VMB1Z,8/8/5p2/4pk2/1R3r2/2P1K3/5P2/8 b - - 1 51,f4b4 c3b4 f5e6 e3f3 e6d5 f3g4,2799,crushing defensiveMove endgame long,8
e5nTk,2r2kr1/4Rp1p/p4P2/1p3NP1/n6P/2b5/2P5/1K1R4 b - - 3 28,c3b4 e7c7 a4c3 b1a1 c8e8 f5h6,2799,crushing defensiveMove long master middlegame,17
